00:00:05.961145 VirtualBox VM 7.2.14 r174565 win.amd64 (Jul 17 2026 17:55:03) release log
00:00:05.961147 Log opened 2026-07-28T06:16:52.497845200Z
00:00:05.961148 Build Type: release
00:00:05.961150 OS Product: Windows 10
00:00:06.030629 OS Release: 10.0.19045.6456
00:00:06.030634 OS Service Pack: 
00:00:06.099871 DMI Product Name: System Product Name
00:00:06.102726 DMI Product Version: System Version
00:00:06.102732 Firmware type: BIOS
00:00:06.102741 Host RAM: 32706MB (31.9GB) total, 27794MB (27.1GB) available
00:00:06.102750 Executable: C:\Program Files\Oracle\VirtualBox\VirtualBoxVM.exe
00:00:06.102750 Process ID: 2908
00:00:06.102751 Package type: WINDOWS_64BITS_GENERIC
00:00:06.102751 Windows Features:
00:00:06.102751   Core Isolation (Memory Integrity): Not supported
00:00:06.103386 Installed Extension Packs:
00:00:06.103399   None installed!
00:00:06.104020 Console: Machine state changed to 'Starting'
00:00:06.104179 GUI: Qt version: 6.8.0
00:00:06.104189 GUI: HID LEDs sync is enabled
00:00:06.109452 GUI: UIMediumEnumerator: Medium-enumeration finished!
00:00:06.134005 GUI: Cannot notify guest about VM window out-of-focus event
00:00:06.146152 GUI: UIMediumEnumerator: Medium-enumeration finished!
00:00:06.185908 SUP: seg #0: R   0x00000000 LB 0x00001000
00:00:06.185921 SUP: seg #1: R X 0x00001000 LB 0x00205000
00:00:06.185925 SUP: seg #2: R   0x00206000 LB 0x00053000
00:00:06.185929 SUP: seg #3: RW  0x00259000 LB 0x00013000
00:00:06.185933 SUP: seg #4: R   0x0026c000 LB 0x00013000
00:00:06.185936 SUP: seg #5: RW  0x0027f000 LB 0x00004000
00:00:06.185939 SUP: seg #6: R   0x00283000 LB 0x00007000
00:00:06.185943 SUP: seg #7: R X 0x0028a000 LB 0x00002000
00:00:06.185946 SUP: seg #8: R   0x0028c000 LB 0x00007000
00:00:06.187976 SUP: Loaded VMMR0.r0 (C:\Program Files\Oracle\VirtualBox/VMMR0.r0) at 0xXXXXXXXXXXXXXXXX - ModuleInit at XXXXXXXXXXXXXXXX and ModuleTerm at XXXXXXXXXXXXXXXX using the native ring-0 loader
00:00:06.188005 SUP: VMMR0EntryEx located at XXXXXXXXXXXXXXXX and VMMR0EntryFast at XXXXXXXXXXXXXXXX
00:00:06.188008 SUP: windbg> .reload /f C:\Program Files\Oracle\VirtualBox/VMMR0.r0=0xXXXXXXXXXXXXXXXX
00:00:06.193309 Guest architecture: x86
00:00:06.193371 Guest OS type: 'Other_64'
00:00:06.194173 fHMForced=true - No raw-mode support in this build!
00:00:06.194185 Using execution engine 1
00:00:06.198461 File system of 'C:\Users\mate\Desktop\LatterOS\dist\virtualbox\latteros-installed.vdi' is ntfs
00:00:06.217482 Shared Clipboard: Initialized OLE
00:00:06.217517 Shared Clipboard: Service loaded
00:00:06.217528 Shared Clipboard: Mode: Off
00:00:06.217581 Shared Clipboard: Service running in normal mode
00:00:06.227965 Drag and drop service loaded
00:00:06.227975 Drag and drop mode: Off
00:00:06.229246 Audio: Detected default audio driver type is 'HostAudioWas'
00:00:06.234061 Per-VM extradata API settings:
00:00:06.234071   VBoxInternal2/EfiGraphicsResolution="1280x800"
00:00:06.234395 ************************* CFGM dump *************************
00:00:06.234401 [/] (level 0)
00:00:06.234403   CpuExecutionCap   <integer> = 0x0000000000000064 (100)
00:00:06.234404   EnablePAE         <integer> = 0x0000000000000001 (1)
00:00:06.234405   HMEnabled         <integer> = 0x0000000000000001 (1)
00:00:06.234406   MemBalloonSize    <integer> = 0x0000000000000000 (0, 0 B)
00:00:06.234412   Name              <string>  = "LatterOS 0.20.3 RC1" (cb=20)
00:00:06.234412   NumCPUs           <integer> = 0x0000000000000004 (4)
00:00:06.234413   PageFusionAllowed <integer> = 0x0000000000000000 (0)
00:00:06.234414   RamHoleSize       <integer> = 0x0000000024000000 (603 979 776, 576.0 MiB)
00:00:06.234415   RamSize           <integer> = 0x0000000080000000 (2 147 483 648, 2.0 GiB)
00:00:06.234416   TimerMillies      <integer> = 0x000000000000000a (10)
00:00:06.234417   UUID              <bytes>   = "ad 41 8b db db 27 ed 49 9f 4c 46 4b f0 82 c1 f1" (cb=16)
00:00:06.234418 
00:00:06.234419 [/CPUM/] (level 1)
00:00:06.234420   Enable64bit        <integer> = 0x0000000000000001 (1)
00:00:06.234420   GuestCpuName       <string>  = "host" (cb=5)
00:00:06.234421   NestedHWVirt       <integer> = 0x0000000000000000 (0)
00:00:06.234421   PortableCpuIdLevel <integer> = 0x0000000000000000 (0)
00:00:06.234422   SpecCtrl           <integer> = 0x0000000000000000 (0)
00:00:06.234422 
00:00:06.234422 [/CPUM/IsaExts/] (level 2)
00:00:06.234423 
00:00:06.234423 [/DBGC/] (level 1)
00:00:06.234424   GlobalInitScript <string>  = "C:\Users\mate\.VirtualBox/dbgc-init" (cb=36)
00:00:06.234424   HistoryFile      <string>  = "C:\Users\mate\.VirtualBox/dbgc-history" (cb=39)
00:00:06.234425   LocalInitScript  <string>  = "C:\Users\mate\Desktop\LatterOS\dist\virtualbox\LatterOS 0.20.3 RC1/dbgc-init" (cb=77)
00:00:06.234425 
00:00:06.234426 [/DBGF/] (level 1)
00:00:06.234426   Path <string>  = "C:\Users\mate\Desktop\LatterOS\dist\virtualbox\LatterOS 0.20.3 RC1/debug/;C:\Users\mate\Desktop\LatterOS\dist\virtualbox\LatterOS 0.20.3 RC1/;cache*C:\Users\mate\Desktop\LatterOS\dist\virtualbox\LatterOS 0.20.3 RC1/dbgcache/;C:\Users\mate\" (cb=240)
00:00:06.234427 
00:00:06.234427 [/Devices/] (level 1)
00:00:06.234427 
00:00:06.234428 [/Devices/3c501/] (level 2)
00:00:06.234428 
00:00:06.234428 [/Devices/8237A/] (level 2)
00:00:06.234429 
00:00:06.234429 [/Devices/8237A/0/] (level 3)
00:00:06.234430   Trusted <integer> = 0x0000000000000001 (1)
00:00:06.234430 
00:00:06.234431 [/Devices/VMMDev/] (level 2)
00:00:06.234431 
00:00:06.234431 [/Devices/VMMDev/0/] (level 3)
00:00:06.234432   PCIBusNo      <integer> = 0x0000000000000000 (0)
00:00:06.234433   PCIDeviceNo   <integer> = 0x0000000000000004 (4)
00:00:06.234433   PCIFunctionNo <integer> = 0x0000000000000000 (0)
00:00:06.234434   Trusted       <integer> = 0x0000000000000001 (1)
00:00:06.234434 
00:00:06.234434 [/Devices/VMMDev/0/Config/] (level 4)
00:00:06.234435   GuestCoreDumpDir <string>  = "C:\Users\mate\Desktop\LatterOS\dist\virtualbox\LatterOS 0.20.3 RC1\Snapshots" (cb=77)
00:00:06.234436 
00:00:06.234436 [/Devices/VMMDev/0/LUN#0/] (level 4)
00:00:06.234436   Driver <string>  = "HGCM" (cb=5)
00:00:06.234437 
00:00:06.234437 [/Devices/VMMDev/0/LUN#0/Config/] (level 5)
00:00:06.234438 
00:00:06.234438 [/Devices/VMMDev/0/LUN#999/] (level 4)
00:00:06.234439   Driver <string>  = "MainStatus" (cb=11)
00:00:06.234439 
00:00:06.234439 [/Devices/VMMDev/0/LUN#999/Config/] (level 5)
00:00:06.234440   First                <integer> = 0x0000000000000000 (0)
00:00:06.234441   HasMediumAttachments <integer> = 0x0000000000000000 (0)
00:00:06.234441   Last                 <integer> = 0x0000000000000000 (0)
00:00:06.234442   iLedSet              <integer> = 0x0000000000000002 (2)
00:00:06.234442 
00:00:06.234442 [/Devices/acpi/] (level 2)
00:00:06.234443 
00:00:06.234443 [/Devices/acpi/0/] (level 3)
00:00:06.234444   PCIBusNo      <integer> = 0x0000000000000000 (0)
00:00:06.234444   PCIDeviceNo   <integer> = 0x0000000000000007 (7)
00:00:06.234445   PCIFunctionNo <integer> = 0x0000000000000000 (0)
00:00:06.234445   Trusted       <integer> = 0x0000000000000001 (1)
00:00:06.234445 
00:00:06.234446 [/Devices/acpi/0/Config/] (level 4)
00:00:06.234446   CpuHotPlug          <integer> = 0x0000000000000000 (0)
00:00:06.234449   FdcEnabled          <integer> = 0x0000000000000000 (0)
00:00:06.234450   HostBusPciAddress   <integer> = 0x00000000001e0000 (1 966 080)
00:00:06.234451   HpetEnabled         <integer> = 0x0000000000000001 (1)
00:00:06.234451   IOAPIC              <integer> = 0x0000000000000001 (1)
00:00:06.234452   IocPciAddress       <integer> = 0x00000000001f0000 (2 031 616)
00:00:06.234452   McfgBase            <integer> = 0x00000000dc000000 (3 690 987 520)
00:00:06.234453   McfgLength          <integer> = 0x0000000004000000 (67 108 864)
00:00:06.234454   NumCPUs             <integer> = 0x0000000000000004 (4)
00:00:06.234454   Parallel0IoPortBase <integer> = 0x0000000000000000 (0)
00:00:06.234455   Parallel0Irq        <integer> = 0x0000000000000000 (0)
00:00:06.234455   Parallel1IoPortBase <integer> = 0x0000000000000000 (0)
00:00:06.234456   Parallel1Irq        <integer> = 0x0000000000000000 (0)
00:00:06.234456   PciPref64Enabled    <integer> = 0x0000000000000001 (1)
00:00:06.234457   Serial0IoPortBase   <integer> = 0x0000000000000000 (0)
00:00:06.234457   Serial0Irq          <integer> = 0x0000000000000000 (0)
00:00:06.234457   Serial1IoPortBase   <integer> = 0x0000000000000000 (0)
00:00:06.234458   Serial1Irq          <integer> = 0x0000000000000000 (0)
00:00:06.234458   ShowCpu             <integer> = 0x0000000000000001 (1)
00:00:06.234459   ShowRtc             <integer> = 0x0000000000000001 (1)
00:00:06.234459   SmcEnabled          <integer> = 0x0000000000000000 (0)
00:00:06.234460 
00:00:06.234460 [/Devices/acpi/0/LUN#0/] (level 4)
00:00:06.234461   Driver <string>  = "ACPIHost" (cb=9)
00:00:06.234461 
00:00:06.234461 [/Devices/acpi/0/LUN#0/Config/] (level 5)
00:00:06.234462 
00:00:06.234462 [/Devices/acpi/0/LUN#1/] (level 4)
00:00:06.234463   Driver <string>  = "ACPICpu" (cb=8)
00:00:06.234463 
00:00:06.234463 [/Devices/acpi/0/LUN#1/Config/] (level 5)
00:00:06.234464 
00:00:06.234464 [/Devices/acpi/0/LUN#2/] (level 4)
00:00:06.234465   Driver <string>  = "ACPICpu" (cb=8)
00:00:06.234465 
00:00:06.234465 [/Devices/acpi/0/LUN#2/Config/] (level 5)
00:00:06.234466 
00:00:06.234466 [/Devices/acpi/0/LUN#3/] (level 4)
00:00:06.234467   Driver <string>  = "ACPICpu" (cb=8)
00:00:06.234467 
00:00:06.234467 [/Devices/acpi/0/LUN#3/Config/] (level 5)
00:00:06.234468 
00:00:06.234468 [/Devices/ahci/] (level 2)
00:00:06.234469 
00:00:06.234469 [/Devices/ahci/0/] (level 3)
00:00:06.234470   PCIBusNo      <integer> = 0x0000000000000000 (0)
00:00:06.234470   PCIDeviceNo   <integer> = 0x000000000000001f (31)
00:00:06.234471   PCIFunctionNo <integer> = 0x0000000000000002 (2)
00:00:06.234471   Trusted       <integer> = 0x0000000000000001 (1)
00:00:06.234471 
00:00:06.234472 [/Devices/ahci/0/Config/] (level 4)
00:00:06.234472   Bootable  <integer> = 0x0000000000000001 (1)
00:00:06.234473   PortCount <integer> = 0x0000000000000004 (4)
00:00:06.234473 
00:00:06.234473 [/Devices/ahci/0/Config/Port0/] (level 5)
00:00:06.234474   Hotpluggable <integer> = 0x0000000000000000 (0)
00:00:06.234474 
00:00:06.234475 [/Devices/ahci/0/LUN#0/] (level 4)
00:00:06.234475   Driver <string>  = "VD" (cb=3)
00:00:06.234476 
00:00:06.234476 [/Devices/ahci/0/LUN#0/Config/] (level 5)
00:00:06.234476   Format    <string>  = "VDI" (cb=4)
00:00:06.234477   Mountable <integer> = 0x0000000000000000 (0)
00:00:06.234477   Path      <string>  = "C:\Users\mate\Desktop\LatterOS\dist\virtualbox\latteros-installed.vdi" (cb=70)
00:00:06.234478   Type      <string>  = "HardDisk" (cb=9)
00:00:06.234478 
00:00:06.234478 [/Devices/ahci/0/LUN#0/Config/VDConfig/] (level 6)
00:00:06.234479   AllocationBlockSize <string>  = "1048576" (cb=8)
00:00:06.234480 
00:00:06.234480 [/Devices/ahci/0/LUN#999/] (level 4)
00:00:06.234480   Driver <string>  = "MainStatus" (cb=11)
00:00:06.234481 
00:00:06.234481 [/Devices/ahci/0/LUN#999/Config/] (level 5)
00:00:06.234482   DeviceInstance       <string>  = "ahci/0" (cb=7)
00:00:06.234482   First                <integer> = 0x0000000000000000 (0)
00:00:06.234483   HasMediumAttachments <integer> = 0x0000000000000001 (1)
00:00:06.234485   Last                 <integer> = 0x0000000000000003 (3)
00:00:06.234486   iLedSet              <integer> = 0x0000000000000001 (1)
00:00:06.234486 
00:00:06.234486 [/Devices/apic/] (level 2)
00:00:06.234487 
00:00:06.234487 [/Devices/apic/0/] (level 3)
00:00:06.234488   Trusted <integer> = 0x0000000000000001 (1)
00:00:06.234488 
00:00:06.234488 [/Devices/apic/0/Config/] (level 4)
00:00:06.234489   IOAPIC  <integer> = 0x0000000000000001 (1)
00:00:06.234489   Mode    <integer> = 0x0000000000000002 (2)
00:00:06.234490   NumCPUs <integer> = 0x0000000000000004 (4)
00:00:06.234490 
00:00:06.234490 [/Devices/dp8390/] (level 2)
00:00:06.234491 
00:00:06.234491 [/Devices/e1000/] (level 2)
00:00:06.234492 
00:00:06.234492 [/Devices/efi/] (level 2)
00:00:06.234492 
00:00:06.234493 [/Devices/efi/0/] (level 3)
00:00:06.234493   Trusted <integer> = 0x0000000000000001 (1)
00:00:06.234494 
00:00:06.234494 [/Devices/efi/0/Config/] (level 4)
00:00:06.234495   64BitEntry         <integer> = 0x0000000000000001 (1)
00:00:06.234495   APIC               <integer> = 0x0000000000000001 (1)
00:00:06.234496   BootArgs           <string>  = "" (cb=1)
00:00:06.234496   DeviceProps        <string>  = "" (cb=1)
00:00:06.234496   DmiSystemSerial    <string>  = "VirtualBox-<DmiSystemUuid>" (cb=27)
00:00:06.234497   EfiRom             <string>  = "VBoxEFI-amd64.fd" (cb=17)
00:00:06.234498   GraphicsResolution <string>  = "1280x800" (cb=9)
00:00:06.234498   IOAPIC             <integer> = 0x0000000000000001 (1)
00:00:06.234498   McfgBase           <integer> = 0x00000000dc000000 (3 690 987 520)
00:00:06.234499   McfgLength         <integer> = 0x0000000004000000 (67 108 864)
00:00:06.234500   NumCPUs            <integer> = 0x0000000000000004 (4)
00:00:06.234500   NvramFile          <string>  = "C:\Users\mate\Desktop\LatterOS\dist\virtualbox\LatterOS 0.20.3 RC1\LatterOS 0.20.3 RC1.nvram" (cb=93)
00:00:06.234501   UUID               <bytes>   = "ad 41 8b db db 27 ed 49 9f 4c 46 4b f0 82 c1 f1" (cb=16)
00:00:06.234503   UuidLe             <integer> = 0x0000000000000001 (1)
00:00:06.234503 
00:00:06.234503 [/Devices/efi/0/LUN#0/] (level 4)
00:00:06.234504   Driver <string>  = "NvramStore" (cb=11)
00:00:06.234504 
00:00:06.234504 [/Devices/hpet/] (level 2)
00:00:06.234505 
00:00:06.234505 [/Devices/hpet/0/] (level 3)
00:00:06.234506   Trusted <integer> = 0x0000000000000001 (1)
00:00:06.234506 
00:00:06.234506 [/Devices/hpet/0/Config/] (level 4)
00:00:06.234507   ICH9 <integer> = 0x0000000000000001 (1)
00:00:06.234507 
00:00:06.234507 [/Devices/i8254/] (level 2)
00:00:06.234508 
00:00:06.234508 [/Devices/i8254/0/] (level 3)
00:00:06.234509 
00:00:06.234509 [/Devices/i8254/0/Config/] (level 4)
00:00:06.234509 
00:00:06.234510 [/Devices/i8259/] (level 2)
00:00:06.234510 
00:00:06.234510 [/Devices/i8259/0/] (level 3)
00:00:06.234511   Trusted <integer> = 0x0000000000000001 (1)
00:00:06.234511 
00:00:06.234511 [/Devices/i8259/0/Config/] (level 4)
00:00:06.234512 
00:00:06.234512 [/Devices/ich9pci/] (level 2)
00:00:06.234513 
00:00:06.234513 [/Devices/ich9pci/0/] (level 3)
00:00:06.234513   Trusted <integer> = 0x0000000000000001 (1)
00:00:06.234514 
00:00:06.234514 [/Devices/ich9pci/0/Config/] (level 4)
00:00:06.234515   IOAPIC     <integer> = 0x0000000000000001 (1)
00:00:06.234515   McfgBase   <integer> = 0x00000000dc000000 (3 690 987 520)
00:00:06.234516   McfgLength <integer> = 0x0000000004000000 (67 108 864)
00:00:06.234516 
00:00:06.234517 [/Devices/ich9pcibridge/] (level 2)
00:00:06.234517 
00:00:06.234517 [/Devices/ichac97/] (level 2)
00:00:06.234518 
00:00:06.234518 [/Devices/ichac97/0/] (level 3)
00:00:06.234519   PCIBusNo      <integer> = 0x0000000000000000 (0)
00:00:06.234519   PCIDeviceNo   <integer> = 0x0000000000000005 (5)
00:00:06.234520   PCIFunctionNo <integer> = 0x0000000000000000 (0)
00:00:06.234520   Trusted       <integer> = 0x0000000000000001 (1)
00:00:06.234520 
00:00:06.234521 [/Devices/ichac97/0/AudioConfig/] (level 4)
00:00:06.234523 
00:00:06.234523 [/Devices/ichac97/0/Config/] (level 4)
00:00:06.234524   Codec        <string>  = "STAC9700" (cb=9)
00:00:06.234524   DebugEnabled <integer> = 0x0000000000000000 (0)
00:00:06.234525 
00:00:06.234525 [/Devices/ichac97/0/LUN#0/] (level 4)
00:00:06.234525   Driver <string>  = "AUDIO" (cb=6)
00:00:06.234526 
00:00:06.234526 [/Devices/ichac97/0/LUN#0/AttachedDriver/] (level 5)
00:00:06.234527   Driver <string>  = "HostAudioWas" (cb=13)
00:00:06.234527 
00:00:06.234527 [/Devices/ichac97/0/LUN#0/AttachedDriver/Config/] (level 6)
00:00:06.234528   VmName <string>  = "LatterOS 0.20.3 RC1" (cb=20)
00:00:06.234528   VmUuid <string>  = "db8b41ad-27db-49ed-9f4c-464bf082c1f1" (cb=37)
00:00:06.234529 
00:00:06.234529 [/Devices/ichac97/0/LUN#0/Config/] (level 5)
00:00:06.234530   DriverName    <string>  = "HostAudioWas" (cb=13)
00:00:06.234530   InputEnabled  <integer> = 0x0000000000000000 (0)
00:00:06.234531   OutputEnabled <integer> = 0x0000000000000000 (0)
00:00:06.234531 
00:00:06.234531 [/Devices/ichac97/0/LUN#1/] (level 4)
00:00:06.234532   Driver <string>  = "AUDIO" (cb=6)
00:00:06.234532 
00:00:06.234532 [/Devices/ichac97/0/LUN#2/] (level 4)
00:00:06.234533   Driver <string>  = "AUDIO" (cb=6)
00:00:06.234533 
00:00:06.234533 [/Devices/ioapic/] (level 2)
00:00:06.234534 
00:00:06.234534 [/Devices/ioapic/0/] (level 3)
00:00:06.234535   Trusted <integer> = 0x0000000000000001 (1)
00:00:06.234535 
00:00:06.234535 [/Devices/ioapic/0/Config/] (level 4)
00:00:06.234536   NumCPUs <integer> = 0x0000000000000004 (4)
00:00:06.234536 
00:00:06.234536 [/Devices/lpc/] (level 2)
00:00:06.234537 
00:00:06.234537 [/Devices/lpc/0/] (level 3)
00:00:06.234538   PCIBusNo      <integer> = 0x0000000000000000 (0)
00:00:06.234538   PCIDeviceNo   <integer> = 0x000000000000001f (31)
00:00:06.234539   PCIFunctionNo <integer> = 0x0000000000000000 (0)
00:00:06.234539   Trusted       <integer> = 0x0000000000000001 (1)
00:00:06.234540 
00:00:06.234540 [/Devices/mc146818/] (level 2)
00:00:06.234540 
00:00:06.234540 [/Devices/mc146818/0/] (level 3)
00:00:06.234541 
00:00:06.234541 [/Devices/mc146818/0/Config/] (level 4)
00:00:06.234542   UseUTC <integer> = 0x0000000000000001 (1)
00:00:06.234542 
00:00:06.234542 [/Devices/parallel/] (level 2)
00:00:06.234543 
00:00:06.234543 [/Devices/pcarch/] (level 2)
00:00:06.234544 
00:00:06.234544 [/Devices/pcarch/0/] (level 3)
00:00:06.234544   Trusted <integer> = 0x0000000000000001 (1)
00:00:06.234545 
00:00:06.234545 [/Devices/pcarch/0/Config/] (level 4)
00:00:06.234546 
00:00:06.234546 [/Devices/pckbd/] (level 2)
00:00:06.234546 
00:00:06.234546 [/Devices/pckbd/0/] (level 3)
00:00:06.234547   Trusted <integer> = 0x0000000000000001 (1)
00:00:06.234547 
00:00:06.234547 [/Devices/pckbd/0/Config/] (level 4)
00:00:06.234548 
00:00:06.234548 [/Devices/pckbd/0/LUN#0/] (level 4)
00:00:06.234549   Driver <string>  = "KeyboardQueue" (cb=14)
00:00:06.234549 
00:00:06.234549 [/Devices/pckbd/0/LUN#0/AttachedDriver/] (level 5)
00:00:06.234550   Driver <string>  = "MainKeyboard" (cb=13)
00:00:06.234551 
00:00:06.234551 [/Devices/pckbd/0/LUN#0/Config/] (level 5)
00:00:06.234551   QueueSize <integer> = 0x0000000000000040 (64, 64 B)
00:00:06.234552 
00:00:06.234552 [/Devices/pckbd/0/LUN#1/] (level 4)
00:00:06.234553   Driver <string>  = "MouseQueue" (cb=11)
00:00:06.234553 
00:00:06.234553 [/Devices/pckbd/0/LUN#1/AttachedDriver/] (level 5)
00:00:06.234554   Driver <string>  = "MainMouse" (cb=10)
00:00:06.234554 
00:00:06.234555 [/Devices/pckbd/0/LUN#1/Config/] (level 5)
00:00:06.234555   QueueSize <integer> = 0x0000000000000080 (128, 128 B)
00:00:06.234556 
00:00:06.234556 [/Devices/pcnet/] (level 2)
00:00:06.234557 
00:00:06.234557 [/Devices/serial/] (level 2)
00:00:06.234557 
00:00:06.234557 [/Devices/vga/] (level 2)
00:00:06.234558 
00:00:06.234558 [/Devices/vga/0/] (level 3)
00:00:06.234559   PCIBusNo      <integer> = 0x0000000000000000 (0)
00:00:06.234559   PCIDeviceNo   <integer> = 0x0000000000000002 (2)
00:00:06.234561   PCIFunctionNo <integer> = 0x0000000000000000 (0)
00:00:06.234561   Trusted       <integer> = 0x0000000000000001 (1)
00:00:06.234562 
00:00:06.234562 [/Devices/vga/0/Config/] (level 4)
00:00:06.234563   3DEnabled             <integer> = 0x0000000000000000 (0)
00:00:06.234563   CustomVideoModes      <integer> = 0x0000000000000000 (0)
00:00:06.234564   FadeIn                <integer> = 0x0000000000000001 (1)
00:00:06.234564   FadeOut               <integer> = 0x0000000000000001 (1)
00:00:06.234565   HeightReduction       <integer> = 0x0000000000000000 (0)
00:00:06.234565   LogoFile              <string>  = "" (cb=1)
00:00:06.234566   LogoTime              <integer> = 0x0000000000000000 (0)
00:00:06.234566   MonitorCount          <integer> = 0x0000000000000001 (1)
00:00:06.234567   ShowBootMenu          <integer> = 0x0000000000000002 (2)
00:00:06.234567   VMSVGA3dEnabled       <integer> = 0x0000000000000000 (0)
00:00:06.234568   VMSVGAEnabled         <integer> = 0x0000000000000001 (1)
00:00:06.234568   VMSVGAPciBarLayout    <integer> = 0x0000000000000001 (1)
00:00:06.234569   VMSVGAPciId           <integer> = 0x0000000000000001 (1)
00:00:06.234569   VRamSize              <integer> = 0x0000000008000000 (134 217 728, 128.0 MiB)
00:00:06.234570   VmSvga3               <integer> = 0x0000000000000000 (0)
00:00:06.234571   VmSvgaExposeLegacyVga <integer> = 0x0000000000000001 (1)
00:00:06.234571 
00:00:06.234571 [/Devices/vga/0/LUN#0/] (level 4)
00:00:06.234572   Driver <string>  = "MainDisplay" (cb=12)
00:00:06.234572 
00:00:06.234573 [/Devices/vga/0/LUN#0/Config/] (level 5)
00:00:06.234573 
00:00:06.234573 [/Devices/vga/0/LUN#999/] (level 4)
00:00:06.234574   Driver <string>  = "MainStatus" (cb=11)
00:00:06.234574 
00:00:06.234575 [/Devices/vga/0/LUN#999/Config/] (level 5)
00:00:06.234575   First                <integer> = 0x0000000000000000 (0)
00:00:06.234576   HasMediumAttachments <integer> = 0x0000000000000000 (0)
00:00:06.234576   Last                 <integer> = 0x0000000000000000 (0)
00:00:06.234577   iLedSet              <integer> = 0x0000000000000000 (0)
00:00:06.234577 
00:00:06.234577 [/Devices/virtio-net/] (level 2)
00:00:06.234578 
00:00:06.234578 [/EM/] (level 1)
00:00:06.234579   TripleFaultReset <integer> = 0x0000000000000000 (0)
00:00:06.234579 
00:00:06.234579 [/GCM/] (level 1)
00:00:06.234580   MesaVmsvgaDrv <integer> = 0x0000000000000001 (1)
00:00:06.234580 
00:00:06.234580 [/GIM/] (level 1)
00:00:06.234581   Provider <string>  = "None" (cb=5)
00:00:06.234581 
00:00:06.234581 [/HM/] (level 1)
00:00:06.234583   64bitEnabled            <integer> = 0x0000000000000001 (1)
00:00:06.234583   EnableLargePages        <integer> = 0x0000000000000001 (1)
00:00:06.234584   EnableNestedPaging      <integer> = 0x0000000000000001 (1)
00:00:06.234584   EnableUX                <integer> = 0x0000000000000001 (1)
00:00:06.234585   EnableVPID              <integer> = 0x0000000000000001 (1)
00:00:06.234585   Exclusive               <integer> = 0x0000000000000000 (0)
00:00:06.234586   HMForced                <integer> = 0x0000000000000001 (1)
00:00:06.234586   IBPBOnVMEntry           <integer> = 0x0000000000000000 (0)
00:00:06.234587   IBPBOnVMExit            <integer> = 0x0000000000000000 (0)
00:00:06.234587   L1DFlushOnSched         <integer> = 0x0000000000000001 (1)
00:00:06.234588   L1DFlushOnVMEntry       <integer> = 0x0000000000000000 (0)
00:00:06.234588   LovelyMesaDrvWorkaround <integer> = 0x0000000000000001 (1)
00:00:06.234589   MDSClearOnSched         <integer> = 0x0000000000000001 (1)
00:00:06.234589   MDSClearOnVMEntry       <integer> = 0x0000000000000000 (0)
00:00:06.234589   SpecCtrlByHost          <integer> = 0x0000000000000000 (0)
00:00:06.234590   SvmVirtVmsaveVmload     <integer> = 0x0000000000000000 (0)
00:00:06.234590   UseNEMInstead           <integer> = 0x0000000000000000 (0)
00:00:06.234591 
00:00:06.234591 [/MM/] (level 1)
00:00:06.234592   CanUseLargerHeap <integer> = 0x0000000000000001 (1)
00:00:06.234592 
00:00:06.234594 [/NEM/] (level 1)
00:00:06.234594   Allow64BitGuests        <integer> = 0x0000000000000001 (1)
00:00:06.234595   IBPBOnVMEntry           <integer> = 0x0000000000000000 (0)
00:00:06.234595   IBPBOnVMExit            <integer> = 0x0000000000000000 (0)
00:00:06.234596   L1DFlushOnSched         <integer> = 0x0000000000000001 (1)
00:00:06.234596   L1DFlushOnVMEntry       <integer> = 0x0000000000000000 (0)
00:00:06.234597   LovelyMesaDrvWorkaround <integer> = 0x0000000000000001 (1)
00:00:06.234597   MDSClearOnSched         <integer> = 0x0000000000000001 (1)
00:00:06.234598   MDSClearOnVMEntry       <integer> = 0x0000000000000000 (0)
00:00:06.234598 
00:00:06.234598 [/PDM/] (level 1)
00:00:06.234599 
00:00:06.234599 [/PDM/AsyncCompletion/] (level 2)
00:00:06.234599 
00:00:06.234600 [/PDM/AsyncCompletion/File/] (level 3)
00:00:06.234600 
00:00:06.234600 [/PDM/AsyncCompletion/File/BwGroups/] (level 4)
00:00:06.234601 
00:00:06.234601 [/PDM/BlkCache/] (level 2)
00:00:06.234602   CacheSize <integer> = 0x0000000000500000 (5 242 880, 5.0 MiB)
00:00:06.234603 
00:00:06.234603 [/PDM/Devices/] (level 2)
00:00:06.234603 
00:00:06.234603 [/PDM/Drivers/] (level 2)
00:00:06.234604 
00:00:06.234604 [/PDM/Drivers/VBoxC/] (level 3)
00:00:06.234605   Path <string>  = "VBoxC" (cb=6)
00:00:06.234605 
00:00:06.234605 [/PDM/NetworkShaper/] (level 2)
00:00:06.234606 
00:00:06.234606 [/PDM/NetworkShaper/BwGroups/] (level 3)
00:00:06.234606 
00:00:06.234607 [/TM/] (level 1)
00:00:06.234607   UTCOffset <integer> = 0x0000000000000000 (0)
00:00:06.234607 
00:00:06.234608 ********************* End of CFGM dump **********************
00:00:06.234797 HM: HMR3Init: Attempting fall back to NEM: VT-x is not available
00:00:06.294471 NEM:  info: Found optional import WinHvPlatform.dll!WHvQueryGpaRangeDirtyBitmap.
00:00:06.294483 NEM:  info: Found optional import WinHvPlatform.dll!WHvResumePartitionTime.
00:00:06.294487 NEM:  info: Found optional import WinHvPlatform.dll!WHvSuspendPartitionTime.
00:00:06.294491 NEM:  info: Found optional import WinHvPlatform.dll!WHvRequestInterrupt.
00:00:06.294494 NEM:  info: Found optional import WinHvPlatform.dll!WHvGetVirtualProcessorXsaveState.
00:00:06.294498 NEM:  info: Found optional import WinHvPlatform.dll!WHvSetVirtualProcessorXsaveState.
00:00:06.294502 NEM:  info: Failed to import WinHvPlatform.dll!WHvGetVirtualProcessorState: VERR_SYMBOL_NOT_FOUND
00:00:06.294519 NEM:  info: Failed to import WinHvPlatform.dll!WHvSetVirtualProcessorState: VERR_SYMBOL_NOT_FOUND
00:00:06.294523 NEM:  info: Found optional import WinHvPlatform.dll!WHvGetVirtualProcessorInterruptControllerState.
00:00:06.294527 NEM:  info: Found optional import WinHvPlatform.dll!WHvSetVirtualProcessorInterruptControllerState.
00:00:06.294530 NEM:  info: Found optional import WinHvPlatform.dll!WHvGetVirtualProcessorInterruptControllerState2.
00:00:06.294533 NEM:  info: Found optional import WinHvPlatform.dll!WHvSetVirtualProcessorInterruptControllerState2.
00:00:06.294538 NEM:  info: Found optional import vid.dll!VidGetHvPartitionId.
00:00:06.294542 NEM:  info: Found optional import vid.dll!VidGetPartitionProperty.
00:00:06.294595 NEM: WHvCapabilityCodeHypervisorPresent is TRUE, so this might work...
00:00:06.294600 NEM: WHvCapabilityCodeExtendedVmExits      = 0x00000000000003ff
00:00:06.294604 NEM:                           X64CpuidExit: 1
00:00:06.294608 NEM:                             X64MsrExit: 1
00:00:06.294611 NEM:                          ExceptionExit: 1
00:00:06.294617 NEM:                           X64RdtscExit: 1
00:00:06.294621 NEM:                     X64ApicSmiExitTrap: 1
00:00:06.294624 NEM:                          HypercallExit: 1
00:00:06.294627 NEM:                X64ApicInitSipiExitTrap: 1
00:00:06.294631 NEM:              X64ApicWriteLint0ExitTrap: 1
00:00:06.294634 NEM:              X64ApicWriteLint1ExitTrap: 1
00:00:06.294637 NEM:                X64ApicWriteSvrExitTrap: 1
00:00:06.294640 NEM:                 UnknownSynicConnection: 0
00:00:06.294644 NEM:              RetargetUnknownVpciDevice: 0
00:00:06.294647 NEM:                X64ApicWriteLdrExitTrap: 0
00:00:06.294650 NEM:                X64ApicWriteDfrExitTrap: 0
00:00:06.294654 NEM:                     GpaAccessFaultExit: 0
00:00:06.294657 NEM: WHvCapabilityCodeFeatures             = 0x000000000000007f
00:00:06.294661 NEM:                           PartialUnmap: 1
00:00:06.294664 NEM:                     LocalApicEmulation: 1
00:00:06.294667 NEM:                                  Xsave: 1
00:00:06.294671 NEM:                      DirtyPageTracking: 1
00:00:06.294674 NEM:                     SpeculationControl: 1
00:00:06.294678 NEM:                         ApicRemoteRead: 1
00:00:06.294681 NEM:                            IdleSuspend: 1
00:00:06.294684 NEM:                VirtualPciDeviceSupport: 0
00:00:06.294688 NEM:                           IommuSupport: 0
00:00:06.294697 NEM:                         VpHotAddRemove: 0
00:00:06.294728 NEM: WHvCapabilityCodeExceptionExitBitmap  = 0x00000000000f7dfb
00:00:06.294735 NEM: WHvCapabilityCodeX64MsrExitBitmap     = 0x000000000000003f
00:00:06.294738 NEM:                          UnhandledMsrs: 1
00:00:06.294742 NEM:                            TscMsrWrite: 1
00:00:06.294746 NEM:                             TscMsrRead: 1
00:00:06.294749 NEM:                       ApicBaseMsrWrite: 1
00:00:06.294753 NEM:                      MiscEnableMsrRead: 1
00:00:06.294756 NEM:              McUpdatePatchLevelMsrRead: 1
00:00:06.294960 NEM: Warning! WHvGetCapability/WHvCapabilityCodeGpaRangePopulateFlags failed: WHV_E_UNKNOWN_CAPABILITY (Last=0xc0000034/0)NEM: Warning! WHvGetCapability/WHvCapabilityCodeSchedulerFeatures failed: WHV_E_UNKNOWN_CAPABILITY (Last=0xc0000034/0)NEM: WHvCapabilityCodeProcessorVendor      = 1 - Intel
00:00:06.295017 NEM: WHvCapabilityCodeProcessorFeatures    = 0x100178ffe7f7859f
00:00:06.295021 NEM:                            Sse3Support: 1
00:00:06.295024 NEM:                        LahfSahfSupport: 1
00:00:06.295028 NEM:                           Ssse3Support: 1
00:00:06.295031 NEM:                          Sse4_1Support: 1
00:00:06.295035 NEM:                          Sse4_2Support: 1
00:00:06.295038 NEM:                           Sse4aSupport: 0
00:00:06.295041 NEM:                             XopSupport: 0
00:00:06.295045 NEM:                          PopCntSupport: 1
00:00:06.295048 NEM:                      Cmpxchg16bSupport: 1
00:00:06.295051 NEM:                       Altmovcr8Support: 0
00:00:06.295055 NEM:                           LzcntSupport: 1
00:00:06.295058 NEM:                     MisAlignSseSupport: 0
00:00:06.295062 NEM:                          MmxExtSupport: 0
00:00:06.295065 NEM:                        Amd3DNowSupport: 0
00:00:06.295068 NEM:                ExtendedAmd3DNowSupport: 0
00:00:06.295074 NEM:                         Page1GbSupport: 1
00:00:06.295077 NEM:                             AesSupport: 1
00:00:06.295081 NEM:                       PclmulqdqSupport: 1
00:00:06.295084 NEM:                            PcidSupport: 1
00:00:06.295088 NEM:                            Fma4Support: 0
00:00:06.295091 NEM:                            F16CSupport: 1
00:00:06.295094 NEM:                          RdRandSupport: 1
00:00:06.295098 NEM:                        RdWrFsGsSupport: 1
00:00:06.295101 NEM:                            SmepSupport: 1
00:00:06.295104 NEM:              EnhancedFastStringSupport: 1
00:00:06.295108 NEM:                            Bmi1Support: 1
00:00:06.295111 NEM:                            Bmi2Support: 1
00:00:06.295115 NEM:                              Reserved1: 0
00:00:06.295118 NEM:                           MovbeSupport: 1
00:00:06.295121 NEM:                          Npiep1Support: 1
00:00:06.295125 NEM:                   DepX87FPUSaveSupport: 1
00:00:06.295128 NEM:                          RdSeedSupport: 1
00:00:06.295131 NEM:                             AdxSupport: 1
00:00:06.295135 NEM:                   IntelPrefetchSupport: 1
00:00:06.295138 NEM:                            SmapSupport: 1
00:00:06.295142 NEM:                             HleSupport: 1
00:00:06.295145 NEM:                             RtmSupport: 1
00:00:06.295148 NEM:                          RdtscpSupport: 1
00:00:06.295152 NEM:                      ClflushoptSupport: 1
00:00:06.295155 NEM:                            ClwbSupport: 0
00:00:06.295158 NEM:                             ShaSupport: 0
00:00:06.295164 NEM:                X87PointersSavedSupport: 0
00:00:06.295167 NEM:                         InvpcidSupport: 1
00:00:06.295170 NEM:                            IbrsSupport: 1
00:00:06.295174 NEM:                           StibpSupport: 1
00:00:06.295177 NEM:                            IbpbSupport: 1
00:00:06.295181 NEM:                              Reserved2: 0
00:00:06.295184 NEM:                            SsbdSupport: 1
00:00:06.295190 NEM:                 FastShortRepMovSupport: 0
00:00:06.295194 NEM:                              Reserved3: 0
00:00:06.295198 NEM:                                 RdclNo: 0
00:00:06.295201 NEM:                         IbrsAllSupport: 0
00:00:06.295204 NEM:                              Reserved4: 0
00:00:06.295208 NEM:                                  SsbNo: 0
00:00:06.295211 NEM:                                 RsbANo: 0
00:00:06.295215 NEM:                              Reserved5: 0
00:00:06.295218 NEM:                           RdPidSupport: 0
00:00:06.295221 NEM:                            UmipSupport: 0
00:00:06.295225 NEM:                           MdsNoSupport: 0
00:00:06.295228 NEM:                         MdClearSupport: 1
00:00:06.295232 NEM:                           TaaNoSupport: 0
00:00:06.295235 NEM:                         TsxCtrlSupport: 0
00:00:06.295238 NEM:                              Reserved6: 0
00:00:06.295245 NEM: WHvCapabilityCodeProcessorClFlushSize = 2^8
00:00:06.295251 NEM: WHvCapabilityCodeProcessorXsaveFeatures= 0x000000000000383f
00:00:06.295255 NEM:                           XsaveSupport: 1
00:00:06.295258 NEM:                        XsaveoptSupport: 1
00:00:06.295262 NEM:                             AvxSupport: 1
00:00:06.295265 NEM:                            Avx2Support: 1
00:00:06.295269 NEM:                             FmaSupport: 1
00:00:06.295272 NEM:                             MpxSupport: 1
00:00:06.295275 NEM:                          Avx512Support: 0
00:00:06.295279 NEM:                        Avx512DQSupport: 0
00:00:06.295282 NEM:                        Avx512BWSupport: 0
00:00:06.295285 NEM:                        Avx512VLSupport: 0
00:00:06.295289 NEM:                       XsaveCompSupport: 1
00:00:06.295292 NEM:                 XsaveSupervisorSupport: 1
00:00:06.295295 NEM:                            Xcr1Support: 1
00:00:06.295299 NEM:                    Avx512BitalgSupport: 0
00:00:06.295302 NEM:                      Avx512IfmaSupport: 0
00:00:06.295305 NEM:                      Avx512VBmiSupport: 0
00:00:06.295309 NEM:                     Avx512VBmi2Support: 0
00:00:06.295312 NEM:                      Avx512VnniSupport: 0
00:00:06.295315 NEM:                            GfniSupport: 0
00:00:06.295319 NEM:                            VaesSupport: 0
00:00:06.295322 NEM:                 Avx512VPopcntdqSupport: 0
00:00:06.295326 NEM:                      VpclmulqdqSupport: 0
00:00:06.295329 NEM:                      Avx512Bf16Support: 0
00:00:06.295332 NEM:              Avx512Vp2IntersectSupport: 0
00:00:06.295335 NEM:                      Avx512Fp16Support: 0
00:00:06.295339 NEM:                             XfdSupport: 0
00:00:06.295342 NEM:                         AmxTileSupport: 0
00:00:06.295346 NEM:                         AmxBf16Support: 0
00:00:06.295349 NEM:                         AmxInt8Support: 0
00:00:06.295352 NEM:                         AvxVnniSupport: 0
00:00:06.295360 NEM: WHvCapabilityCodeProcessorClockFrequency= 3 503 998 447
00:00:06.295364 NEM: WHvCapabilityCodeInterruptClockFrequency= 200 000 000
00:00:06.295368 NEM: WHvCapabilityCodeProcessorFeaturesBanks= 2 bank(s)
00:00:06.295372 NEM: WHvCapabilityCodeProcessorFeaturesBanks[0]= 0x100178ffe7f7859f
00:00:06.295375 NEM:                            Sse3Support: 1
00:00:06.295379 NEM:                        LahfSahfSupport: 1
00:00:06.295382 NEM:                           Ssse3Support: 1
00:00:06.295385 NEM:                          Sse4_1Support: 1
00:00:06.295389 NEM:                          Sse4_2Support: 1
00:00:06.295392 NEM:                           Sse4aSupport: 0
00:00:06.295396 NEM:                             XopSupport: 0
00:00:06.295399 NEM:                          PopCntSupport: 1
00:00:06.295402 NEM:                      Cmpxchg16bSupport: 1
00:00:06.295406 NEM:                       Altmovcr8Support: 0
00:00:06.295409 NEM:                           LzcntSupport: 1
00:00:06.295412 NEM:                     MisAlignSseSupport: 0
00:00:06.295417 NEM:                          MmxExtSupport: 0
00:00:06.295421 NEM:                        Amd3DNowSupport: 0
00:00:06.295424 NEM:                ExtendedAmd3DNowSupport: 0
00:00:06.295427 NEM:                         Page1GbSupport: 1
00:00:06.295431 NEM:                             AesSupport: 1
00:00:06.295434 NEM:                       PclmulqdqSupport: 1
00:00:06.295437 NEM:                            PcidSupport: 1
00:00:06.295441 NEM:                            Fma4Support: 0
00:00:06.295444 NEM:                            F16CSupport: 1
00:00:06.295448 NEM:                          RdRandSupport: 1
00:00:06.295451 NEM:                        RdWrFsGsSupport: 1
00:00:06.295454 NEM:                            SmepSupport: 1
00:00:06.295458 NEM:              EnhancedFastStringSupport: 1
00:00:06.295461 NEM:                            Bmi1Support: 1
00:00:06.295464 NEM:                            Bmi2Support: 1
00:00:06.295468 NEM:                              Reserved1: 0
00:00:06.295471 NEM:                           MovbeSupport: 1
00:00:06.295475 NEM:                          Npiep1Support: 1
00:00:06.295478 NEM:                   DepX87FPUSaveSupport: 1
00:00:06.295481 NEM:                          RdSeedSupport: 1
00:00:06.295485 NEM:                             AdxSupport: 1
00:00:06.295488 NEM:                   IntelPrefetchSupport: 1
00:00:06.295491 NEM:                            SmapSupport: 1
00:00:06.295495 NEM:                             HleSupport: 1
00:00:06.295498 NEM:                             RtmSupport: 1
00:00:06.295502 NEM:                          RdtscpSupport: 1
00:00:06.295505 NEM:                      ClflushoptSupport: 1
00:00:06.295508 NEM:                            ClwbSupport: 0
00:00:06.295512 NEM:                             ShaSupport: 0
00:00:06.295515 NEM:                X87PointersSavedSupport: 0
00:00:06.295518 NEM:                         InvpcidSupport: 1
00:00:06.295524 NEM:                            IbrsSupport: 1
00:00:06.295527 NEM:                           StibpSupport: 1
00:00:06.295531 NEM:                            IbpbSupport: 1
00:00:06.295534 NEM:                              Reserved2: 0
00:00:06.295537 NEM:                            SsbdSupport: 1
00:00:06.295541 NEM:                 FastShortRepMovSupport: 0
00:00:06.295544 NEM:                              Reserved3: 0
00:00:06.295548 NEM:                                 RdclNo: 0
00:00:06.295551 NEM:                         IbrsAllSupport: 0
00:00:06.295554 NEM:                              Reserved4: 0
00:00:06.295558 NEM:                                  SsbNo: 0
00:00:06.295561 NEM:                                 RsbANo: 0
00:00:06.295565 NEM:                              Reserved5: 0
00:00:06.295568 NEM:                           RdPidSupport: 0
00:00:06.295571 NEM:                            UmipSupport: 0
00:00:06.295575 NEM:                           MdsNoSupport: 0
00:00:06.295578 NEM:                         MdClearSupport: 1
00:00:06.295582 NEM:                           TaaNoSupport: 0
00:00:06.295585 NEM:                         TsxCtrlSupport: 0
00:00:06.295588 NEM:                              Reserved6: 0
00:00:06.295592 NEM: WHvCapabilityCodeProcessorFeaturesBanks[1]= 0x0000000000000000
00:00:06.295595 NEM:                    ACountMCountSupport: 0
00:00:06.295598 NEM:                    TscInvariantSupport: 0
00:00:06.295602 NEM:                          ClZeroSupport: 0
00:00:06.295605 NEM:                           RdpruSupport: 0
00:00:06.295609 NEM:                              Reserved2: 0
00:00:06.295612 NEM:                      NestedVirtSupport: 0
00:00:06.295615 NEM:                            PsfdSupport: 0
00:00:06.295619 NEM:                           CetSsSupport: 0
00:00:06.295622 NEM:                          CetIbtSupport: 0
00:00:06.295625 NEM:              VmxExceptionInjectSupport: 0
00:00:06.295629 NEM:                              Reserved4: 0
00:00:06.295633 NEM:                    UmwaitTpauseSupport: 0
00:00:06.295637 NEM:                         MovdiriSupport: 0
00:00:06.295640 NEM:                       Movdir64bSupport: 0
00:00:06.295643 NEM:                        CldemoteSupport: 0
00:00:06.295647 NEM:                       SerializeSupport: 0
00:00:06.295650 NEM:                  TscDeadlineTmrSupport: 0
00:00:06.295653 NEM:                       TscAdjustSupport: 0
00:00:06.295657 NEM:                            FZLRepMovsb: 0
00:00:06.295660 NEM:                             FSRepStosb: 0
00:00:06.295664 NEM:                             FSRepCmpsb: 0
00:00:06.295689 NEM: Warning! WHvGetCapability/WHvCapabilityCodeProcessorFrequencyCap failed: WHV_E_UNKNOWN_CAPABILITY (Last=0xc0000034/0)NEM: Warning! WHvGetCapability/WHvCapabilityCodeSyntheticProcessorFeaturesBanks failed: WHV_E_UNKNOWN_CAPABILITY (Last=0xc0000034/0)NEM: Warning! WHvGetCapability/WHvCapabilityCodeProcessorPerfmonFeatures failed: WHV_E_UNKNOWN_CAPABILITY (Last=0xc0000034/0)NEM: Warning! WHvGetCapability/WHvCapabilityCodePhysicalAddressWidth failed: WHV_E_UNKNOWN_CAPABILITY (Last=0xc0000034/0)NEM: Created partition 000001d556cd0890. APIC emulation mode: VirtualBox
00:00:06.296989 PGM: Enabling NEM mode
00:00:06.297329 NEM:
00:00:06.297330 NEM: NEMR3Init: Snail execution mode is active!
00:00:06.297330 NEM: Note! VirtualBox is not able to run at its full potential in this execution mode.
00:00:06.297330 NEM:       To see VirtualBox run at max speed you need to disable all Windows features
00:00:06.297330 NEM:       making use of Hyper-V.  That is a moving target, so google how and carefully
00:00:06.297330 NEM:       consider the consequences of disabling these features.
00:00:06.297330 NEM:
00:00:06.297352 CPUM: No hardware-virtualization capability detected
00:00:06.297356 CPUM: fXStateHostMask=0x7; host XCR0=0x1f
00:00:06.298484 CPUM: Matched host CPU INTEL 0x6/0x5e/0x3 Intel_Core7_Skylake with CPU DB entry 'Intel Core i7-6700K' (INTEL 0x6/0x5e/0x3 Intel_Core7_Skylake)
00:00:06.298594 CPUM: MXCSR_MASK=0xffff (host: 0xffff)
00:00:06.298614 CPUM: Microcode revision 0x000000CC
00:00:06.298622 CPUM: Changing leaf 13[0]: EBX=0x440 -> 0x340, ECX=0x440 -> 0x340
00:00:06.298641 CPUM: MSR/CPUID reconciliation insert: 0x0000010b IA32_FLUSH_CMD
00:00:06.298646 CPUM: MSR/CPUID reconciliation insert: 0x0000010a IA32_ARCH_CAPABILITIES
00:00:06.298652 CPUM: MSR fudge: 0x00000122 IA32_TSX_CTRL
00:00:06.298657 CPUM: MSR fudge: 0x00000123 IA32_MCU_OPT_CTRL
00:00:06.298666 CPUM: SetGuestCpuIdFeature: Enabled SYSENTER/EXIT
00:00:06.298670 CPUM: SetGuestCpuIdFeature: Enabled SYSCALL/RET
00:00:06.298674 CPUM: SetGuestCpuIdFeature: Enabled PAE
00:00:06.298686 CPUM: SetGuestCpuIdFeature: Enabled LAHF/SAHF
00:00:06.298690 CPUM: SetGuestCpuIdFeature: Enabled NX
00:00:06.298694 CPUM: SetGuestCpuIdFeature: Enabled LONG MODE
00:00:06.298697 CPUM: Enabled MTRR read-write support
00:00:06.298701 CPUM: Enabled fixed-range MTRRs and 16 (virtualized) variable-range MTRRs
00:00:06.300763 NEM: HvPartitionPropertyProcessorVendor=0x1 (1)
00:00:06.300804 NEM: cbXSaveArea=960
00:00:06.300820 NEM: Default XSAVE area returned by Hyper-V
00:00:06.300822 0000007b81ffd660/0000: 00 00 00 00 00 00 00 00-00 00 00 00 00 00 00 00 ................
00:00:06.300824 0000007b81ffd670/0010: 00 00 00 00 00 00 00 00-80 1f 00 00 ff ff 00 00 ................
00:00:06.300826 0000007b81ffd680/0020: 00 00 00 00 00 00 00 00-00 00 00 00 00 00 00 00 ................
00:00:06.300827 0000007b81ffd690/0030: 00 00 00 00 00 00 00 00-00 00 00 00 00 00 00 00 ................
00:00:06.300828 0000007b81ffd6a0/0040: 00 00 00 00 00 00 00 00-00 00 00 00 00 00 00 00 ................
00:00:06.300829 0000007b81ffd6b0/0050: 00 00 00 00 00 00 00 00-00 00 00 00 00 00 00 00 ................
00:00:06.300831 0000007b81ffd6c0/0060: 00 00 00 00 00 00 00 00-00 00 00 00 00 00 00 00 ................
00:00:06.300832 0000007b81ffd6d0/0070: 00 00 00 00 00 00 00 00-00 00 00 00 00 00 00 00 ................
00:00:06.300833 0000007b81ffd6e0/0080: 00 00 00 00 00 00 00 00-00 00 00 00 00 00 00 00 ................
00:00:06.300834 0000007b81ffd6f0/0090: 00 00 00 00 00 00 00 00-00 00 00 00 00 00 00 00 ................
00:00:06.300836 0000007b81ffd700/00a0: 00 00 00 00 00 00 00 00-00 00 00 00 00 00 00 00 ................
00:00:06.300837 0000007b81ffd710/00b0: 00 00 00 00 00 00 00 00-00 00 00 00 00 00 00 00 ................
00:00:06.300838 0000007b81ffd720/00c0: 00 00 00 00 00 00 00 00-00 00 00 00 00 00 00 00 ................
00:00:06.300839 0000007b81ffd730/00d0: 00 00 00 00 00 00 00 00-00 00 00 00 00 00 00 00 ................
00:00:06.300841 0000007b81ffd740/00e0: 00 00 00 00 00 00 00 00-00 00 00 00 00 00 00 00 ................
00:00:06.300842 0000007b81ffd750/00f0: 00 00 00 00 00 00 00 00-00 00 00 00 00 00 00 00 ................
00:00:06.300843 0000007b81ffd760/0100: 00 00 00 00 00 00 00 00-00 00 00 00 00 00 00 00 ................
00:00:06.300844 0000007b81ffd770/0110: 00 00 00 00 00 00 00 00-00 00 00 00 00 00 00 00 ................
00:00:06.300846 0000007b81ffd780/0120: 00 00 00 00 00 00 00 00-00 00 00 00 00 00 00 00 ................
00:00:06.300847 0000007b81ffd790/0130: 00 00 00 00 00 00 00 00-00 00 00 00 00 00 00 00 ................
00:00:06.300848 0000007b81ffd7a0/0140: 00 00 00 00 00 00 00 00-00 00 00 00 00 00 00 00 ................
00:00:06.300850 0000007b81ffd7b0/0150: 00 00 00 00 00 00 00 00-00 00 00 00 00 00 00 00 ................
00:00:06.300851 0000007b81ffd7c0/0160: 00 00 00 00 00 00 00 00-00 00 00 00 00 00 00 00 ................
00:00:06.300852 0000007b81ffd7d0/0170: 00 00 00 00 00 00 00 00-00 00 00 00 00 00 00 00 ................
00:00:06.300853 0000007b81ffd7e0/0180: 00 00 00 00 00 00 00 00-00 00 00 00 00 00 00 00 ................
00:00:06.300855 0000007b81ffd7f0/0190: 00 00 00 00 00 00 00 00-00 00 00 00 00 00 00 00 ................
00:00:06.300856 0000007b81ffd800/01a0: 00 00 00 00 00 00 00 00-00 00 00 00 00 00 00 00 ................
00:00:06.300857 0000007b81ffd810/01b0: 00 00 00 00 00 00 00 00-00 00 00 00 00 00 00 00 ................
00:00:06.300858 0000007b81ffd820/01c0: 00 00 00 00 00 00 00 00-00 00 00 00 00 00 00 00 ................
00:00:06.300860 0000007b81ffd830/01d0: 00 00 00 00 00 00 00 00-00 00 00 00 00 00 00 00 ................
00:00:06.300861 0000007b81ffd840/01e0: 00 00 00 00 00 00 00 00-00 00 00 00 00 00 00 00 ................
00:00:06.300862 0000007b81ffd850/01f0: 00 00 00 00 00 00 00 00-00 00 00 00 00 00 00 00 ................
00:00:06.300863 0000007b81ffd860/0200: 02 00 00 00 00 00 00 00-1f 00 00 00 00 00 00 80 ................
00:00:06.300865 0000007b81ffd870/0210: 00 00 00 00 00 00 00 00-00 00 00 00 00 00 00 00 ................
00:00:06.300866 0000007b81ffd880/0220: 00 00 00 00 00 00 00 00-00 00 00 00 00 00 00 00 ................
00:00:06.300867 0000007b81ffd890/0230: 00 00 00 00 00 00 00 00-00 00 00 00 00 00 00 00 ................
00:00:06.300868 0000007b81ffd8a0/0240: 00 00 00 00 00 00 00 00-00 00 00 00 00 00 00 00 ................
00:00:06.300870 0000007b81ffd8b0/0250: 00 00 00 00 00 00 00 00-00 00 00 00 00 00 00 00 ................
00:00:06.300871 0000007b81ffd8c0/0260: 00 00 00 00 00 00 00 00-00 00 00 00 00 00 00 00 ................
00:00:06.300872 0000007b81ffd8d0/0270: 00 00 00 00 00 00 00 00-00 00 00 00 00 00 00 00 ................
00:00:06.300873 0000007b81ffd8e0/0280: 00 00 00 00 00 00 00 00-00 00 00 00 00 00 00 00 ................
00:00:06.300875 0000007b81ffd8f0/0290: 00 00 00 00 00 00 00 00-00 00 00 00 00 00 00 00 ................
00:00:06.300876 0000007b81ffd900/02a0: 00 00 00 00 00 00 00 00-00 00 00 00 00 00 00 00 ................
00:00:06.300877 0000007b81ffd910/02b0: 00 00 00 00 00 00 00 00-00 00 00 00 00 00 00 00 ................
00:00:06.300879 0000007b81ffd920/02c0: 00 00 00 00 00 00 00 00-00 00 00 00 00 00 00 00 ................
00:00:06.300880 0000007b81ffd930/02d0: 00 00 00 00 00 00 00 00-00 00 00 00 00 00 00 00 ................
00:00:06.300881 0000007b81ffd940/02e0: 00 00 00 00 00 00 00 00-00 00 00 00 00 00 00 00 ................
00:00:06.300882 0000007b81ffd950/02f0: 00 00 00 00 00 00 00 00-00 00 00 00 00 00 00 00 ................
00:00:06.300884 0000007b81ffd960/0300: 00 00 00 00 00 00 00 00-00 00 00 00 00 00 00 00 ................
00:00:06.300885 0000007b81ffd970/0310: 00 00 00 00 00 00 00 00-00 00 00 00 00 00 00 00 ................
00:00:06.300886 0000007b81ffd980/0320: 00 00 00 00 00 00 00 00-00 00 00 00 00 00 00 00 ................
00:00:06.300887 0000007b81ffd990/0330: 00 00 00 00 00 00 00 00-00 00 00 00 00 00 00 00 ................
00:00:06.300889 0000007b81ffd9a0/0340: 00 00 00 00 00 00 00 00-00 00 00 00 00 00 00 00 ................
00:00:06.300890 0000007b81ffd9b0/0350: 00 00 00 00 00 00 00 00-00 00 00 00 00 00 00 00 ................
00:00:06.300891 0000007b81ffd9c0/0360: 00 00 00 00 00 00 00 00-00 00 00 00 00 00 00 00 ................
00:00:06.300892 0000007b81ffd9d0/0370: 00 00 00 00 00 00 00 00-00 00 00 00 00 00 00 00 ................
00:00:06.300894 0000007b81ffd9e0/0380: 00 00 00 00 00 00 00 00-00 00 00 00 00 00 00 00 ................
00:00:06.300895 0000007b81ffd9f0/0390: 00 00 00 00 00 00 00 00-00 00 00 00 00 00 00 00 ................
00:00:06.300896 0000007b81ffda00/03a0: 00 00 00 00 00 00 00 00-00 00 00 00 00 00 00 00 ................
00:00:06.300897 0000007b81ffda10/03b0: 00 00 00 00 00 00 00 00-00 00 00 00 00 00 00 00 ................
00:00:06.300907 NEM: Successfully set up partition (device handle 0000000000001098, partition ID 0x4)
00:00:06.301043 PGM: Host paging mode: AMD64+NX
00:00:06.301053 PGM: PGMPool: cMaxPages=1280 (u64MaxPages=1058)
00:00:06.301057 PGM: pgmR3PoolInit: cMaxPages=0x500 cMaxUsers=0xa00 cMaxPhysExts=0xa00 fCacheEnable=true
00:00:06.302790 SUPLib: MEM_LARGE_PAGES privilege not held.
00:00:06.318233 TM: GIP - u32Mode=3 (Invariant) u32UpdateHz=93 u32UpdateIntervalNS=10741500 enmUseTscDelta=2 (Practically Zero) fGetGipCpu=0x1b cCpus=4
00:00:06.318254 TM: GIP - u64CpuHz=3 503 998 371 (0xd0dac5a3)  SUPGetCpuHzFromGip => 3 503 998 371
00:00:06.318260 TM: GIP - CPU: iCpuSet=0x0 idCpu=0x0 idApic=0x0 iGipCpu=0x0 i64TSCDelta=0 enmState=3 u64CpuHz=3503998371(*) cErrors=0
00:00:06.318265 TM: GIP - CPU: iCpuSet=0x1 idCpu=0x1 idApic=0x2 iGipCpu=0x1 i64TSCDelta=0 enmState=3 u64CpuHz=3503984637(*) cErrors=0
00:00:06.318269 TM: GIP - CPU: iCpuSet=0x2 idCpu=0x2 idApic=0x4 iGipCpu=0x2 i64TSCDelta=0 enmState=3 u64CpuHz=3503990631(*) cErrors=0
00:00:06.318273 TM: GIP - CPU: iCpuSet=0x3 idCpu=0x3 idApic=0x6 iGipCpu=0x3 i64TSCDelta=0 enmState=3 u64CpuHz=3503997383(*) cErrors=0
00:00:06.318283 TM: NEM overrides the /TM/TSCModeSwitchAllowed setting.
00:00:06.318295 TM:     cTSCTicksPerSecond=3 503 998 371 (0xd0dac5a3) enmTSCMode=4 (NativeApi) TSCMultiplier=1
00:00:06.318298 TM: cTSCTicksPerSecondHost=3 503 998 371 (0xd0dac5a3)
00:00:06.318299 TM: TSCTiedToExecution=false TSCNotTiedToHalt=false
00:00:06.319662 EMR3Init: fIemExecutesAll=false fGuruOnTripleFault=true
00:00:06.320533 IEM: TargetCpu=CURRENT, Microarch=Intel_Core7_Skylake aidxTargetCpuEflFlavour={1,0}
00:00:06.324402 GIM: Using provider 'None' (Implementation version: 0)
00:00:06.324436 GCM: Initialized - Fixer bits: 0x8 (MesaVmsvgaDrv)
00:00:06.324541 AIOMgr: Default manager type is 'Async'
00:00:06.324546 AIOMgr: Default file backend is 'NonBuffered'
00:00:06.324605 BlkCache: Cache successfully initialized. Cache size is 5242880 bytes
00:00:06.324610 BlkCache: Cache commit interval is 10000 ms
00:00:06.324614 BlkCache: Cache commit threshold is 2621440 bytes
00:00:06.908245 EFI: boot args = 
00:00:06.908255 EFI: device props = 
00:00:06.908287 Found EFI FW Volume, 540672 bytes (132 4096-byte blocks)
00:00:06.914119 EFI: Registered 528KB flash at 00000000ffc00000
00:00:06.915066 PDM: VirtualBox APIC backend registered
00:00:06.915077 CPUM: SetGuestCpuIdFeature: Enabled xAPIC
00:00:06.918296 IOAPIC: Version=2.0 ChipType=ICH9
00:00:06.918360 HPET: Capabilities=0x8086a301 (LegacyRt=true CounterSize=64-bit Timers=4 Revision=0x1)
00:00:06.918473 PIT: mode=3 count=0x10000 (65536) - 18.20 Hz (ch=0)
00:00:06.918662 VMMDev: cbDefaultBudget: 1 073 741 824 (40000000)
00:00:06.933063 Shared Folders service loaded
00:00:06.942790 Guest Control service loaded
00:00:06.971596 VGA: Using the 386+ BIOS image.
00:00:06.973349 DrvVD: Flushes will be ignored
00:00:06.973367 DrvVD: Async flushes will be passed to the disk
00:00:06.974453 VD: VDInit finished with VINF_SUCCESS
00:00:06.974588 VD: Opening the disk took 372928 ns
00:00:06.974677 AHCI: LUN#0: disk, PCHS=1040/16/63, total number of sectors 1048576
00:00:06.974874 AHCI: Port1: No driver attached
00:00:06.974882 AHCI: Port2: No driver attached
00:00:06.974886 AHCI: Port3: No driver attached
00:00:06.974906 AHCI#0: Reset the HBA
00:00:06.974910 VD#0: Cancelling all active requests
00:00:06.974955 AC97: Using codec 'STAC9700'
00:00:07.001760 WasAPI: Input device is: {Default} (iface 000001d554f1b200)
00:00:07.003560 WasAPI: Output device is: {Default} (iface 000001d554f1acb0)
00:00:07.010148 Audio: Found 8 devices for driver 'WasAPI'
00:00:07.010165 Audio: Device 'FxSound Speakers (FxSound Audio Enhancer)':
00:00:07.010166 Audio:   ID              = {0.0.0.00000000}.{a062e489-b389-423f-a2c3-17f65d66ae0a}
00:00:07.010166 Audio:   Usage           = output
00:00:07.010167 Audio:   Flags           = DEFAULT_OUT
00:00:07.010167 Audio:   Input channels  = 0
00:00:07.010167 Audio:   Output channels = 2
00:00:07.010171 Audio: Device 'Digital Audio (S/PDIF) (High Definition Audio Device)':
00:00:07.010172 Audio:   ID              = {0.0.0.00000000}.{021402c7-26f8-4c60-980e-bb5f53b3b37b}
00:00:07.010172 Audio:   Usage           = output
00:00:07.010172 Audio:   Flags           = NONE
00:00:07.010172 Audio:   Input channels  = 0
00:00:07.010173 Audio:   Output channels = 2
00:00:07.010176 Audio: Device 'Speakers (High Definition Audio Device)':
00:00:07.010176 Audio:   ID              = {0.0.0.00000000}.{5e8ca555-126a-4265-a1c6-579436d95ddd}
00:00:07.010176 Audio:   Usage           = output
00:00:07.010177 Audio:   Flags           = NONE
00:00:07.010177 Audio:   Input channels  = 0
00:00:07.010177 Audio:   Output channels = 2
00:00:07.010180 Audio: Device 'FxSound Speakers (FxSound Audio Enhancer)':
00:00:07.010180 Audio:   ID              = {0.0.0.00000000}.{a062e489-b389-423f-a2c3-17f65d66ae0a}
00:00:07.010181 Audio:   Usage           = output
00:00:07.010181 Audio:   Flags           = NONE
00:00:07.010181 Audio:   Input channels  = 0
00:00:07.010181 Audio:   Output channels = 2
00:00:07.010185 Audio: Device 'Digital Audio (S/PDIF) (High Definition Audio Device)':
00:00:07.010185 Audio:   ID              = {0.0.0.00000000}.{acde6671-900e-4208-a09f-0cd007945b00}
00:00:07.010185 Audio:   Usage           = output
00:00:07.010185 Audio:   Flags           = NONE
00:00:07.010185 Audio:   Input channels  = 0
00:00:07.010186 Audio:   Output channels = 2
00:00:07.010189 Audio: Device 'W2010S1-D (NVIDIA High Definition Audio)':
00:00:07.010189 Audio:   ID              = {0.0.0.00000000}.{ace30d46-a55b-4086-8139-957529e5537b}
00:00:07.010189 Audio:   Usage           = output
00:00:07.010190 Audio:   Flags           = NONE
00:00:07.010190 Audio:   Input channels  = 0
00:00:07.010190 Audio:   Output channels = 2
00:00:07.010193 Audio: Device 'Microphone (MicStream)':
00:00:07.010193 Audio:   ID              = {0.0.1.00000000}.{7290edc0-74ed-4582-8cbe-23899d320866}
00:00:07.010194 Audio:   Usage           = input
00:00:07.010194 Audio:   Flags           = DEFAULT_IN
00:00:07.010194 Audio:   Input channels  = 2
00:00:07.010194 Audio:   Output channels = 0
00:00:07.010198 Audio: Device 'Microphone (MicStream)':
00:00:07.010198 Audio:   ID              = {0.0.1.00000000}.{7290edc0-74ed-4582-8cbe-23899d320866}
00:00:07.010198 Audio:   Usage           = input
00:00:07.010198 Audio:   Flags           = NONE
00:00:07.010198 Audio:   Input channels  = 2
00:00:07.010199 Audio:   Output channels = 0
00:00:07.010317 AC97: Reset
00:00:07.010324 AC97: Mixer reset (EAID=0x809, EACS=0x9)
00:00:07.010328 AC97: Record select to left=mic, right=mic
00:00:07.010332 Audio Mixer: MUTING master volume of 'AC'97 Mixer' -- channel volumes: ff ff ff ff ff ff ff ff ff ff ff ff
00:00:07.010386 Audio Mixer: MUTING sink 'AC'97 Mixer/Line In' -- channel volumes: 00 00 00 00 00 00 00 00 00 00 00 00
00:00:07.010397 Audio Mixer: MUTING sink 'AC'97 Mixer/Microphone In' -- channel volumes: 00 00 00 00 00 00 00 00 00 00 00 00
00:00:07.010401 Audio Mixer: MUTING sink 'AC'97 Mixer/PCM Output' -- channel volumes: 00 00 00 00 00 00 00 00 00 00 00 00
00:00:07.010408 Audio Mixer: MUTING sink 'AC'97 Mixer/PCM Output' -- channel volumes: 00 00 00 00 00 00 00 00 00 00 00 00
00:00:07.010412 Audio Mixer: MUTING sink 'AC'97 Mixer/Line In' -- channel volumes: 00 00 00 00 00 00 00 00 00 00 00 00
00:00:07.010415 Audio Mixer: MUTING sink 'AC'97 Mixer/Line In' -- channel volumes: 00 00 00 00 00 00 00 00 00 00 00 00
00:00:07.010419 Audio Mixer: MUTING sink 'AC'97 Mixer/Microphone In' -- channel volumes: 00 00 00 00 00 00 00 00 00 00 00 00
00:00:07.010697 ACPI: Enabling 64-bit prefetch root bus resource 0x0000000100000000..0x0000000fffffffff
00:00:07.010901 PGM: The CPU physical address width is 39 bits
00:00:07.010908 PGM: PGMR3InitFinalize: 4 MB PSE mask 0000007fffffffff -> VINF_SUCCESS
00:00:07.010918 TM: TMR3InitFinalize: fTSCModeSwitchAllowed=false
00:00:07.020940 ACPI: Enabling 64-bit prefetch root bus resource 0x0000000100000000..0x0000000fffffffff
00:00:07.021002 CPUM: Mapped 1.0MiB (1048576 bytes) of RAM using fixed-range MTRRs
00:00:07.021009 CPUM: Mapped 2.0GiB (2147483648 bytes) of RAM using 1 variable-range MTRRs
00:00:07.021119 CPUM: Host IA32_ARCH_CAPABILITIES  = 0x4
00:00:07.021122 CPUM: Guest IA32_ARCH_CAPABILITIES = 0x4
00:00:07.021130 VMM: Thread-context hooks unavailable
00:00:07.021133 VMM: RTThreadPreemptIsPending() can be trusted
00:00:07.021136 VMM: Kernel preemption is possible
00:00:07.021203 EM: Exit history optimizations: enabled=true enabled-r0=true enabled-r0-no-preemption=false
00:00:07.021214 APIC: fPostedIntrsEnabled=false fVirtApicRegsEnabled=false fSupportsTscDeadline=false
00:00:07.021219 TMR3UtcNow: nsNow=1 785 219 413 557 975 000 nsPrev=0 -> cNsDelta=1 785 219 413 557 975 000 (offLag=0 offVirtualSync=0 offVirtualSyncGivenUp=0, NowAgain=1 785 219 413 557 975 000)
00:00:07.021229 VMM: fUsePeriodicPreemptionTimers=true
00:00:07.021278 CPUM: Logical host processors: 4 present, 4 max, 4 online, online mask: 000000000000000f
00:00:07.021280 CPUM: Physical host cores: 4
00:00:07.021280 ************************ CPUID dump *************************
00:00:07.022377          Raw Standard CPUID Leaves
00:00:07.022377      Leaf/sub-leaf  eax      ebx      ecx      edx
00:00:07.022380 Gst: 00000000/0000  00000016 756e6547 6c65746e 49656e69
00:00:07.022381 Hst:                00000016 756e6547 6c65746e 49656e69
00:00:07.022382 Gst: 00000001/0000  000506e3 00040800 76da3203 178bfbff
00:00:07.022383 Hst:                000506e3 06100800 fedaf387 bfebfbff
00:00:07.022384 Gst: 00000002/0000  76036301 00f0b6ff 00000000 00c30000
00:00:07.022385 Hst:                76036301 00f0b6ff 00000000 00c30000
00:00:07.022385 Gst: 00000003/0000  00000000 00000000 00000000 00000000
00:00:07.022386 Hst:                00000000 00000000 00000000 00000000
00:00:07.022386 Gst: 00000004/0000  0c000121 01c0003f 0000003f 00000000
00:00:07.022387 Hst:                1c004121 01c0003f 0000003f 00000000
00:00:07.022387 Gst: 00000004/0001  0c000122 01c0003f 0000003f 00000000
00:00:07.022388 Hst:                1c004122 01c0003f 0000003f 00000000
00:00:07.022388 Gst: 00000004/0002  0c000143 00c0003f 000003ff 00000000
00:00:07.022389 Hst:                1c004143 00c0003f 000003ff 00000000
00:00:07.022390 Gst: 00000004/0003  0c000163 02c0003f 00001fff 00000002
00:00:07.022390 Hst:                1c03c163 02c0003f 00001fff 00000002
00:00:07.022391 Gst: 00000004/0004  0c000000 00000000 00000000 00000000
00:00:07.022392 Hst:                00000000 00000000 00000000 00000000
00:00:07.022392 Gst: 00000005/0000  00000000 00000000 00000000 00000000
00:00:07.022392 Hst:                00000000 00000000 00000000 00000000
00:00:07.022393 Gst: 00000006/0000  00000004 00000000 00000000 00000000
00:00:07.022393 Hst:                000007f3 00000002 00000009 00000000
00:00:07.022394 Gst: 00000007/0000  00000000 008c2529 00000000 30000400
00:00:07.022394 Hst:                00000000 009c6fbb 00000000 bc000400
00:00:07.022395 Gst: 00000007/0001  00000000 00000000 00000000 00000000
00:00:07.022396 Hst:                00000000 00000000 00000000 00000000
00:00:07.022396 Gst: 00000007/0002  00000000 00000000 00000000 00000000
00:00:07.022396 Hst:                00000000 00000000 00000000 00000000
00:00:07.022397 Gst: 00000008/0000  00000000 00000000 00000000 00000000
00:00:07.022397 Hst:                00000000 00000000 00000000 00000000
00:00:07.022398 Gst: 00000009/0000  00000000 00000000 00000000 00000000
00:00:07.022398 Hst:                00000000 00000000 00000000 00000000
00:00:07.022399 Gst: 0000000a/0000  00000000 00000000 00000000 00000000
00:00:07.022399 Hst:                07300804 00000000 00000000 00000603
00:00:07.022400 Gst: 0000000b/0000  00000000 00000001 00000100 00000000
00:00:07.022400 Hst:                00000001 00000001 00000100 00000006
00:00:07.022401 Gst: 0000000b/0001  00000002 00000004 00000201 00000000
00:00:07.022401 Hst:                00000004 00000004 00000201 00000006
00:00:07.022402 Gst: 0000000b/0002  00000000 00000000 00000002 00000000
00:00:07.022402 Hst:                00000000 00000000 00000002 00000006
00:00:07.022402 Gst: 0000000c/0000  00000000 00000000 00000000 00000000
00:00:07.022403 Hst:                00000000 00000000 00000000 00000000
00:00:07.022403 Gst: 0000000d/0000  00000007 00000340 00000340 00000000
00:00:07.022404 Hst:                0000001f 00000440 00000440 00000000
00:00:07.022404 Gst: 0000000d/0001  00000000 000003c0 00000000 00000000
00:00:07.022405 Hst:                0000000f 000003c0 00000000 00000000
00:00:07.022405 Gst: 0000000d/0002  00000100 00000240 00000000 00000000
00:00:07.022406 Hst:                00000100 00000240 00000000 00000000
00:00:07.022406 Gst: 0000000d/0003  00000000 00000000 00000000 00000000
00:00:07.022407 Hst:                00000040 000003c0 00000000 00000000
00:00:07.022407 Gst: 0000000d/0004  00000000 00000000 00000000 00000000
00:00:07.022408 Hst:                00000040 00000400 00000000 00000000
00:00:07.022408 Gst: 0000000d/0005  00000000 00000000 00000000 00000000
00:00:07.022409 Hst:                00000000 00000000 00000000 00000000
00:00:07.022409 Gst: 0000000e/0000  00000000 00000000 00000000 00000000
00:00:07.022410 Hst:                00000000 00000000 00000000 00000000
00:00:07.022410 Gst: 0000000f/0000  00000000 00000000 00000000 00000000
00:00:07.022410 Hst:                00000000 00000000 00000000 00000000
00:00:07.022411 Gst: 00000010/0000  00000000 00000000 00000000 00000000
00:00:07.022411 Hst:                00000000 00000000 00000000 00000000
00:00:07.022412 Gst: 00000011/0000  00000000 00000000 00000000 00000000
00:00:07.022412 Hst:                00000000 00000000 00000000 00000000
00:00:07.022413 Gst: 00000012/0000  00000000 00000000 00000000 00000000
00:00:07.022413 Hst:                00000000 00000000 00000000 00000000
00:00:07.022414 Gst: 00000013/0000  00000000 00000000 00000000 00000000
00:00:07.022414 Hst:                00000000 00000000 00000000 00000000
00:00:07.022414 Gst: 00000014/0000  00000000 00000000 00000000 00000000
00:00:07.022415 Hst:                00000001 0000000f 00000003 00000000
00:00:07.022415 Hst: 00000015/0000  00000002 00000124 00000000 00000000
00:00:07.022416 Hst: 00000016/0000  00000000 00000000 00000000 00000000
00:00:07.022416                                Name: GenuineIntel
00:00:07.022417                            Supports: 0x00000000-0x00000016
00:00:07.022418                              Family:  6 	Extended: 0 	Effective: 6
00:00:07.022419                               Model: 14 	Extended: 5 	Effective: 94
00:00:07.022420                            Stepping: 3
00:00:07.022420                                Type: 0 (primary)
00:00:07.022421                             APIC ID: 0x00
00:00:07.022421                        Logical CPUs: 4
00:00:07.022422                        CLFLUSH Size: 8
00:00:07.022422                            Brand ID: 0x00
00:00:07.022423 Features
00:00:07.022423   Mnemonic - Description                                  = Guest (Host)
00:00:07.022426   FPU - x87 FPU on Chip                                   = 1 (1)
00:00:07.022427   VME - Virtual 8086 Mode Enhancements                    = 1 (1)
00:00:07.022428   DE - Debugging extensions                               = 1 (1)
00:00:07.022429   PSE - Page Size Extension                               = 1 (1)
00:00:07.022429   TSC - Time Stamp Counter                                = 1 (1)
00:00:07.022430   MSR - Model Specific Registers                          = 1 (1)
00:00:07.022431   PAE - Physical Address Extension                        = 1 (1)
00:00:07.022431   MCE - Machine Check Exception                           = 1 (1)
00:00:07.022432   CX8 - CMPXCHG8B instruction                             = 1 (1)
00:00:07.022432   APIC - APIC On-Chip                                     = 1 (1)
00:00:07.022433   SEP - SYSENTER and SYSEXIT Present                      = 1 (1)
00:00:07.022434   MTRR - Memory Type Range Registers                      = 1 (1)
00:00:07.022434   PGE - PTE Global Bit                                    = 1 (1)
00:00:07.022435   MCA - Machine Check Architecture                        = 1 (1)
00:00:07.022436   CMOV - Conditional Move instructions                    = 1 (1)
00:00:07.022436   PAT - Page Attribute Table                              = 1 (1)
00:00:07.022437   PSE-36 - 36-bit Page Size Extension                     = 1 (1)
00:00:07.022437   PSN - Processor Serial Number                           = 0 (0)
00:00:07.022438   CLFSH - CLFLUSH instruction                             = 1 (1)
00:00:07.022439   DS - Debug Store                                        = 0 (1)
00:00:07.022439   ACPI - Thermal Mon. & Soft. Clock Ctrl.                 = 0 (1)
00:00:07.022440   MMX - Intel MMX Technology                              = 1 (1)
00:00:07.022441   FXSR - FXSAVE and FXRSTOR instructions                  = 1 (1)
00:00:07.022441   SSE - SSE support                                       = 1 (1)
00:00:07.022442   SSE2 - SSE2 support                                     = 1 (1)
00:00:07.022442   SS - Self Snoop                                         = 0 (1)
00:00:07.022443   HTT - Hyper-Threading Technology                        = 1 (1)
00:00:07.022444   TM - Therm. Monitor                                     = 0 (1)
00:00:07.022444   PBE - Pending Break Enabled                             = 0 (1)
00:00:07.022445   SSE3 - SSE3 support                                     = 1 (1)
00:00:07.022446   PCLMUL - PCLMULQDQ support (for AES-GCM)                = 1 (1)
00:00:07.022446   DTES64 - DS Area 64-bit Layout                          = 0 (1)
00:00:07.022447   MONITOR - MONITOR/MWAIT instructions                    = 0 (0)
00:00:07.022448   CPL-DS - CPL Qualified Debug Store                      = 0 (0)
00:00:07.022448   VMX - Virtual Machine Extensions                        = 0 (0)
00:00:07.022449   SMX - Safer Mode Extensions                             = 0 (0)
00:00:07.022449   EST - Enhanced SpeedStep Technology                     = 0 (1)
00:00:07.022450   TM2 - Terminal Monitor 2                                = 0 (1)
00:00:07.022451   SSSE3 - Supplemental Streaming SIMD Extensions 3        = 1 (1)
00:00:07.022451   CNTX-ID - L1 Context ID                                 = 0 (0)
00:00:07.022452   SDBG - Silicon Debug interface                          = 0 (0)
00:00:07.022452   FMA - Fused Multiply Add extensions                     = 1 (1)
00:00:07.022453   CX16 - CMPXCHG16B instruction                           = 1 (1)
00:00:07.022454   TPRUPDATE - xTPR Update Control                         = 0 (1)
00:00:07.022454   PDCM - Perf/Debug Capability MSR                        = 0 (1)
00:00:07.022455   PCID - Process Context Identifiers                      = 1 (1)
00:00:07.022455   DCA - Direct Cache Access                               = 0 (0)
00:00:07.022456   SSE4_1 - SSE4_1 support                                 = 1 (1)
00:00:07.022457   SSE4_2 - SSE4_2 support                                 = 1 (1)
00:00:07.022457   X2APIC - x2APIC support                                 = 0 (0)
00:00:07.022458   MOVBE - MOVBE instruction                               = 1 (1)
00:00:07.022459   POPCNT - POPCNT instruction                             = 1 (1)
00:00:07.022459   TSCDEADL - Time Stamp Counter Deadline                  = 0 (0)
00:00:07.022460   AES - AES instructions                                  = 1 (1)
00:00:07.022460   XSAVE - XSAVE instruction                               = 1 (1)
00:00:07.022461   OSXSAVE - OSXSAVE instruction                           = 0 (1)
00:00:07.022462   AVX - AVX support                                       = 1 (1)
00:00:07.022462   F16C - 16-bit floating point conversion instructions    = 1 (1)
00:00:07.022463   RDRAND - RDRAND instruction                             = 1 (1)
00:00:07.022463   HVP - Hypervisor Present (we're a guest)                = 0 (1)
00:00:07.022464 Structured Extended Feature Flags Enumeration (leaf 7):
00:00:07.022464 Sub-leaf 0
00:00:07.022465   Mnemonic - Description                                  = Guest (Host)
00:00:07.022467   FSGSBASE - RDFSBASE/RDGSBASE/WRFSBASE/WRGSBASE instr.   = 1 (1)
00:00:07.022468   TSCADJUST - Supports MSR_IA32_TSC_ADJUST                = 0 (1)
00:00:07.022468   SGX - Supports Software Guard Extensions                = 0 (0)
00:00:07.022469   BMI1 - Advanced Bit Manipulation extension 1            = 1 (1)
00:00:07.022469   HLE - Hardware Lock Elision                             = 0 (1)
00:00:07.022470   AVX2 - Advanced Vector Extensions 2                     = 1 (1)
00:00:07.022471   FDP_EXCPTN_ONLY - FPU DP only updated on exceptions     = 0 (0)
00:00:07.022471   SMEP - Supervisor Mode Execution Prevention             = 0 (1)
00:00:07.022472   BMI2 - Advanced Bit Manipulation extension 2            = 1 (1)
00:00:07.022472   ERMS - Enhanced REP MOVSB/STOSB instructions            = 0 (1)
00:00:07.022473   INVPCID - INVPCID instruction                           = 1 (1)
00:00:07.022473   RTM - Restricted Transactional Memory                   = 0 (1)
00:00:07.022474   PQM - Platform Quality of Service Monitoring            = 0 (0)
00:00:07.022474   DEPFPU_CS_DS - Deprecates FPU CS, FPU DS values if set  = 1 (1)
00:00:07.022475   MPE - Intel Memory Protection Extensions                = 0 (1)
00:00:07.022475   PQE - Platform Quality of Service Enforcement           = 0 (0)
00:00:07.022476   AVX512F - AVX512 Foundation instructions                = 0 (0)
00:00:07.022477   AVX512DQ - Supports the AVX512DQ instructions           = 0 (0)
00:00:07.022477   RDSEED - RDSEED instruction                             = 1 (1)
00:00:07.022478   ADX - ADCX/ADOX instructions                            = 1 (1)
00:00:07.022478   SMAP - Supervisor Mode Access Prevention                = 0 (1)
00:00:07.022479   AVX512_IFMA - Supports the AVX512_IFMA instructions     = 0 (0)
00:00:07.022479   CLFLUSHOPT - CLFLUSHOPT (Cache Line Flush) instruction  = 1 (1)
00:00:07.022480   CLWB - CLWB instruction                                 = 0 (0)
00:00:07.022481   INTEL_PT - Intel Processor Trace                        = 0 (0)
00:00:07.022481   AVX512PF - AVX512 Prefetch instructions                 = 0 (0)
00:00:07.022482   AVX512ER - AVX512 Exponential & Reciprocal instructions = 0 (0)
00:00:07.022482   AVX512CD - AVX512 Conflict Detection instructions       = 0 (0)
00:00:07.022483   SHA - Secure Hash Algorithm extensions                  = 0 (0)
00:00:07.022483   AVX512BW - Supports the AVX512BW instructions           = 0 (0)
00:00:07.022484   AVX512VL - Supports the AVX512VL instructions           = 0 (0)
00:00:07.022484   PREFETCHWT1 - PREFETCHWT1 instruction                   = 0 (0)
00:00:07.022485   AVX512_VBMI - Supports the AVX512_VBMI instructions     = 0 (0)
00:00:07.022485   UMIP - User mode insturction prevention                 = 0 (0)
00:00:07.022486   PKU - Protection Key for Usermode pages                 = 0 (0)
00:00:07.022486   OSPKE - CR4.PKU mirror                                  = 0 (0)
00:00:07.022487   WAITPKG - TPAUSE, UMONITOR & UMWAIT support             = 0 (0)
00:00:07.022488   AVX512_VBMI2 - Supports the AVX512_VBMI2 instructions   = 0 (0)
00:00:07.022488   CET_SS - CET shadow stack support                       = 0 (0)
00:00:07.022489   GFNI - Supports the GFNI instruction set                = 0 (0)
00:00:07.022489   VAES - Supports the VEX encoded AES instruction set     = 0 (0)
00:00:07.022490   VPCLMULQDQ - Supports the VPCLMULQDQ instruction        = 0 (0)
00:00:07.022490   AVX512_VNNI - Supports the AVX512_VNNI instructions     = 0 (0)
00:00:07.022491   AVX512_BITALG - Supports the AVX512_BITALG instructions = 0 (0)
00:00:07.022491   TME_EN - Supports 4 IA32_TME_ MSRs                      = 0 (0)
00:00:07.022492   AVX512_VPOPCNTDQ - Supports the AVX512_VPOPCNTDQ instructions = 0 (0)
00:00:07.022492   LA57 - 57-bit linear addresses                          = 0 (0)
00:00:07.022493   MAWAU - Value used by BNDLDX & BNDSTX                   = 0x0 (0x0)
00:00:07.022493   RDPID - Read processor ID support                       = 0 (0)
00:00:07.022494   KEY_LOCKER - Supports Key Locker                        = 0 (0)
00:00:07.022495   BUS_LOCK_DETECT - Supports OS bus-lock detection        = 0 (0)
00:00:07.022495   CLDEMOTE - Supports cache line demote                   = 0 (0)
00:00:07.022496   MOVDIRI - Supports the MOVDIRI instruction              = 0 (0)
00:00:07.022496   MOVDIRI64B - Supports the MOVDIRI64B instruction        = 0 (0)
00:00:07.022497   ENQCMD - Supports the Eqnqueue Stores                   = 0 (0)
00:00:07.022497   SGX_LC - Supports SGX Launch Configuration              = 0 (0)
00:00:07.022500   PKS - Supports protection keys for supervisor pages     = 0 (0)
00:00:07.022500   SGX_KEYS - Supports Attestation Service for Intel SGX   = 0 (0)
00:00:07.022501   AVX512_4VNNIW - Supports the AVX512_4VNNIW instructions = 0 (0)
00:00:07.022501   AVX512_4FMAPS - Supports the AVX512_4FMAPS instructions = 0 (0)
00:00:07.022502   FAST_SHORT_REP_MOVSB - Supports fast short REP MOVSB    = 0 (0)
00:00:07.022502   UINTR - Supports user interrupts                        = 0 (0)
00:00:07.022503   AVX512_VP2INTERSECT - Supports the AVX512_VP2INTERSECT instr. = 0 (0)
00:00:07.022503   MCU_OPT_CTRL - Supports IA32_MCU_OPT_CTRL               = 0 (0)
00:00:07.022504   MD_CLEAR - Supports MDS related buffer clearing         = 1 (1)
00:00:07.022504   RTM_ALWAYS_ABORT - XBEGIN always aborts and does fallback = 0 (0)
00:00:07.022505   RTM_FORCE_ABORT - Supports IA32_TSX_FORCE_ABORT         = 0 (0)
00:00:07.022505   SERIALIZE - Supports the SERIALIZE instruction          = 0 (0)
00:00:07.022506   HYBRID - Identifiers the CPU as a hybrid part           = 0 (0)
00:00:07.022506   TSXLDTRK - Supports susp/resume of TSX ld addr tracking = 0 (0)
00:00:07.022507   PCONFIG - Supports the PCONFIG instruction              = 0 (0)
00:00:07.022507   ARCH_LBRS - Supports architectural LBRs                 = 0 (0)
00:00:07.022508   CET_IBT - Supports indirect branch tracking w/ CET      = 0 (0)
00:00:07.022508   AMX_BF16 - Supports tile comp. ops on bfloat16 number   = 0 (0)
00:00:07.022509   AVX512_FP16 - Supports the FP16 data type with AVX512   = 0 (0)
00:00:07.022509   AMX_TILE - Supports the tile architecture               = 0 (0)
00:00:07.022510   AMX_INT8 - Supports tile comp. ops on 8-bit integers    = 0 (0)
00:00:07.022510   IBRS_IBPB - IA32_SPEC_CTRL.IBRS and IA32_PRED_CMD.IBPB  = 0 (1)
00:00:07.022511   STIBP - Supports IA32_SPEC_CTRL.STIBP                   = 0 (1)
00:00:07.022511   FLUSH_CMD - Supports IA32_FLUSH_CMD                     = 1 (1)
00:00:07.022512   ARCHCAP - Supports IA32_ARCH_CAP                        = 1 (1)
00:00:07.022512   CORECAP - Supports IA32_CORE_CAP                        = 0 (0)
00:00:07.022513   SSBD - Supports IA32_SPEC_CTRL.SSBD                     = 0 (1)
00:00:07.022514  Sub-leaf 2
00:00:07.022514   Mnemonic - Description                                  = Guest (Host)
00:00:07.022515   PSFD - Supports IA32_SPEC_CTRL[7] (PSFD)                = 0 (0)
00:00:07.022515   IPRED_CTRL - Supports IA32_SPEC_CTRL[4:3] (IPRED_DIS)   = 0 (0)
00:00:07.022516   RRSBA_CTRL - Supports IA32_SPEC_CTRL[6:5] (RRSBA_DIS)   = 0 (0)
00:00:07.022516   DDPD_U - Supports IA32_SPEC_CTRL[8] (DDPD_U)            = 0 (0)
00:00:07.022517   BHI_CTRL - Supports IA32_SPEC_CTRL[10] (BHI_DIS_S)      = 0 (0)
00:00:07.022517   MCDT_NO - No MXCSR Config Dependent Timing issues       = 0 (0)
00:00:07.022518   UC_LOCK_DIS - Supports UC-lock disable and causing #AC  = 0 (0)
00:00:07.022518   MONITOR_MITG_NO - No MONITOR/UMONITOR power issues      = 0 (0)
00:00:07.022519 Processor Extended State Enumeration (leaf 0xd):
00:00:07.022519    XSAVE area cur/max size by XCR0, Guest: 0x340/0x340
00:00:07.022520    XSAVE area cur/max size by XCR0,  Host: 0x440/0x440
00:00:07.022520                    Valid XCR0 bits, Guest: 0x00000000`00000007 ( x87 SSE YMM_Hi128 )
00:00:07.022522                    Valid XCR0 bits,  Host: 0x00000000`0000001f ( x87 SSE YMM_Hi128 BNDREGS BNDCSR )
00:00:07.022523                     XSAVE features, Guest
00:00:07.022524                     XSAVE features,  Host XSAVEOPT XSAVEC XGETBC1 XSAVES
00:00:07.022525       XSAVE area cur size XCR0|XSS, Guest: 0x3c0
00:00:07.022525       XSAVE area cur size XCR0|XSS,  Host: 0x3c0
00:00:07.022526                Valid IA32_XSS bits, Guest: 0x00000000`00000000
00:00:07.022526                Valid IA32_XSS bits,  Host: 0x00000000`00000000
00:00:07.022527   State #2, Guest: off=0x0240, cb=0x0100 IA32_XSS-bit -- YMM_Hi128
00:00:07.022528   State #2,  Host:  off=0x0240, cb=0x0100 IA32_XSS-bit -- YMM_Hi128
00:00:07.022529   State #3,  Host:  off=0x03c0, cb=0x0040 IA32_XSS-bit -- BNDREGS
00:00:07.022530   State #4,  Host:  off=0x0400, cb=0x0040 IA32_XSS-bit -- BNDCSR
00:00:07.022533          Raw Hypervisor CPUID Leaves
00:00:07.022533      Leaf/sub-leaf  eax      ebx      ecx      edx
00:00:07.022534 Hst: 40000000/0000  4000000c 7263694d 666f736f 76482074
00:00:07.022535 Hst: 40000001/0000  31237648 00000000 00000000 00000000
00:00:07.022535 Hst: 40000002/0000  00004a61 000a0000 00000006 00001938
00:00:07.022536 Hst: 40000003/0000  00003fff 002bb9ff 00000002 3dfffbf6
00:00:07.022537 Hst: 40000004/0000  00062d1c 00000000 0000002e 00000000
00:00:07.022537 Hst: 40000005/0000  00000400 00000400 00000324 00000000
00:00:07.022538 Hst: 40000006/0000  007200af 00000000 00000000 00000000
00:00:07.022539 Hst: 40000007/0000  80000007 00000003 00000000 00000000
00:00:07.022539 Hst: 40000008/0000  00000000 00000000 00000000 00000000
00:00:07.022540 Hst: 40000009/0000  00000000 00000000 00000000 00000000
00:00:07.022540 Hst: 4000000a/0000  00000000 00000000 00000000 00000000
00:00:07.022541 Hst: 4000000b/0000  001ff002 00000000 00000000 00000000
00:00:07.022541 Hst: 4000000c/0000  00000000 00000000 00000000 00000000
00:00:07.022542          Raw Extended CPUID Leaves
00:00:07.022542      Leaf/sub-leaf  eax      ebx      ecx      edx
00:00:07.022543 Gst: 80000000/0000  80000008 00000000 00000000 00000000
00:00:07.022543 Hst:                80000008 00000000 00000000 00000000
00:00:07.022544 Gst: 80000001/0000  00000000 00000000 00000121 28100800
00:00:07.022544 Hst:                00000000 00000000 00000121 2c100800
00:00:07.022545 Gst: 80000002/0000  65746e49 2952286c 726f4320 4d542865
00:00:07.022546 Hst:                65746e49 2952286c 726f4320 4d542865
00:00:07.022546 Gst: 80000003/0000  35692029 3036362d 43204b30 40205550
00:00:07.022547 Hst:                35692029 3036362d 43204b30 40205550
00:00:07.022548 Gst: 80000004/0000  352e3320 7a484730 00000000 00000000
00:00:07.022548 Hst:                352e3320 7a484730 00000000 00000000
00:00:07.022549 Gst: 80000005/0000  00000000 00000000 00000000 00000000
00:00:07.022549 Hst:                00000000 00000000 00000000 00000000
00:00:07.022550 Gst: 80000006/0000  00000000 00000000 01006040 00000000
00:00:07.022551 Hst:                00000000 00000000 01006040 00000000
00:00:07.022551 Gst: 80000007/0000  00000000 00000000 00000000 00000100
00:00:07.022552 Hst:                00000000 00000000 00000000 00000100
00:00:07.022552 Gst: 80000008/0000  00003027 00000000 00000000 00000000
00:00:07.022553 Hst:                00003027 00000000 00000000 00000000
00:00:07.022553 Ext Name:                        
00:00:07.022554 Ext Supports:                    0x80000000-0x80000008
00:00:07.022554 Family:                          0  	Extended: 0 	Effective: 0
00:00:07.022555 Model:                           0  	Extended: 0 	Effective: 0
00:00:07.022555 Stepping:                        0
00:00:07.022555 Brand ID:                        0x000
00:00:07.022556 Ext Features
00:00:07.022556   Mnemonic - Description                                  = Guest (Host)
00:00:07.022557   FPU - x87 FPU on Chip                                   = 0 (0)
00:00:07.022557   VME - Virtual 8086 Mode Enhancements                    = 0 (0)
00:00:07.022558   DE - Debugging extensions                               = 0 (0)
00:00:07.022559   PSE - Page Size Extension                               = 0 (0)
00:00:07.022559   TSC - Time Stamp Counter                                = 0 (0)
00:00:07.022562   MSR - K86 Model Specific Registers                      = 0 (0)
00:00:07.022562   PAE - Physical Address Extension                        = 0 (0)
00:00:07.022563   MCE - Machine Check Exception                           = 0 (0)
00:00:07.022564   CX8 - CMPXCHG8B instruction                             = 0 (0)
00:00:07.022564   APIC - APIC On-Chip                                     = 0 (0)
00:00:07.022565   SEP - SYSCALL/SYSRET                                    = 1 (1)
00:00:07.022566   MTRR - Memory Type Range Registers                      = 0 (0)
00:00:07.022566   PGE - PTE Global Bit                                    = 0 (0)
00:00:07.022567   MCA - Machine Check Architecture                        = 0 (0)
00:00:07.022567   CMOV - Conditional Move instructions                    = 0 (0)
00:00:07.022568   PAT - Page Attribute Table                              = 0 (0)
00:00:07.022569   PSE-36 - 36-bit Page Size Extension                     = 0 (0)
00:00:07.022569   NX - No-Execute/Execute-Disable                         = 1 (1)
00:00:07.022570   AXMMX - AMD Extensions to MMX instructions              = 0 (0)
00:00:07.022573   MMX - Intel MMX Technology                              = 0 (0)
00:00:07.022574   FXSR - FXSAVE and FXRSTOR Instructions                  = 0 (0)
00:00:07.022574   FFXSR - AMD fast FXSAVE and FXRSTOR instructions        = 0 (0)
00:00:07.022575   Page1GB - 1 GB large page                               = 0 (1)
00:00:07.022576   RDTSCP - RDTSCP instruction                             = 1 (1)
00:00:07.022576   LM - AMD64 Long Mode                                    = 1 (1)
00:00:07.022577   3DNOWEXT - AMD Extensions to 3DNow                      = 0 (0)
00:00:07.022578   3DNOW - AMD 3DNow                                       = 0 (0)
00:00:07.022578   LahfSahf - LAHF/SAHF support in 64-bit mode             = 1 (1)
00:00:07.022579   CmpLegacy - Core multi-processing legacy mode           = 0 (0)
00:00:07.022580   SVM - AMD Secure Virtual Machine extensions             = 0 (0)
00:00:07.022580   EXTAPIC - AMD Extended APIC registers                   = 0 (0)
00:00:07.022581   CR8L - AMD LOCK MOV CR0 means MOV CR8                   = 0 (0)
00:00:07.022581   ABM - AMD Advanced Bit Manipulation                     = 1 (1)
00:00:07.022582   SSE4A - SSE4A instructions                              = 0 (0)
00:00:07.022582   MISALIGNSSE - AMD Misaligned SSE mode                   = 0 (0)
00:00:07.022583   3DNOWPRF - AMD PREFETCH and PREFETCHW instructions      = 1 (1)
00:00:07.022583   OSVW - AMD OS Visible Workaround                        = 0 (0)
00:00:07.022584   IBS - Instruct Based Sampling                           = 0 (0)
00:00:07.022585   XOP - Extended Operation support                        = 0 (0)
00:00:07.022585   SKINIT - SKINIT, STGI, and DEV support                  = 0 (0)
00:00:07.022586   WDT - AMD Watchdog Timer support                        = 0 (0)
00:00:07.022586   LWP - Lightweight Profiling support                     = 0 (0)
00:00:07.022587   FMA4 - Four operand FMA instruction support             = 0 (0)
00:00:07.022587   TCE - Translation Cache Extension support               = 0 (0)
00:00:07.022588   NodeId - NodeId in MSR C001_100C                        = 0 (0)
00:00:07.022589   TBM - Trailing Bit Manipulation instructions            = 0 (0)
00:00:07.022589   TOPOEXT - Topology Extensions                           = 0 (0)
00:00:07.022590   PRFEXTCORE - Performance Counter Extensions support     = 0 (0)
00:00:07.022590   PRFEXTNB - NB Performance Counter Extensions support    = 0 (0)
00:00:07.022591   DATABPEXT - Data-access Breakpoint Extension            = 0 (0)
00:00:07.022591   PERFTSC - Performance Time Stamp Counter                = 0 (0)
00:00:07.022592   PCX_L2I - L2I/L3 Performance Counter Extensions         = 0 (0)
00:00:07.022592   MONITORX - MWAITX and MONITORX instructions             = 0 (0)
00:00:07.022593   AddrMaskExt - BP Addressing masking extended to bit 31  = 0 (0)
00:00:07.022595 Full Name:                       "Intel(R) Core(TM) i5-6600K CPU @ 3.50GHz"
00:00:07.022596 TLB 2/4M Instr/Uni:              res0     0 entries
00:00:07.022596 TLB 2/4M Data:                   res0     0 entries
00:00:07.022597 TLB 4K Instr/Uni:                res0     0 entries
00:00:07.022597 TLB 4K Data:                     res0     0 entries
00:00:07.022597 L1 Instr Cache Line Size:        0 bytes
00:00:07.022597 L1 Instr Cache Lines Per Tag:    0
00:00:07.022598 L1 Instr Cache Associativity:    res0  
00:00:07.022598 L1 Instr Cache Size:             0 KB
00:00:07.022598 L1 Data Cache Line Size:         0 bytes
00:00:07.022598 L1 Data Cache Lines Per Tag:     0
00:00:07.022599 L1 Data Cache Associativity:     res0  
00:00:07.022599 L1 Data Cache Size:              0 KB
00:00:07.022599 L2 TLB 2/4M Instr/Uni:           off       0 entries
00:00:07.022599 L2 TLB 2/4M Data:                off       0 entries
00:00:07.022600 L2 TLB 4K Instr/Uni:             off       0 entries
00:00:07.022600 L2 TLB 4K Data:                  off       0 entries
00:00:07.022600 L2 Cache Line Size:              64 bytes
00:00:07.022602 L2 Cache Lines Per Tag:          0
00:00:07.022602 L2 Cache Associativity:          8 way 
00:00:07.022603 L2 Cache Size:                   256 KB
00:00:07.022603 L3 Cache Line Size:              0 bytes
00:00:07.022603 L3 Cache Lines Per Tag:          0
00:00:07.022603 L3 Cache Associativity:          off   
00:00:07.022604 L3 Cache Size:                   0 KB
00:00:07.022604 APM Features EDX
00:00:07.022604   Mnemonic - Description                                  = Guest (Host)
00:00:07.022607   TS - Temperature Sensor                                 = 0 (0)
00:00:07.022607   FID - Frequency ID control                              = 0 (0)
00:00:07.022608   VID - Voltage ID control                                = 0 (0)
00:00:07.022609   TTP - Thermal Trip                                      = 0 (0)
00:00:07.022609   TM - Hardware Thermal Control (HTC)                     = 0 (0)
00:00:07.022610   100MHzSteps - 100 MHz Multiplier control                = 0 (0)
00:00:07.022611   HwPstate - Hardware P-state control                     = 0 (0)
00:00:07.022611   TscInvariant - Invariant Time Stamp Counter             = 1 (1)
00:00:07.022612   CPB - Core Performance Boost                            = 0 (0)
00:00:07.022612   EffFreqRO - Read-only Effective Frequency Interface     = 0 (0)
00:00:07.022613   ProcFdbkIf - Processor Feedback Interface               = 0 (0)
00:00:07.022613   ProcPwrRep - Core power reporting interface support     = 0 (0)
00:00:07.022614   ConnectedStandby - Connected Standby                    = 0 (0)
00:00:07.022614   RAPL - Running average power limit                      = 0 (0)
00:00:07.022615 Physical Address Width:          39 bits
00:00:07.022616 Virtual Address Width:           48 bits
00:00:07.022616 Max page count for INVLPGB:      0x3027
00:00:07.022616 Max ECX for RDPRU:               0x0
00:00:07.022619 ********************* End of CPUID dump *********************
00:00:07.022735 VMEmt: Halt method global1 (5)
00:00:07.022842 VMEmt: HaltedGlobal1 config: cNsSpinBlockThresholdCfg=50000
00:00:07.022889 Changing the VM state from 'CREATING' to 'CREATED'
00:00:07.024480 Changing the VM state from 'CREATED' to 'POWERING_ON'
00:00:07.024630 VMSVGA3d: cap[0]=0x00000000 {3D}
00:00:07.024640 VMSVGA3d: cap[1]=0x00000000 {MAX_LIGHTS}
00:00:07.024640 VMSVGA3d: cap[2]=0x00000000 {MAX_TEXTURES}
00:00:07.024640 VMSVGA3d: cap[3]=0x00000000 {MAX_CLIP_PLANES}
00:00:07.024641 VMSVGA3d: cap[4]=0x00000000 {VERTEX_SHADER_VERSION}
00:00:07.024641 VMSVGA3d: cap[5]=0x00000000 {VERTEX_SHADER}
00:00:07.024642 VMSVGA3d: cap[6]=0x00000000 {FRAGMENT_SHADER_VERSION}
00:00:07.024642 VMSVGA3d: cap[7]=0x00000000 {FRAGMENT_SHADER}
00:00:07.024642 VMSVGA3d: cap[8]=0x00000000 {MAX_RENDER_TARGETS}
00:00:07.024643 VMSVGA3d: cap[9]=0x00000000 {S23E8_TEXTURES}
00:00:07.024643 VMSVGA3d: cap[10]=0x00000000 {S10E5_TEXTURES}
00:00:07.024643 VMSVGA3d: cap[11]=0x00000000 {MAX_FIXED_VERTEXBLEND}
00:00:07.024644 VMSVGA3d: cap[12]=0x00000000 {D16_BUFFER_FORMAT}
00:00:07.024644 VMSVGA3d: cap[13]=0x00000000 {D24S8_BUFFER_FORMAT}
00:00:07.024644 VMSVGA3d: cap[14]=0x00000000 {D24X8_BUFFER_FORMAT}
00:00:07.024645 VMSVGA3d: cap[15]=0x00000000 {QUERY_TYPES}
00:00:07.024645 VMSVGA3d: cap[16]=0x00000000 {TEXTURE_GRADIENT_SAMPLING}
00:00:07.024645 VMSVGA3d: cap[17]=0.000000 {MAX_POINT_SIZE}
00:00:07.024646 VMSVGA3d: cap[18]=0x00000000 {MAX_SHADER_TEXTURES}
00:00:07.024646 VMSVGA3d: cap[19]=0x00004000 {MAX_TEXTURE_WIDTH}
00:00:07.024647 VMSVGA3d: cap[20]=0x00004000 {MAX_TEXTURE_HEIGHT}
00:00:07.024647 VMSVGA3d: cap[21]=0x00000000 {MAX_VOLUME_EXTENT}
00:00:07.024648 VMSVGA3d: cap[22]=0x00000000 {MAX_TEXTURE_REPEAT}
00:00:07.024648 VMSVGA3d: cap[23]=0x00000000 {MAX_TEXTURE_ASPECT_RATIO}
00:00:07.024649 VMSVGA3d: cap[24]=0x00000000 {MAX_TEXTURE_ANISOTROPY}
00:00:07.024649 VMSVGA3d: cap[25]=0x00000000 {MAX_PRIMITIVE_COUNT}
00:00:07.024649 VMSVGA3d: cap[26]=0x00000000 {MAX_VERTEX_INDEX}
00:00:07.024650 VMSVGA3d: cap[27]=0x00000000 {MAX_VERTEX_SHADER_INSTRUCTIONS}
00:00:07.024650 VMSVGA3d: cap[28]=0x00000000 {MAX_FRAGMENT_SHADER_INSTRUCTIONS}
00:00:07.024650 VMSVGA3d: cap[29]=0x00000000 {MAX_VERTEX_SHADER_TEMPS}
00:00:07.024651 VMSVGA3d: cap[30]=0x00000000 {MAX_FRAGMENT_SHADER_TEMPS}
00:00:07.024651 VMSVGA3d: cap[31]=0x00000000 {TEXTURE_OPS}
00:00:07.024651 VMSVGA3d: cap[32]=0x00000000 {SURFACEFMT_X8R8G8B8}
00:00:07.024652 VMSVGA3d: cap[33]=0x00000000 {SURFACEFMT_A8R8G8B8}
00:00:07.024652 VMSVGA3d: cap[34]=0x00000000 {SURFACEFMT_A2R10G10B10}
00:00:07.024652 VMSVGA3d: cap[35]=0x00000000 {SURFACEFMT_X1R5G5B5}
00:00:07.024653 VMSVGA3d: cap[36]=0x00000000 {SURFACEFMT_A1R5G5B5}
00:00:07.024653 VMSVGA3d: cap[37]=0x00000000 {SURFACEFMT_A4R4G4B4}
00:00:07.024653 VMSVGA3d: cap[38]=0x00000000 {SURFACEFMT_R5G6B5}
00:00:07.024654 VMSVGA3d: cap[39]=0x00000000 {SURFACEFMT_LUMINANCE16}
00:00:07.024654 VMSVGA3d: cap[40]=0x00000000 {SURFACEFMT_LUMINANCE8_ALPHA8}
00:00:07.024654 VMSVGA3d: cap[41]=0x00000000 {SURFACEFMT_ALPHA8}
00:00:07.024655 VMSVGA3d: cap[42]=0x00000000 {SURFACEFMT_LUMINANCE8}
00:00:07.024655 VMSVGA3d: cap[43]=0x00000000 {SURFACEFMT_Z_D16}
00:00:07.024655 VMSVGA3d: cap[44]=0x00000000 {SURFACEFMT_Z_D24S8}
00:00:07.024656 VMSVGA3d: cap[45]=0x00000000 {SURFACEFMT_Z_D24X8}
00:00:07.024656 VMSVGA3d: cap[46]=0x00000000 {SURFACEFMT_DXT1}
00:00:07.024656 VMSVGA3d: cap[47]=0x00000000 {SURFACEFMT_DXT2}
00:00:07.024657 VMSVGA3d: cap[48]=0x00000000 {SURFACEFMT_DXT3}
00:00:07.024657 VMSVGA3d: cap[49]=0x00000000 {SURFACEFMT_DXT4}
00:00:07.024657 VMSVGA3d: cap[50]=0x00000000 {SURFACEFMT_DXT5}
00:00:07.024658 VMSVGA3d: cap[51]=0x00000000 {SURFACEFMT_BUMPX8L8V8U8}
00:00:07.024658 VMSVGA3d: cap[52]=0x00000000 {SURFACEFMT_A2W10V10U10}
00:00:07.024658 VMSVGA3d: cap[53]=0x00000000 {SURFACEFMT_BUMPU8V8}
00:00:07.024659 VMSVGA3d: cap[54]=0x00000000 {SURFACEFMT_Q8W8V8U8}
00:00:07.024659 VMSVGA3d: cap[55]=0x00000000 {SURFACEFMT_CxV8U8}
00:00:07.024659 VMSVGA3d: cap[56]=0x00000000 {SURFACEFMT_R_S10E5}
00:00:07.024660 VMSVGA3d: cap[57]=0x00000000 {SURFACEFMT_R_S23E8}
00:00:07.024660 VMSVGA3d: cap[58]=0x00000000 {SURFACEFMT_RG_S10E5}
00:00:07.024660 VMSVGA3d: cap[59]=0x00000000 {SURFACEFMT_RG_S23E8}
00:00:07.024661 VMSVGA3d: cap[60]=0x00000000 {SURFACEFMT_ARGB_S10E5}
00:00:07.024661 VMSVGA3d: cap[61]=0x00000000 {SURFACEFMT_ARGB_S23E8}
00:00:07.024661 VMSVGA3d: cap[62]=0x00000000 {MISSING62}
00:00:07.024662 VMSVGA3d: cap[63]=0x00000000 {MAX_VERTEX_SHADER_TEXTURES}
00:00:07.024662 VMSVGA3d: cap[64]=0x00000000 {MAX_SIMULTANEOUS_RENDER_TARGETS}
00:00:07.024662 VMSVGA3d: cap[65]=0x00000000 {SURFACEFMT_V16U16}
00:00:07.024663 VMSVGA3d: cap[66]=0x00000000 {SURFACEFMT_G16R16}
00:00:07.024663 VMSVGA3d: cap[67]=0x00000000 {SURFACEFMT_A16B16G16R16}
00:00:07.024663 VMSVGA3d: cap[68]=0x00000000 {SURFACEFMT_UYVY}
00:00:07.024664 VMSVGA3d: cap[69]=0x00000000 {SURFACEFMT_YUY2}
00:00:07.024664 VMSVGA3d: cap[70]=0x00000000 {DEAD4}
00:00:07.024664 VMSVGA3d: cap[71]=0x00000000 {DEAD5}
00:00:07.024665 VMSVGA3d: cap[72]=0x00000000 {DEAD7}
00:00:07.024665 VMSVGA3d: cap[73]=0x00000000 {DEAD6}
00:00:07.024665 VMSVGA3d: cap[74]=0x00000000 {AUTOGENMIPMAPS}
00:00:07.024666 VMSVGA3d: cap[75]=0x00000000 {SURFACEFMT_NV12}
00:00:07.024666 VMSVGA3d: cap[76]=0x00000000 {DEAD10}
00:00:07.024666 VMSVGA3d: cap[77]=0x00000000 {MAX_CONTEXT_IDS}
00:00:07.024667 VMSVGA3d: cap[78]=0x00000000 {MAX_SURFACE_IDS}
00:00:07.024667 VMSVGA3d: cap[79]=0x00000000 {SURFACEFMT_Z_DF16}
00:00:07.024667 VMSVGA3d: cap[80]=0x00000000 {SURFACEFMT_Z_DF24}
00:00:07.024668 VMSVGA3d: cap[81]=0x00000000 {SURFACEFMT_Z_D24S8_INT}
00:00:07.024668 VMSVGA3d: cap[82]=0x00000000 {SURFACEFMT_ATI1}
00:00:07.024668 VMSVGA3d: cap[83]=0x00000000 {SURFACEFMT_ATI2}
00:00:07.024669 VMSVGA3d: cap[84]=0x00000000 {DEAD1}
00:00:07.024669 VMSVGA3d: cap[85]=0x00000000 {DEAD8}
00:00:07.024669 VMSVGA3d: cap[86]=0x00000000 {DEAD9}
00:00:07.024670 VMSVGA3d: cap[87]=0x00000000 {LINE_AA}
00:00:07.024670 VMSVGA3d: cap[88]=0x00000000 {LINE_STIPPLE}
00:00:07.024670 VMSVGA3d: cap[89]=0.000000 {MAX_LINE_WIDTH}
00:00:07.024671 VMSVGA3d: cap[90]=0.000000 {MAX_AA_LINE_WIDTH}
00:00:07.024671 VMSVGA3d: cap[91]=0x00000000 {SURFACEFMT_YV12}
00:00:07.024671 VMSVGA3d: cap[92]=0x00000000 {DEAD3}
00:00:07.024672 VMSVGA3d: cap[93]=0x00000000 {TS_COLOR_KEY}
00:00:07.024672 VMSVGA3d: cap[94]=0x00000000 {DEAD2}
00:00:07.024672 VMSVGA3d: cap[95]=0x00000000 {DXCONTEXT}
00:00:07.024673 VMSVGA3d: cap[96]=0x00000000 {DEAD11}
00:00:07.024673 VMSVGA3d: cap[97]=0x00000000 {DX_MAX_VERTEXBUFFERS}
00:00:07.024673 VMSVGA3d: cap[98]=0x00000000 {DX_MAX_CONSTANT_BUFFERS}
00:00:07.024674 VMSVGA3d: cap[99]=0x00000000 {DX_PROVOKING_VERTEX}
00:00:07.024674 VMSVGA3d: cap[100]=0x00000005 {DXFMT_X8R8G8B8}
00:00:07.024674 VMSVGA3d: cap[101]=0x00000000 {DXFMT_A8R8G8B8}
00:00:07.024675 VMSVGA3d: cap[102]=0x00000000 {DXFMT_R5G6B5}
00:00:07.024675 VMSVGA3d: cap[103]=0x00000000 {DXFMT_X1R5G5B5}
00:00:07.024675 VMSVGA3d: cap[104]=0x00000000 {DXFMT_A1R5G5B5}
00:00:07.024676 VMSVGA3d: cap[105]=0x00000000 {DXFMT_A4R4G4B4}
00:00:07.024676 VMSVGA3d: cap[106]=0x00000000 {DXFMT_Z_D32}
00:00:07.024676 VMSVGA3d: cap[107]=0x00000000 {DXFMT_Z_D16}
00:00:07.024677 VMSVGA3d: cap[108]=0x00000000 {DXFMT_Z_D24S8}
00:00:07.024677 VMSVGA3d: cap[109]=0x00000000 {DXFMT_Z_D15S1}
00:00:07.024677 VMSVGA3d: cap[110]=0x00000000 {DXFMT_LUMINANCE8}
00:00:07.024678 VMSVGA3d: cap[111]=0x00000000 {DXFMT_LUMINANCE4_ALPHA4}
00:00:07.024678 VMSVGA3d: cap[112]=0x00000000 {DXFMT_LUMINANCE16}
00:00:07.024678 VMSVGA3d: cap[113]=0x00000000 {DXFMT_LUMINANCE8_ALPHA8}
00:00:07.024679 VMSVGA3d: cap[114]=0x00000000 {DXFMT_DXT1}
00:00:07.024679 VMSVGA3d: cap[115]=0x00000000 {DXFMT_DXT2}
00:00:07.024679 VMSVGA3d: cap[116]=0x00000000 {DXFMT_DXT3}
00:00:07.024680 VMSVGA3d: cap[117]=0x00000000 {DXFMT_DXT4}
00:00:07.024680 VMSVGA3d: cap[118]=0x00000000 {DXFMT_DXT5}
00:00:07.024680 VMSVGA3d: cap[119]=0x00000000 {DXFMT_BUMPU8V8}
00:00:07.024685 VMSVGA3d: cap[120]=0x00000000 {DXFMT_BUMPL6V5U5}
00:00:07.024685 VMSVGA3d: cap[121]=0x00000000 {DXFMT_BUMPX8L8V8U8}
00:00:07.024686 VMSVGA3d: cap[122]=0x00000000 {DXFMT_FORMAT_DEAD1}
00:00:07.024686 VMSVGA3d: cap[123]=0x00000000 {DXFMT_ARGB_S10E5}
00:00:07.024686 VMSVGA3d: cap[124]=0x00000000 {DXFMT_ARGB_S23E8}
00:00:07.024687 VMSVGA3d: cap[125]=0x00000000 {DXFMT_A2R10G10B10}
00:00:07.024687 VMSVGA3d: cap[126]=0x00000000 {DXFMT_V8U8}
00:00:07.024687 VMSVGA3d: cap[127]=0x00000000 {DXFMT_Q8W8V8U8}
00:00:07.024688 VMSVGA3d: cap[128]=0x00000000 {DXFMT_CxV8U8}
00:00:07.024688 VMSVGA3d: cap[129]=0x00000000 {DXFMT_X8L8V8U8}
00:00:07.024688 VMSVGA3d: cap[130]=0x00000000 {DXFMT_A2W10V10U10}
00:00:07.024689 VMSVGA3d: cap[131]=0x00000000 {DXFMT_ALPHA8}
00:00:07.024689 VMSVGA3d: cap[132]=0x00000000 {DXFMT_R_S10E5}
00:00:07.024689 VMSVGA3d: cap[133]=0x00000000 {DXFMT_R_S23E8}
00:00:07.024690 VMSVGA3d: cap[134]=0x00000000 {DXFMT_RG_S10E5}
00:00:07.024690 VMSVGA3d: cap[135]=0x00000000 {DXFMT_RG_S23E8}
00:00:07.024690 VMSVGA3d: cap[136]=0x00000000 {DXFMT_BUFFER}
00:00:07.024691 VMSVGA3d: cap[137]=0x00000000 {DXFMT_Z_D24X8}
00:00:07.024691 VMSVGA3d: cap[138]=0x00000000 {DXFMT_V16U16}
00:00:07.024691 VMSVGA3d: cap[139]=0x00000000 {DXFMT_G16R16}
00:00:07.024692 VMSVGA3d: cap[140]=0x00000000 {DXFMT_A16B16G16R16}
00:00:07.024692 VMSVGA3d: cap[141]=0x00000000 {DXFMT_UYVY}
00:00:07.024692 VMSVGA3d: cap[142]=0x00000000 {DXFMT_YUY2}
00:00:07.024693 VMSVGA3d: cap[143]=0x00000000 {DXFMT_NV12}
00:00:07.024693 VMSVGA3d: cap[144]=0x00000000 {DXFMT_FORMAT_DEAD2}
00:00:07.024693 VMSVGA3d: cap[145]=0x00000000 {DXFMT_R32G32B32A32_TYPELESS}
00:00:07.024694 VMSVGA3d: cap[146]=0x00000000 {DXFMT_R32G32B32A32_UINT}
00:00:07.024694 VMSVGA3d: cap[147]=0x00000000 {DXFMT_R32G32B32A32_SINT}
00:00:07.024694 VMSVGA3d: cap[148]=0x00000000 {DXFMT_R32G32B32_TYPELESS}
00:00:07.024695 VMSVGA3d: cap[149]=0x00000000 {DXFMT_R32G32B32_FLOAT}
00:00:07.024695 VMSVGA3d: cap[150]=0x00000000 {DXFMT_R32G32B32_UINT}
00:00:07.024695 VMSVGA3d: cap[151]=0x00000000 {DXFMT_R32G32B32_SINT}
00:00:07.024696 VMSVGA3d: cap[152]=0x00000000 {DXFMT_R16G16B16A16_TYPELESS}
00:00:07.024696 VMSVGA3d: cap[153]=0x00000000 {DXFMT_R16G16B16A16_UINT}
00:00:07.024696 VMSVGA3d: cap[154]=0x00000000 {DXFMT_R16G16B16A16_SNORM}
00:00:07.024697 VMSVGA3d: cap[155]=0x00000000 {DXFMT_R16G16B16A16_SINT}
00:00:07.024697 VMSVGA3d: cap[156]=0x00000000 {DXFMT_R32G32_TYPELESS}
00:00:07.024697 VMSVGA3d: cap[157]=0x00000000 {DXFMT_R32G32_UINT}
00:00:07.024698 VMSVGA3d: cap[158]=0x00000000 {DXFMT_R32G32_SINT}
00:00:07.024698 VMSVGA3d: cap[159]=0x00000000 {DXFMT_R32G8X24_TYPELESS}
00:00:07.024698 VMSVGA3d: cap[160]=0x00000000 {DXFMT_D32_FLOAT_S8X24_UINT}
00:00:07.024699 VMSVGA3d: cap[161]=0x00000000 {DXFMT_R32_FLOAT_X8X24}
00:00:07.024699 VMSVGA3d: cap[162]=0x00000000 {DXFMT_X32_G8X24_UINT}
00:00:07.024699 VMSVGA3d: cap[163]=0x00000000 {DXFMT_R10G10B10A2_TYPELESS}
00:00:07.024700 VMSVGA3d: cap[164]=0x00000000 {DXFMT_R10G10B10A2_UINT}
00:00:07.024700 VMSVGA3d: cap[165]=0x00000000 {DXFMT_R11G11B10_FLOAT}
00:00:07.024700 VMSVGA3d: cap[166]=0x00000000 {DXFMT_R8G8B8A8_TYPELESS}
00:00:07.024701 VMSVGA3d: cap[167]=0x00000000 {DXFMT_R8G8B8A8_UNORM}
00:00:07.024701 VMSVGA3d: cap[168]=0x00000000 {DXFMT_R8G8B8A8_UNORM_SRGB}
00:00:07.024701 VMSVGA3d: cap[169]=0x00000000 {DXFMT_R8G8B8A8_UINT}
00:00:07.024702 VMSVGA3d: cap[170]=0x00000000 {DXFMT_R8G8B8A8_SINT}
00:00:07.024702 VMSVGA3d: cap[171]=0x00000000 {DXFMT_R16G16_TYPELESS}
00:00:07.024703 VMSVGA3d: cap[172]=0x00000000 {DXFMT_R16G16_UINT}
00:00:07.024703 VMSVGA3d: cap[173]=0x00000000 {DXFMT_R16G16_SINT}
00:00:07.024703 VMSVGA3d: cap[174]=0x00000000 {DXFMT_R32_TYPELESS}
00:00:07.024703 VMSVGA3d: cap[175]=0x00000000 {DXFMT_D32_FLOAT}
00:00:07.024704 VMSVGA3d: cap[176]=0x00000000 {DXFMT_R32_UINT}
00:00:07.024704 VMSVGA3d: cap[177]=0x00000000 {DXFMT_R32_SINT}
00:00:07.024704 VMSVGA3d: cap[178]=0x00000000 {DXFMT_R24G8_TYPELESS}
00:00:07.024705 VMSVGA3d: cap[179]=0x00000000 {DXFMT_D24_UNORM_S8_UINT}
00:00:07.024705 VMSVGA3d: cap[180]=0x00000000 {DXFMT_R24_UNORM_X8}
00:00:07.024705 VMSVGA3d: cap[181]=0x00000000 {DXFMT_X24_G8_UINT}
00:00:07.024706 VMSVGA3d: cap[182]=0x00000000 {DXFMT_R8G8_TYPELESS}
00:00:07.024706 VMSVGA3d: cap[183]=0x00000000 {DXFMT_R8G8_UNORM}
00:00:07.024706 VMSVGA3d: cap[184]=0x00000000 {DXFMT_R8G8_UINT}
00:00:07.024707 VMSVGA3d: cap[185]=0x00000000 {DXFMT_R8G8_SINT}
00:00:07.024707 VMSVGA3d: cap[186]=0x00000000 {DXFMT_R16_TYPELESS}
00:00:07.024707 VMSVGA3d: cap[187]=0x00000000 {DXFMT_R16_UNORM}
00:00:07.024708 VMSVGA3d: cap[188]=0x00000000 {DXFMT_R16_UINT}
00:00:07.024708 VMSVGA3d: cap[189]=0x00000000 {DXFMT_R16_SNORM}
00:00:07.024708 VMSVGA3d: cap[190]=0x00000000 {DXFMT_R16_SINT}
00:00:07.024709 VMSVGA3d: cap[191]=0x00000000 {DXFMT_R8_TYPELESS}
00:00:07.024709 VMSVGA3d: cap[192]=0x00000000 {DXFMT_R8_UNORM}
00:00:07.024709 VMSVGA3d: cap[193]=0x00000000 {DXFMT_R8_UINT}
00:00:07.024710 VMSVGA3d: cap[194]=0x00000000 {DXFMT_R8_SNORM}
00:00:07.024710 VMSVGA3d: cap[195]=0x00000000 {DXFMT_R8_SINT}
00:00:07.024710 VMSVGA3d: cap[196]=0x00000000 {DXFMT_P8}
00:00:07.024711 VMSVGA3d: cap[197]=0x00000000 {DXFMT_R9G9B9E5_SHAREDEXP}
00:00:07.024711 VMSVGA3d: cap[198]=0x00000000 {DXFMT_R8G8_B8G8_UNORM}
00:00:07.024711 VMSVGA3d: cap[199]=0x00000000 {DXFMT_G8R8_G8B8_UNORM}
00:00:07.024712 VMSVGA3d: cap[200]=0x00000000 {DXFMT_BC1_TYPELESS}
00:00:07.024712 VMSVGA3d: cap[201]=0x00000000 {DXFMT_BC1_UNORM_SRGB}
00:00:07.024712 VMSVGA3d: cap[202]=0x00000000 {DXFMT_BC2_TYPELESS}
00:00:07.024713 VMSVGA3d: cap[203]=0x00000000 {DXFMT_BC2_UNORM_SRGB}
00:00:07.024713 VMSVGA3d: cap[204]=0x00000000 {DXFMT_BC3_TYPELESS}
00:00:07.024713 VMSVGA3d: cap[205]=0x00000000 {DXFMT_BC3_UNORM_SRGB}
00:00:07.024714 VMSVGA3d: cap[206]=0x00000000 {DXFMT_BC4_TYPELESS}
00:00:07.024714 VMSVGA3d: cap[207]=0x00000000 {DXFMT_ATI1}
00:00:07.024714 VMSVGA3d: cap[208]=0x00000000 {DXFMT_BC4_SNORM}
00:00:07.024715 VMSVGA3d: cap[209]=0x00000000 {DXFMT_BC5_TYPELESS}
00:00:07.024715 VMSVGA3d: cap[210]=0x00000000 {DXFMT_ATI2}
00:00:07.024715 VMSVGA3d: cap[211]=0x00000000 {DXFMT_BC5_SNORM}
00:00:07.024716 VMSVGA3d: cap[212]=0x00000000 {DXFMT_R10G10B10_XR_BIAS_A2_UNORM}
00:00:07.024716 VMSVGA3d: cap[213]=0x00000000 {DXFMT_B8G8R8A8_TYPELESS}
00:00:07.024716 VMSVGA3d: cap[214]=0x00000000 {DXFMT_B8G8R8A8_UNORM_SRGB}
00:00:07.024717 VMSVGA3d: cap[215]=0x00000000 {DXFMT_B8G8R8X8_TYPELESS}
00:00:07.024717 VMSVGA3d: cap[216]=0x00000000 {DXFMT_B8G8R8X8_UNORM_SRGB}
00:00:07.024717 VMSVGA3d: cap[217]=0x00000000 {DXFMT_Z_DF16}
00:00:07.024718 VMSVGA3d: cap[218]=0x00000000 {DXFMT_Z_DF24}
00:00:07.024718 VMSVGA3d: cap[219]=0x00000000 {DXFMT_Z_D24S8_INT}
00:00:07.024718 VMSVGA3d: cap[220]=0x00000000 {DXFMT_YV12}
00:00:07.024719 VMSVGA3d: cap[221]=0x00000000 {DXFMT_R32G32B32A32_FLOAT}
00:00:07.024719 VMSVGA3d: cap[222]=0x00000000 {DXFMT_R16G16B16A16_FLOAT}
00:00:07.024719 VMSVGA3d: cap[223]=0x00000000 {DXFMT_R16G16B16A16_UNORM}
00:00:07.024720 VMSVGA3d: cap[224]=0x00000000 {DXFMT_R32G32_FLOAT}
00:00:07.024720 VMSVGA3d: cap[225]=0x00000000 {DXFMT_R10G10B10A2_UNORM}
00:00:07.024720 VMSVGA3d: cap[226]=0x00000000 {DXFMT_R8G8B8A8_SNORM}
00:00:07.024721 VMSVGA3d: cap[227]=0x00000000 {DXFMT_R16G16_FLOAT}
00:00:07.024721 VMSVGA3d: cap[228]=0x00000000 {DXFMT_R16G16_UNORM}
00:00:07.024721 VMSVGA3d: cap[229]=0x00000000 {DXFMT_R16G16_SNORM}
00:00:07.024722 VMSVGA3d: cap[230]=0x00000000 {DXFMT_R32_FLOAT}
00:00:07.024722 VMSVGA3d: cap[231]=0x00000000 {DXFMT_R8G8_SNORM}
00:00:07.024727 VMSVGA3d: cap[232]=0x00000000 {DXFMT_R16_FLOAT}
00:00:07.024727 VMSVGA3d: cap[233]=0x00000000 {DXFMT_D16_UNORM}
00:00:07.024727 VMSVGA3d: cap[234]=0x00000000 {DXFMT_A8_UNORM}
00:00:07.024728 VMSVGA3d: cap[235]=0x00000000 {DXFMT_BC1_UNORM}
00:00:07.024728 VMSVGA3d: cap[236]=0x00000000 {DXFMT_BC2_UNORM}
00:00:07.024728 VMSVGA3d: cap[237]=0x00000000 {DXFMT_BC3_UNORM}
00:00:07.024729 VMSVGA3d: cap[238]=0x00000000 {DXFMT_B5G6R5_UNORM}
00:00:07.024729 VMSVGA3d: cap[239]=0x00000000 {DXFMT_B5G5R5A1_UNORM}
00:00:07.024729 VMSVGA3d: cap[240]=0x00000000 {DXFMT_B8G8R8A8_UNORM}
00:00:07.024730 VMSVGA3d: cap[241]=0x00000000 {DXFMT_B8G8R8X8_UNORM}
00:00:07.024730 VMSVGA3d: cap[242]=0x00000000 {DXFMT_BC4_UNORM}
00:00:07.024730 VMSVGA3d: cap[243]=0x00000000 {DXFMT_BC5_UNORM}
00:00:07.024731 VMSVGA3d: cap[244]=0x00000000 {SM41}
00:00:07.024731 VMSVGA3d: cap[245]=0x00000000 {MULTISAMPLE_2X}
00:00:07.024731 VMSVGA3d: cap[246]=0x00000000 {MULTISAMPLE_4X}
00:00:07.024732 VMSVGA3d: cap[247]=0x00000000 {MS_FULL_QUALITY}
00:00:07.024732 VMSVGA3d: cap[248]=0x00000000 {LOGICOPS}
00:00:07.024732 VMSVGA3d: cap[249]=0x00000000 {LOGIC_BLENDOPS}
00:00:07.024733 VMSVGA3d: cap[250]=0x00000000 {RESERVED_1}
00:00:07.024733 VMSVGA3d: cap[251]=0x00000000 {DXFMT_BC6H_TYPELESS}
00:00:07.024733 VMSVGA3d: cap[252]=0x00000000 {DXFMT_BC6H_UF16}
00:00:07.024733 VMSVGA3d: cap[253]=0x00000000 {DXFMT_BC6H_SF16}
00:00:07.024734 VMSVGA3d: cap[254]=0x00000000 {DXFMT_BC7_TYPELESS}
00:00:07.024734 VMSVGA3d: cap[255]=0x00000000 {DXFMT_BC7_UNORM}
00:00:07.024734 VMSVGA3d: cap[256]=0x00000000 {DXFMT_BC7_UNORM_SRGB}
00:00:07.024735 VMSVGA3d: cap[257]=0x00000000 {RESERVED_2}
00:00:07.024735 VMSVGA3d: cap[258]=0x00000000 {SM5}
00:00:07.024735 VMSVGA3d: cap[259]=0x00000000 {MULTISAMPLE_8X}
00:00:07.024778 Changing the VM state from 'POWERING_ON' to 'RUNNING'
00:00:07.024801 Console: Machine state changed to 'Running'
00:00:07.028398 ACPI: Enabling 64-bit prefetch root bus resource 0x0000000100000000..0x0000000fffffffff
00:00:07.030017 EFI: debug point SEC_PREMEM
00:00:07.050925 GUI: UIMachineLogicNormal::sltCheckForRequestedVisualStateType: Requested-state=1, Machine-state=6
00:00:07.204212 EFI: VBoxDbg> loadimage64 'SecMain.efi' 0xfffcc094 LB 0x0
00:00:07.206775 EFI: VBoxDbg> loadimage64 'PeiCore.efi' 0x2020120 LB 0x0
00:00:07.209689 EFI: VBoxDbg> loadimage64 'PcdPeim.efi' 0x2028760 LB 0x27e0
00:00:07.211962 EFI: VBoxDbg> loadimage64 'ReportStatusCodeRouterPei.efi' 0x202afa0 LB 0xa40
00:00:07.212396 EFI: VBoxDbg> loadimage64 'StatusCodeHandlerPei.efi' 0x202baa0 LB 0x800
00:00:07.212774 EFI: VBoxDbg> loadimage64 'TdTcg2Pei.efi' 0x202c3a0 LB 0x2060
00:00:07.213418 EFI: VBoxDbg> loadimage64 'PlatformPei.efi' 0x202e4a0 LB 0x10160
00:00:07.268292 EFI: debug point SEC_POSTMEM
00:00:07.269261 EFI: VBoxDbg> loadimage64 'PeiCore.efi' 0x7f165000 LB 0x8460
00:00:07.272169 EFI: VBoxDbg> loadimage64 'PcdPeim.efi' 0x7f162000 LB 0x27e0
00:00:07.274486 EFI: VBoxDbg> loadimage64 'DxeIpl.efi' 0x7f15f000 LB 0x2460
00:00:07.274960 EFI: VBoxDbg> loadimage64 'S3Resume2Pei.efi' 0x7f15c000 LB 0x2420
00:00:07.275785 EFI: VBoxDbg> loadimage64 'CpuMpPei.efi' 0x7f14d000 LB 0xe940
00:00:07.624632 EFI: VBoxDbg> loadimage64 'TpmMmioSevDecryptPei.efi' 0x7f11b000 LB 0x17e0
00:00:07.625297 EFI: VBoxDbg> loadimage64 'Tcg2ConfigPei.efi' 0x7f119000 LB 0x1b20
00:00:07.626018 EFI: VBoxDbg> loadimage64 'TcgPei.efi' 0x7f115000 LB 0x3120
00:00:07.626797 EFI: VBoxDbg> loadimage64 'Tcg2Pei.efi' 0x7f109000 LB 0xb2e0
00:00:07.627462 EFI: VBoxDbg> loadimage64 'Tcg2PlatformPei.efi' 0x7f106000 LB 0x2560
00:00:07.628863 EFI: VBoxDbg> loadimage64 'DxeCore.efi' 0x7f0e0000 LB 0x25ec0
00:00:07.631093 EFI: debug point DXE_CORE
00:00:07.634074 EFI: VBoxDbg> loadimage64 'DxeCore.efi' 0x7f0e0000 LB 0x0
00:00:07.634154 EFI: debug point DXE_CORE_LATE
00:00:07.657262 EFI: VBoxDbg> loadimage64 'DevicePathDxe.efi' 0x7e587000 LB 0xa540
00:00:07.657673 EFI: VBoxDbg> loadimage64 'PcdDxe.efi' 0x7e598000 LB 0x2f40
00:00:07.658285 EFI: VBoxDbg> loadimage64 'FvbServicesRuntimeDxe.efi' 0x7ecea000 LB 0x2660
00:00:07.662748 EFI: VBoxDbg> loadimage64 'ReportStatusCodeRouterRuntimeDxe.efi' 0x7ece8000 LB 0x14e0
00:00:07.663221 EFI: VBoxDbg> loadimage64 'RuntimeDxe.efi' 0x7ece6000 LB 0x1420
00:00:07.670015 EFI: VBoxDbg> loadimage64 'SecurityStubDxe.efi' 0x7e3b7000 LB 0xe7f60
00:00:07.670462 EFI: VBoxDbg> loadimage64 'EbcDxe.efi' 0x7e57d000 LB 0x4260
00:00:07.671048 EFI: VBoxDbg> loadimage64 'CpuIo2Dxe.efi' 0x7e583000 LB 0x1400
00:00:07.671554 EFI: VBoxDbg> loadimage64 'IncompatiblePciDeviceSupportDxe.efi' 0x7e585000 LB 0x820
00:00:07.672001 EFI: VBoxDbg> loadimage64 'PciHotPlugInitDxe.efi' 0x7e577000 LB 0x2c20
00:00:07.672501 EFI: VBoxDbg> loadimage64 'ResetSystemRuntimeDxe.efi' 0x7ece4000 LB 0x1720
00:00:07.672961 EFI: VBoxDbg> loadimage64 'Metronome.efi' 0x7e57b000 LB 0xce0
00:00:07.673464 EFI: VBoxDbg> loadimage64 'HiiDatabase.efi' 0x7e53d000 LB 0x1c160
00:00:07.673972 EFI: VBoxDbg> loadimage64 'AcpiTableDxe.efi' 0x7e56b000 LB 0x5100
00:00:07.674369 EFI: VBoxDbg> loadimage64 'TdxDxe.efi' 0x7e568000 LB 0x2100
00:00:07.674847 EFI: VBoxDbg> loadimage64 'DpcDxe.efi' 0x7e575000 LB 0xb20
00:00:07.675225 EFI: VBoxDbg> loadimage64 'IoMmuDxe.efi' 0x7e560000 LB 0x36c0
00:00:07.675744 EFI: VBoxDbg> loadimage64 'EmuVariableFvbRuntimeDxe.efi' 0x7ece3000 LB 0xf20
00:00:07.676126 EFI: VBoxDbg> unload 'EmuVariableFvbRuntimeDxe.efi' # 0x7ece3000 LB 0xf20
00:00:07.683437 EFI: VBoxDbg> loadimage64 'VariableRuntimeDxe.efi' 0x7ebf6000 LB 0xeddc0
00:00:07.698292 EFI: VBoxDbg> loadimage64 'TcgDxe.efi' 0x7e538000 LB 0x41e0
00:00:07.698705 EFI: VBoxDbg> unload 'TcgDxe.efi' # 0x7e538000 LB 0x41e0
00:00:07.699106 EFI: VBoxDbg> loadimage64 'RngDxe.efi' 0x7e566000 LB 0x1ae0
00:00:07.699667 EFI: VBoxDbg> loadimage64 'StatusCodeHandlerRuntimeDxe.efi' 0x7ebf5000 LB 0xbc0
00:00:07.700068 EFI: VBoxDbg> loadimage64 'CpuDxe.efi' 0x7e50a000 LB 0x18fe0
00:00:07.719388 EFI: debug point DXE_AP
00:00:07.719445 EFI: debug point DXE_AP
00:00:07.719477 EFI: debug point DXE_AP
00:00:07.724262 EFI: VBoxDbg> loadimage64 'SetupBrowser.efi' 0x7e4cb000 LB 0x14980
00:00:07.724666 EFI: VBoxDbg> loadimage64 'SmbiosDxe.efi' 0x7e53a000 LB 0x2f60
00:00:07.725243 EFI: VBoxDbg> loadimage64 'AcpiPlatform.efi' 0x7e55b000 LB 0x760
00:00:07.725864 EFI: VBoxDbg> unload 'AcpiPlatform.efi' # 0x7e55b000 LB 0x760
00:00:07.726253 EFI: VBoxDbg> loadimage64 'LogoDxe.efi' 0x7e4bf000 LB 0xb860
00:00:07.726694 EFI: VBoxDbg> loadimage64 'FaultTolerantWriteDxe.efi' 0x7e527000 LB 0x3180
00:00:07.744116 EFI: VBoxDbg> loadimage64 'TdTcg2Dxe.efi' 0x7e4b3000 LB 0x5a80
00:00:07.744663 EFI: VBoxDbg> unload 'TdTcg2Dxe.efi' # 0x7e4b3000 LB 0x5a80
00:00:07.745064 EFI: VBoxDbg> loadimage64 'Tcg2Dxe.efi' 0x7e4a1000 LB 0xede0
00:00:07.745628 EFI: VBoxDbg> unload 'Tcg2Dxe.efi' # 0x7e4a1000 LB 0xede0
00:00:07.746062 EFI: VBoxDbg> loadimage64 'LocalApicTimerDxe.efi' 0x7e524000 LB 0x1420
00:00:07.748711 EFI: VBoxDbg> loadimage64 'PciHostBridgeDxe.efi' 0x7e4b3000 LB 0x5de0
00:00:07.765356 EFI: debug point DXE_AP
00:00:07.765408 EFI: debug point DXE_AP
00:00:07.765433 EFI: debug point DXE_AP
00:00:07.782594 EFI: debug point DXE_AP
00:00:07.782617 EFI: debug point DXE_AP
00:00:07.782631 EFI: debug point DXE_AP
00:00:07.784444 EFI: VBoxDbg> loadimage64 'PcRtc.efi' 0x7ebf2000 LB 0x2a80
00:00:07.792102 EFI: VBoxDbg> loadimage64 'SecureBootConfigDxe.efi' 0x7da6e000 LB 0xc8e00
00:00:07.792659 EFI: VBoxDbg> loadimage64 'MonotonicCounterRuntimeDxe.efi' 0x7ebf1000 LB 0x840
00:00:07.797947 EFI: VBoxDbg> loadimage64 'CapsuleRuntimeDxe.efi' 0x7ebf0000 LB 0x920
00:00:07.798579 EFI: VBoxDbg> loadimage64 'DriverHealthManagerDxe.efi' 0x7e4a9000 LB 0x4380
00:00:07.799772 EFI: VBoxDbg> loadimage64 'BdsDxe.efi' 0x7de71000 LB 0x18560
00:00:07.800388 EFI: VBoxDbg> loadimage64 'RamDiskDxe.efi' 0x7de9a000 LB 0x8760
00:00:07.801311 EFI: VBoxDbg> loadimage64 'DisplayEngine.efi' 0x7de4f000 LB 0x10ea0
00:00:07.801857 EFI: VBoxDbg> loadimage64 'SmbiosPlatformDxe.efi' 0x7e49f000 LB 0x1700
00:00:07.802409 EFI: VBoxDbg> unload 'SmbiosPlatformDxe.efi' # 0x7e49f000 LB 0x1700
00:00:07.802843 EFI: VBoxDbg> loadimage64 'PlatformDxe.efi' 0x7de90000 LB 0x4300
00:00:07.803276 EFI: VBoxDbg> loadimage64 'WatchdogTimer.efi' 0x7e4a0000 LB 0x820
00:00:07.803687 EFI: VBoxDbg> loadimage64 'QemuKernelLoaderFsDxe.efi' 0x7de8c000 LB 0x3580
00:00:07.804255 EFI: VBoxDbg> unload 'QemuKernelLoaderFsDxe.efi' # 0x7de8c000 LB 0x3580
00:00:07.804907 EFI: VBoxDbg> loadimage64 'PciBusDxe.efi' 0x7de43000 LB 0xb940
00:00:07.805310 EFI: VBoxDbg> loadimage64 'VirtioPciDeviceDxe.efi' 0x7de96000 LB 0x11e0
00:00:07.805697 EFI: VBoxDbg> loadimage64 'Virtio10.efi' 0x7de8a000 LB 0x2820
00:00:07.806081 EFI: VBoxDbg> loadimage64 'VirtioScsiDxe.efi' 0x7de6e000 LB 0x2060
00:00:07.806454 EFI: VBoxDbg> loadimage64 'MptScsiDxe.efi' 0x7de6c000 LB 0x1900
00:00:07.806872 EFI: VBoxDbg> loadimage64 'ConPlatformDxe.efi' 0x7de6a000 LB 0x1d80
00:00:07.807396 EFI: VBoxDbg> loadimage64 'ConSplitterDxe.efi' 0x7de3c000 LB 0x60a0
00:00:07.807872 EFI: VBoxDbg> loadimage64 'GraphicsConsoleDxe.efi' 0x7de60000 LB 0x4120
00:00:07.808772 EFI: VBoxDbg> loadimage64 'TerminalDxe.efi' 0x7de2e000 LB 0x53a0
00:00:07.809174 EFI: VBoxDbg> loadimage64 'DiskIoDxe.efi' 0x7de37000 LB 0x21c0
00:00:07.809785 EFI: VBoxDbg> loadimage64 'PartitionDxe.efi' 0x7de22000 LB 0x5480
00:00:07.810222 EFI: VBoxDbg> loadimage64 'EnglishDxe.efi' 0x7de68000 LB 0xd60
00:00:07.810618 EFI: VBoxDbg> loadimage64 'ScsiBus.efi' 0x7de2b000 LB 0x2140
00:00:07.811340 EFI: VBoxDbg> loadimage64 'ScsiDisk.efi' 0x7de0e000 LB 0x9100
00:00:07.811749 EFI: VBoxDbg> loadimage64 'SataController.efi' 0x7de29000 LB 0x1660
00:00:07.812290 EFI: VBoxDbg> loadimage64 'AtaAtapiPassThruDxe.efi' 0x7de06000 LB 0x7e00
00:00:07.812720 EFI: VBoxDbg> loadimage64 'AtaBusDxe.efi' 0x7de1a000 LB 0x3d40
00:00:07.813171 EFI: VBoxDbg> loadimage64 'NvmExpressDxe.efi' 0x7dbf0000 LB 0x7aa0
00:00:07.813546 EFI: VBoxDbg> loadimage64 'SioBusDxe.efi' 0x7de1e000 LB 0x15c0
00:00:07.814051 EFI: VBoxDbg> loadimage64 'PciSioSerialDxe.efi' 0x7dbfb000 LB 0x5000
00:00:07.814458 EFI: VBoxDbg> loadimage64 'Ps2KeyboardDxe.efi' 0x7dbec000 LB 0x3b80
00:00:07.814882 EFI: VBoxDbg> loadimage64 'VBoxVgaDxe.efi' 0x7dbe8000 LB 0x3840
00:00:07.815296 EFI: VBoxDbg> loadimage64 'VBoxHfs.efi' 0x7dbda000 LB 0x6500
00:00:07.815706 EFI: VBoxDbg> loadimage64 'VBoxSysTables.efi' 0x7de19000 LB 0xac0
00:00:07.830062 EFI: VBoxDbg> loadimage64 'VBoxAppleSim.efi' 0x7de00000 LB 0x2ae0
00:00:07.845533 EFI: VBoxDbg> loadimage64 'VBoxApfsJmpStartDxe.efi' 0x7dbf9000 LB 0x1180
00:00:07.846029 EFI: VBoxDbg> loadimage64 'BootGraphicsResourceTableDxe.efi' 0x7de04000 LB 0xf40
00:00:07.846429 EFI: VBoxDbg> loadimage64 'Fat.efi' 0x7dbca000 LB 0x7660
00:00:07.846830 EFI: VBoxDbg> loadimage64 'UdfDxe.efi' 0x7dbd5000 LB 0x4200
00:00:07.847339 EFI: VBoxDbg> loadimage64 'VirtioFsDxe.efi' 0x7dbc3000 LB 0x6180
00:00:07.847763 EFI: VBoxDbg> loadimage64 'Hash2DxeCrypto.efi' 0x7dbe2000 LB 0x2ba0
00:00:07.848204 EFI: VBoxDbg> loadimage64 'SnpDxe.efi' 0x7dbb7000 LB 0x57a0
00:00:07.848605 EFI: VBoxDbg> loadimage64 'VlanConfigDxe.efi' 0x7dbb1000 LB 0x55a0
00:00:07.849235 EFI: VBoxDbg> loadimage64 'MnpDxe.efi' 0x7dba1000 LB 0x7380
00:00:07.849616 EFI: VBoxDbg> loadimage64 'ArpDxe.efi' 0x7dbad000 LB 0x35c0
00:00:07.850011 EFI: VBoxDbg> loadimage64 'Dhcp4Dxe.efi' 0x7db8f000 LB 0x87a0
00:00:07.850410 EFI: VBoxDbg> loadimage64 'Ip4Dxe.efi' 0x7db69000 LB 0x12680
00:00:07.851073 EFI: VBoxDbg> loadimage64 'Udp4Dxe.efi' 0x7db87000 LB 0x7660
00:00:07.851630 EFI: VBoxDbg> loadimage64 'Mtftp4Dxe.efi' 0x7db7f000 LB 0x7c20
00:00:07.852048 EFI: VBoxDbg> loadimage64 'Dhcp6Dxe.efi' 0x7db60000 LB 0x8940
00:00:07.852862 EFI: VBoxDbg> loadimage64 'Ip6Dxe.efi' 0x7da54000 LB 0x194e0
00:00:07.853442 EFI: VBoxDbg> loadimage64 'Udp6Dxe.efi' 0x7db58000 LB 0x7340
00:00:07.853930 EFI: VBoxDbg> loadimage64 'Mtftp6Dxe.efi' 0x7db50000 LB 0x7ea0
00:00:07.854694 EFI: VBoxDbg> loadimage64 'UefiPxeBcDxe.efi' 0x7da43000 LB 0x109e0
00:00:07.856301 EFI: VBoxDbg> loadimage64 'IScsiDxe.efi' 0x7da07000 LB 0x1d100
00:00:07.856958 EFI: VBoxDbg> unload 'IScsiDxe.efi' # 0x7da07000 LB 0x1d100
00:00:07.857461 EFI: VBoxDbg> loadimage64 'VirtioNetDxe.efi' 0x7db9c000 LB 0x4300
00:00:07.858060 EFI: VBoxDbg> loadimage64 'E1kNetDxe.efi' 0x7dbaa000 LB 0x2e60
00:00:07.858606 EFI: VBoxDbg> loadimage64 'UhciDxe.efi' 0x7db46000 LB 0x4580
00:00:07.859399 EFI: VBoxDbg> loadimage64 'EhciDxe.efi' 0x7db41000 LB 0x4f00
00:00:07.859847 EFI: VBoxDbg> loadimage64 'XhciDxe.efi' 0x7da3a000 LB 0x8660
00:00:07.860312 EFI: VBoxDbg> loadimage64 'UsbBusDxe.efi' 0x7da34000 LB 0x5260
00:00:07.860723 EFI: VBoxDbg> loadimage64 'UsbKbDxe.efi' 0x7db3c000 LB 0x4020
00:00:07.861184 EFI: VBoxDbg> loadimage64 'UsbMassStorageDxe.efi' 0x7db37000 LB 0x4380
00:00:07.861807 EFI: VBoxDbg> loadimage64 'TcpDxe.efi' 0x7da1a000 LB 0xce80
00:00:08.579499 Display::i_handleDisplayResize: uScreenId=0 pvVRAM=000001d5db560000 w=1280 h=800 bpp=32 cbLine=0x1400 flags=0x0 origin=0,0
00:00:08.899784 GUI: UIMediumEnumerator: Medium-enumeration finished!
00:00:08.970968 PS2K: Selected scan set 2
00:00:09.075272 AHCI#0: Reset the HBA
00:00:09.075292 VD#0: Cancelling all active requests
00:00:09.312599 EFI: VBoxDbg> loadimage64 '.efi' 0x7cef1000 LB 0x5b000
00:00:13.170925 EFI: debug point DXE_AP
00:00:13.170968 EFI: debug point DXE_AP
00:00:13.171079 EFI: debug point DXE_AP
00:00:13.320423 PIT: mode=2 count=0x4a9 (1193) - 1000.15 Hz (ch=0)
00:00:48.257932 GUI: UIMediumEnumerator: Medium-enumeration finished!
00:00:54.676914 GUI: UIMediumEnumerator: Medium-enumeration finished!
00:01:22.421133 GUI: UIMediumEnumerator: Medium-enumeration finished!
00:01:25.016833 GUI: UIMediumEnumerator: Medium-enumeration started...
00:01:25.843202 GUI: UIMediumEnumerator: Medium-enumeration finished!
00:01:38.454891 GUI: UIMediumEnumerator: Medium-enumeration finished!
00:01:39.838894 Changing the VM state from 'RUNNING' to 'SUSPENDING'
00:01:39.851329 PDMR3Suspend: 12 389 734 ns run time
00:01:39.851344 Changing the VM state from 'SUSPENDING' to 'SUSPENDED'
00:01:39.851354 Console: Machine state changed to 'Paused'
00:01:42.481137 GUI: Request for close-action to power VM off.
00:01:42.481290 GUI: Powering VM off..
00:01:42.485261 Console: Machine state changed to 'Stopping'
00:01:42.485877 Console::powerDown(): A request to power off the VM has been issued (mMachineState=Stopping, InUninit=0)
00:01:42.486125 Changing the VM state from 'SUSPENDED' to 'POWERING_OFF'
00:01:42.486140 ****************** Guest state at power off for VCpu 3 ******************
00:01:42.486144 Guest CPUM (VCPU 3) state: 
00:01:42.486155 rax=000000000000000f rbx=0000000000000003 rcx=0000000076da3203 rdx=00000000000bc5fd
00:01:42.486158 rsi=0000000000000000 rdi=0000000000000003 r8 =0000000000000006 r9 =800000cbab180000
00:01:42.486160 r10=0000000000000000 r11=0000000000000000 r12=0000000000000000 r13=0000000000000000
00:01:42.486160 r14=0000000000000003 r15=ffff80007f013060
00:01:42.486161 rip=ffffffff80059f22 rsp=ffff80007cf5cfd0 rbp=ffff80007cf5cff0 iopl=0  iopl=0 nv up di pl zr na po nc
00:01:42.486163 cs={0008 base=0000000000000000 limit=ffffffff flags=0000a09b}
00:01:42.486164 ds={0010 base=0000000000000000 limit=ffffffff flags=0000c093}
00:01:42.486165 es={0010 base=0000000000000000 limit=ffffffff flags=0000c093}
00:01:42.486166 fs={0010 base=0000000000000000 limit=ffffffff flags=0000c093}
00:01:42.486167 gs={0010 base=ffffffff800fa688 limit=ffffffff flags=0000c093}
00:01:42.486168 ss={0010 base=0000000000000000 limit=ffffffff flags=0000c093}
00:01:42.486168 cr0=0000000080010011 cr2=0000000000000000 cr3=000000007f047000 cr4=0000000000000020
00:01:42.486169 dr0=0000000000000000 dr1=0000000000000000 dr2=0000000000000000 dr3=0000000000000000
00:01:42.486170 dr4=0000000000000000 dr5=0000000000000000 dr6=00000000ffff0ff0 dr7=0000000000000400
00:01:42.486171 gdtr=ffffffff80cbc488:0037  idtr=ffffffff81a92690:0fff  eflags=00000046
00:01:42.486176 ldtr={0000 base=00000000 limit=000fffff flags=00000000}
00:01:42.486177 tr  ={0028 base=ffffffff80cbab18 limit=00000067 flags=0000008b}
00:01:42.486178 SysEnter={cs=0000 eip=0000000000000000 esp=0000000000000000}
00:01:42.486179 xcr=0000000000000001 xcr1=0000000000000000 xss=0000000000000000 (fXStateMask=0000000000000000)
00:01:42.486180 FCW=0000 FSW=0000 FTW=0000 FOP=0000 MXCSR=00001f80 MXCSR_MASK=0000ffff
00:01:42.486181 FPUIP=00000000 CS=0000 Rsrvd1=0000  FPUDP=00000000 DS=0000 Rsvrd2=0000
00:01:42.486182 ST(0)=FPR0={0000'00000000'00000000} t0 +0.0000000000000000000000 * 2 ^ -16383 (*)
00:01:42.486185 ST(1)=FPR1={0000'00000000'00000000} t0 +0.0000000000000000000000 * 2 ^ -16383 (*)
00:01:42.486186 ST(2)=FPR2={0000'00000000'00000000} t0 +0.0000000000000000000000 * 2 ^ -16383 (*)
00:01:42.486187 ST(3)=FPR3={0000'00000000'00000000} t0 +0.0000000000000000000000 * 2 ^ -16383 (*)
00:01:42.486188 ST(4)=FPR4={0000'00000000'00000000} t0 +0.0000000000000000000000 * 2 ^ -16383 (*)
00:01:42.486189 ST(5)=FPR5={0000'00000000'00000000} t0 +0.0000000000000000000000 * 2 ^ -16383 (*)
00:01:42.486190 ST(6)=FPR6={0000'00000000'00000000} t0 +0.0000000000000000000000 * 2 ^ -16383 (*)
00:01:42.486191 ST(7)=FPR7={0000'00000000'00000000} t0 +0.0000000000000000000000 * 2 ^ -16383 (*)
00:01:42.486192 XMM0 =00000000'00000000'00000000'00000000  XMM1 =00000000'00000000'00000000'00000000
00:01:42.486194 XMM2 =00000000'00000000'00000000'00000000  XMM3 =00000000'00000000'00000000'00000000
00:01:42.486195 XMM4 =00000000'00000000'00000000'00000000  XMM5 =00000000'00000000'00000000'00000000
00:01:42.486196 XMM6 =00000000'00000000'00000000'00000000  XMM7 =00000000'00000000'00000000'00000000
00:01:42.486198 XMM8 =00000000'00000000'00000000'00000000  XMM9 =00000000'00000000'00000000'00000000
00:01:42.486199 XMM10=00000000'00000000'00000000'00000000  XMM11=00000000'00000000'00000000'00000000
00:01:42.486200 XMM12=00000000'00000000'00000000'00000000  XMM13=00000000'00000000'00000000'00000000
00:01:42.486201 XMM14=00000000'00000000'00000000'00000000  XMM15=00000000'00000000'00000000'00000000
00:01:42.486203 EFER         =0000000000000d00
00:01:42.486203 PAT          =0000010500070406
00:01:42.486204 STAR         =0000000000000000
00:01:42.486204 CSTAR        =0000000000000000
00:01:42.486204 LSTAR        =0000000000000000
00:01:42.486205 SFMASK       =0000000000000000
00:01:42.486205 KERNELGSBASE =ffffffff800fa688
00:01:42.486206 MTRR_CAP          =0000000000000510
00:01:42.486207 MTRR_DEF_TYPE     =0000000000000c06
00:01:42.486207 MTRR_FIX64K_00000 =0606060606060606
00:01:42.486208 MTRR_FIX16K_80000 =0606060606060606
00:01:42.486208 MTRR_FIX16K_A0000 =0000000000000000
00:01:42.486209 MTRR_FIX4K_C0000  =0505050505050505
00:01:42.486209 MTRR_FIX4K_C8000  =0505050505050505
00:01:42.486210 MTRR_FIX4K_D0000  =0505050505050505
00:01:42.486211 MTRR_FIX4K_D8000  =0505050505050505
00:01:42.486211 MTRR_FIX4K_E0000  =0505050505050505
00:01:42.486212 MTRR_FIX4K_E8000  =0505050505050505
00:01:42.486212 MTRR_FIX4K_F0000  =0505050505050505
00:01:42.486213 MTRR_FIX4K_F8000  =0505050505050505
00:01:42.486214 MTRR_PHYSBASE[ 0] =0000000000000006 First=0000000000000000      0 MB [WB]
00:01:42.486215 MTRR_PHYSMASK[ 0] =0000007f80000800 Last =000000007fffffff   2047 MB [2048 MB]
00:01:42.486216 MTRR_PHYSBASE[ 1] =0000000000000000
00:01:42.486217 MTRR_PHYSMASK[ 1] =0000000000000000
00:01:42.486217 MTRR_PHYSBASE[ 2] =0000000000000000
00:01:42.486218 MTRR_PHYSMASK[ 2] =0000000000000000
00:01:42.486218 MTRR_PHYSBASE[ 3] =0000000000000000
00:01:42.486218 MTRR_PHYSMASK[ 3] =0000000000000000
00:01:42.486219 MTRR_PHYSBASE[ 4] =0000000000000000
00:01:42.486219 MTRR_PHYSMASK[ 4] =0000000000000000
00:01:42.486219 MTRR_PHYSBASE[ 5] =0000000000000000
00:01:42.486220 MTRR_PHYSMASK[ 5] =0000000000000000
00:01:42.486220 MTRR_PHYSBASE[ 6] =0000000000000000
00:01:42.486221 MTRR_PHYSMASK[ 6] =0000000000000000
00:01:42.486221 MTRR_PHYSBASE[ 7] =0000000000000000
00:01:42.486221 MTRR_PHYSMASK[ 7] =0000000000000000
00:01:42.486222 MTRR_PHYSBASE[ 8] =0000000000000000
00:01:42.486222 MTRR_PHYSMASK[ 8] =0000000000000000
00:01:42.486222 MTRR_PHYSBASE[ 9] =0000000000000000
00:01:42.486223 MTRR_PHYSMASK[ 9] =0000000000000000
00:01:42.486223 MTRR_PHYSBASE[10] =0000000000000000
00:01:42.486223 MTRR_PHYSMASK[10] =0000000000000000
00:01:42.486224 MTRR_PHYSBASE[11] =0000000000000000
00:01:42.486224 MTRR_PHYSMASK[11] =0000000000000000
00:01:42.486225 MTRR_PHYSBASE[12] =0000000000000000
00:01:42.486225 MTRR_PHYSMASK[12] =0000000000000000
00:01:42.486225 MTRR_PHYSBASE[13] =0000000000000000
00:01:42.486226 MTRR_PHYSMASK[13] =0000000000000000
00:01:42.486226 MTRR_PHYSBASE[14] =0000000000000000
00:01:42.486226 MTRR_PHYSMASK[14] =0000000000000000
00:01:42.486227 MTRR_PHYSBASE[15] =0000000000000000
00:01:42.486228 MTRR_PHYSMASK[15] =0000000000000000
00:01:42.486230 ***
00:01:42.486233 VCPU[3] hardware virtualization state:
00:01:42.486234 fSavedInhibit                = 0x0
00:01:42.486235 In nested-guest hwvirt mode  = false
00:01:42.486236 Hwvirt state disabled.
00:01:42.486237 ***
00:01:42.486242 Guest paging mode (VCPU #3):  AMD64+NX (changed 3 times), A20 enabled (changed 0 times)
00:01:42.486244 Guest SLAT mode (VCPU #3): Direct
00:01:42.486244 Shadow paging mode (VCPU #3): None
00:01:42.486245 Host paging mode:             AMD64+NX
00:01:42.486246 ***
00:01:42.486247 ************** End of Guest state at power off for VCpu 3 ***************
00:01:42.486269 ****************** Guest state at power off for VCpu 2 ******************
00:01:42.486274 Guest CPUM (VCPU 2) state: 
00:01:42.486276 rax=000000000000000a rbx=0000000000000002 rcx=0000000076da3203 rdx=00000000000bc5fd
00:01:42.486278 rsi=0000000000000000 rdi=0000000000000002 r8 =0000000000000004 r9 =800000cbaab00000
00:01:42.486279 r10=0000000000000000 r11=0000000000000000 r12=0000000000000000 r13=0000000000000000
00:01:42.486280 r14=0000000000000002 r15=ffff80007f013040
00:01:42.486281 rip=ffffffff80059f22 rsp=ffff80007cf6cfd0 rbp=ffff80007cf6cff0 iopl=0  iopl=0 nv up di pl zr na po nc
00:01:42.486283 cs={0008 base=0000000000000000 limit=ffffffff flags=0000a09b}
00:01:42.486284 ds={0010 base=0000000000000000 limit=ffffffff flags=0000c093}
00:01:42.486284 es={0010 base=0000000000000000 limit=ffffffff flags=0000c093}
00:01:42.486285 fs={0010 base=0000000000000000 limit=ffffffff flags=0000c093}
00:01:42.486286 gs={0010 base=ffffffff800fa630 limit=ffffffff flags=0000c093}
00:01:42.486287 ss={0010 base=0000000000000000 limit=ffffffff flags=0000c093}
00:01:42.486287 cr0=0000000080010011 cr2=0000000000000000 cr3=000000007f047000 cr4=0000000000000020
00:01:42.486288 dr0=0000000000000000 dr1=0000000000000000 dr2=0000000000000000 dr3=0000000000000000
00:01:42.486289 dr4=0000000000000000 dr5=0000000000000000 dr6=00000000ffff0ff0 dr7=0000000000000400
00:01:42.486290 gdtr=ffffffff80cbc450:0037  idtr=ffffffff81a92690:0fff  eflags=00000046
00:01:42.486291 ldtr={0000 base=00000000 limit=000fffff flags=00000000}
00:01:42.486292 tr  ={0028 base=ffffffff80cbaab0 limit=00000067 flags=0000008b}
00:01:42.486293 SysEnter={cs=0000 eip=0000000000000000 esp=0000000000000000}
00:01:42.486294 xcr=0000000000000001 xcr1=0000000000000000 xss=0000000000000000 (fXStateMask=0000000000000000)
00:01:42.486295 FCW=0000 FSW=0000 FTW=0000 FOP=0000 MXCSR=00001f80 MXCSR_MASK=0000ffff
00:01:42.486296 FPUIP=00000000 CS=0000 Rsrvd1=0000  FPUDP=00000000 DS=0000 Rsvrd2=0000
00:01:42.486297 ST(0)=FPR0={0000'00000000'00000000} t0 +0.0000000000000000000000 * 2 ^ -16383 (*)
00:01:42.486299 ST(1)=FPR1={0000'00000000'00000000} t0 +0.0000000000000000000000 * 2 ^ -16383 (*)
00:01:42.486300 ST(2)=FPR2={0000'00000000'00000000} t0 +0.0000000000000000000000 * 2 ^ -16383 (*)
00:01:42.486301 ST(3)=FPR3={0000'00000000'00000000} t0 +0.0000000000000000000000 * 2 ^ -16383 (*)
00:01:42.486302 ST(4)=FPR4={0000'00000000'00000000} t0 +0.0000000000000000000000 * 2 ^ -16383 (*)
00:01:42.486303 ST(5)=FPR5={0000'00000000'00000000} t0 +0.0000000000000000000000 * 2 ^ -16383 (*)
00:01:42.486304 ST(6)=FPR6={0000'00000000'00000000} t0 +0.0000000000000000000000 * 2 ^ -16383 (*)
00:01:42.486305 ST(7)=FPR7={0000'00000000'00000000} t0 +0.0000000000000000000000 * 2 ^ -16383 (*)
00:01:42.486306 XMM0 =00000000'00000000'00000000'00000000  XMM1 =00000000'00000000'00000000'00000000
00:01:42.486307 XMM2 =00000000'00000000'00000000'00000000  XMM3 =00000000'00000000'00000000'00000000
00:01:42.486308 XMM4 =00000000'00000000'00000000'00000000  XMM5 =00000000'00000000'00000000'00000000
00:01:42.486309 XMM6 =00000000'00000000'00000000'00000000  XMM7 =00000000'00000000'00000000'00000000
00:01:42.486311 XMM8 =00000000'00000000'00000000'00000000  XMM9 =00000000'00000000'00000000'00000000
00:01:42.486312 XMM10=00000000'00000000'00000000'00000000  XMM11=00000000'00000000'00000000'00000000
00:01:42.486313 XMM12=00000000'00000000'00000000'00000000  XMM13=00000000'00000000'00000000'00000000
00:01:42.486314 XMM14=00000000'00000000'00000000'00000000  XMM15=00000000'00000000'00000000'00000000
00:01:42.486315 EFER         =0000000000000d00
00:01:42.486316 PAT          =0000010500070406
00:01:42.486316 STAR         =0000000000000000
00:01:42.486317 CSTAR        =0000000000000000
00:01:42.486317 LSTAR        =0000000000000000
00:01:42.486317 SFMASK       =0000000000000000
00:01:42.486318 KERNELGSBASE =ffffffff800fa630
00:01:42.486318 MTRR_CAP          =0000000000000510
00:01:42.486319 MTRR_DEF_TYPE     =0000000000000c06
00:01:42.486319 MTRR_FIX64K_00000 =0606060606060606
00:01:42.486320 MTRR_FIX16K_80000 =0606060606060606
00:01:42.486320 MTRR_FIX16K_A0000 =0000000000000000
00:01:42.486321 MTRR_FIX4K_C0000  =0505050505050505
00:01:42.486321 MTRR_FIX4K_C8000  =0505050505050505
00:01:42.486322 MTRR_FIX4K_D0000  =0505050505050505
00:01:42.486322 MTRR_FIX4K_D8000  =0505050505050505
00:01:42.486323 MTRR_FIX4K_E0000  =0505050505050505
00:01:42.486324 MTRR_FIX4K_E8000  =0505050505050505
00:01:42.486324 MTRR_FIX4K_F0000  =0505050505050505
00:01:42.486325 MTRR_FIX4K_F8000  =0505050505050505
00:01:42.486325 MTRR_PHYSBASE[ 0] =0000000000000006 First=0000000000000000      0 MB [WB]
00:01:42.486326 MTRR_PHYSMASK[ 0] =0000007f80000800 Last =000000007fffffff   2047 MB [2048 MB]
00:01:42.486328 MTRR_PHYSBASE[ 1] =0000000000000000
00:01:42.486329 MTRR_PHYSMASK[ 1] =0000000000000000
00:01:42.486329 MTRR_PHYSBASE[ 2] =0000000000000000
00:01:42.486329 MTRR_PHYSMASK[ 2] =0000000000000000
00:01:42.486330 MTRR_PHYSBASE[ 3] =0000000000000000
00:01:42.486330 MTRR_PHYSMASK[ 3] =0000000000000000
00:01:42.486330 MTRR_PHYSBASE[ 4] =0000000000000000
00:01:42.486331 MTRR_PHYSMASK[ 4] =0000000000000000
00:01:42.486331 MTRR_PHYSBASE[ 5] =0000000000000000
00:01:42.486331 MTRR_PHYSMASK[ 5] =0000000000000000
00:01:42.486332 MTRR_PHYSBASE[ 6] =0000000000000000
00:01:42.486332 MTRR_PHYSMASK[ 6] =0000000000000000
00:01:42.486333 MTRR_PHYSBASE[ 7] =0000000000000000
00:01:42.486333 MTRR_PHYSMASK[ 7] =0000000000000000
00:01:42.486333 MTRR_PHYSBASE[ 8] =0000000000000000
00:01:42.486334 MTRR_PHYSMASK[ 8] =0000000000000000
00:01:42.486334 MTRR_PHYSBASE[ 9] =0000000000000000
00:01:42.486334 MTRR_PHYSMASK[ 9] =0000000000000000
00:01:42.486335 MTRR_PHYSBASE[10] =0000000000000000
00:01:42.486335 MTRR_PHYSMASK[10] =0000000000000000
00:01:42.486335 MTRR_PHYSBASE[11] =0000000000000000
00:01:42.486336 MTRR_PHYSMASK[11] =0000000000000000
00:01:42.486336 MTRR_PHYSBASE[12] =0000000000000000
00:01:42.486336 MTRR_PHYSMASK[12] =0000000000000000
00:01:42.486337 MTRR_PHYSBASE[13] =0000000000000000
00:01:42.486337 MTRR_PHYSMASK[13] =0000000000000000
00:01:42.486338 MTRR_PHYSBASE[14] =0000000000000000
00:01:42.486338 MTRR_PHYSMASK[14] =0000000000000000
00:01:42.486338 MTRR_PHYSBASE[15] =0000000000000000
00:01:42.486339 MTRR_PHYSMASK[15] =0000000000000000
00:01:42.486340 ***
00:01:42.486343 VCPU[2] hardware virtualization state:
00:01:42.486343 fSavedInhibit                = 0x0
00:01:42.486344 In nested-guest hwvirt mode  = false
00:01:42.486344 Hwvirt state disabled.
00:01:42.486346 ***
00:01:42.486349 Guest paging mode (VCPU #2):  AMD64+NX (changed 3 times), A20 enabled (changed 0 times)
00:01:42.486350 Guest SLAT mode (VCPU #2): Direct
00:01:42.486351 Shadow paging mode (VCPU #2): None
00:01:42.486351 Host paging mode:             AMD64+NX
00:01:42.486353 ***
00:01:42.486353 ************** End of Guest state at power off for VCpu 2 ***************
00:01:42.486378 ****************** Guest state at power off for VCpu 1 ******************
00:01:42.486383 Guest CPUM (VCPU 1) state: 
00:01:42.486384 rax=0000000000000005 rbx=0000000000000001 rcx=0000000076da3203 rdx=00000000000bc5fd
00:01:42.486386 rsi=0000000000000000 rdi=0000000000000001 r8 =0000000000000002 r9 =800000cbaa480000
00:01:42.486387 r10=0000000000000000 r11=0000000000000000 r12=0000000000000000 r13=0000000000000000
00:01:42.486388 r14=0000000000000001 r15=ffff80007f013020
00:01:42.486389 rip=ffffffff80059f22 rsp=ffff80007cf7cfd0 rbp=ffff80007cf7cff0 iopl=0  iopl=0 nv up di pl zr na po nc
00:01:42.486392 cs={0008 base=0000000000000000 limit=ffffffff flags=0000a09b}
00:01:42.486393 ds={0010 base=0000000000000000 limit=ffffffff flags=0000c093}
00:01:42.486394 es={0010 base=0000000000000000 limit=ffffffff flags=0000c093}
00:01:42.486395 fs={0010 base=0000000000000000 limit=ffffffff flags=0000c093}
00:01:42.486396 gs={0010 base=ffffffff800fa5d8 limit=ffffffff flags=0000c093}
00:01:42.486397 ss={0010 base=0000000000000000 limit=ffffffff flags=0000c093}
00:01:42.486398 cr0=0000000080010011 cr2=0000000000000000 cr3=000000007f047000 cr4=0000000000000020
00:01:42.486400 dr0=0000000000000000 dr1=0000000000000000 dr2=0000000000000000 dr3=0000000000000000
00:01:42.486401 dr4=0000000000000000 dr5=0000000000000000 dr6=00000000ffff0ff0 dr7=0000000000000400
00:01:42.486402 gdtr=ffffffff80cbc418:0037  idtr=ffffffff81a92690:0fff  eflags=00000046
00:01:42.486404 ldtr={0000 base=00000000 limit=000fffff flags=00000000}
00:01:42.486405 tr  ={0028 base=ffffffff80cbaa48 limit=00000067 flags=0000008b}
00:01:42.486406 SysEnter={cs=0000 eip=0000000000000000 esp=0000000000000000}
00:01:42.486407 xcr=0000000000000001 xcr1=0000000000000000 xss=0000000000000000 (fXStateMask=0000000000000000)
00:01:42.486409 FCW=0000 FSW=0000 FTW=0000 FOP=0000 MXCSR=00001f80 MXCSR_MASK=0000ffff
00:01:42.486410 FPUIP=00000000 CS=0000 Rsrvd1=0000  FPUDP=00000000 DS=0000 Rsvrd2=0000
00:01:42.486411 ST(0)=FPR0={0000'00000000'00000000} t0 +0.0000000000000000000000 * 2 ^ -16383 (*)
00:01:42.486413 ST(1)=FPR1={0000'00000000'00000000} t0 +0.0000000000000000000000 * 2 ^ -16383 (*)
00:01:42.486415 ST(2)=FPR2={0000'00000000'00000000} t0 +0.0000000000000000000000 * 2 ^ -16383 (*)
00:01:42.486417 ST(3)=FPR3={0000'00000000'00000000} t0 +0.0000000000000000000000 * 2 ^ -16383 (*)
00:01:42.486419 ST(4)=FPR4={0000'00000000'00000000} t0 +0.0000000000000000000000 * 2 ^ -16383 (*)
00:01:42.486420 ST(5)=FPR5={0000'00000000'00000000} t0 +0.0000000000000000000000 * 2 ^ -16383 (*)
00:01:42.486434 ST(6)=FPR6={0000'00000000'00000000} t0 +0.0000000000000000000000 * 2 ^ -16383 (*)
00:01:42.486435 ST(7)=FPR7={0000'00000000'00000000} t0 +0.0000000000000000000000 * 2 ^ -16383 (*)
00:01:42.486436 XMM0 =00000000'00000000'00000000'00000000  XMM1 =00000000'00000000'00000000'00000000
00:01:42.486437 XMM2 =00000000'00000000'00000000'00000000  XMM3 =00000000'00000000'00000000'00000000
00:01:42.486438 XMM4 =00000000'00000000'00000000'00000000  XMM5 =00000000'00000000'00000000'00000000
00:01:42.486439 XMM6 =00000000'00000000'00000000'00000000  XMM7 =00000000'00000000'00000000'00000000
00:01:42.486440 XMM8 =00000000'00000000'00000000'00000000  XMM9 =00000000'00000000'00000000'00000000
00:01:42.486441 XMM10=00000000'00000000'00000000'00000000  XMM11=00000000'00000000'00000000'00000000
00:01:42.486442 XMM12=00000000'00000000'00000000'00000000  XMM13=00000000'00000000'00000000'00000000
00:01:42.486443 XMM14=00000000'00000000'00000000'00000000  XMM15=00000000'00000000'00000000'00000000
00:01:42.486445 EFER         =0000000000000d00
00:01:42.486445 PAT          =0000010500070406
00:01:42.486445 STAR         =0000000000000000
00:01:42.486446 CSTAR        =0000000000000000
00:01:42.486446 LSTAR        =0000000000000000
00:01:42.486446 SFMASK       =0000000000000000
00:01:42.486447 KERNELGSBASE =ffffffff800fa5d8
00:01:42.486447 MTRR_CAP          =0000000000000510
00:01:42.486448 MTRR_DEF_TYPE     =0000000000000c06
00:01:42.486448 MTRR_FIX64K_00000 =0606060606060606
00:01:42.486449 MTRR_FIX16K_80000 =0606060606060606
00:01:42.486449 MTRR_FIX16K_A0000 =0000000000000000
00:01:42.486449 MTRR_FIX4K_C0000  =0505050505050505
00:01:42.486450 MTRR_FIX4K_C8000  =0505050505050505
00:01:42.486450 MTRR_FIX4K_D0000  =0505050505050505
00:01:42.486451 MTRR_FIX4K_D8000  =0505050505050505
00:01:42.486451 MTRR_FIX4K_E0000  =0505050505050505
00:01:42.486452 MTRR_FIX4K_E8000  =0505050505050505
00:01:42.486452 MTRR_FIX4K_F0000  =0505050505050505
00:01:42.486453 MTRR_FIX4K_F8000  =0505050505050505
00:01:42.486453 MTRR_PHYSBASE[ 0] =0000000000000006 First=0000000000000000      0 MB [WB]
00:01:42.486454 MTRR_PHYSMASK[ 0] =0000007f80000800 Last =000000007fffffff   2047 MB [2048 MB]
00:01:42.486456 MTRR_PHYSBASE[ 1] =0000000000000000
00:01:42.486456 MTRR_PHYSMASK[ 1] =0000000000000000
00:01:42.486456 MTRR_PHYSBASE[ 2] =0000000000000000
00:01:42.486457 MTRR_PHYSMASK[ 2] =0000000000000000
00:01:42.486457 MTRR_PHYSBASE[ 3] =0000000000000000
00:01:42.486457 MTRR_PHYSMASK[ 3] =0000000000000000
00:01:42.486458 MTRR_PHYSBASE[ 4] =0000000000000000
00:01:42.486458 MTRR_PHYSMASK[ 4] =0000000000000000
00:01:42.486458 MTRR_PHYSBASE[ 5] =0000000000000000
00:01:42.486459 MTRR_PHYSMASK[ 5] =0000000000000000
00:01:42.486459 MTRR_PHYSBASE[ 6] =0000000000000000
00:01:42.486459 MTRR_PHYSMASK[ 6] =0000000000000000
00:01:42.486460 MTRR_PHYSBASE[ 7] =0000000000000000
00:01:42.486460 MTRR_PHYSMASK[ 7] =0000000000000000
00:01:42.486460 MTRR_PHYSBASE[ 8] =0000000000000000
00:01:42.486461 MTRR_PHYSMASK[ 8] =0000000000000000
00:01:42.486461 MTRR_PHYSBASE[ 9] =0000000000000000
00:01:42.486461 MTRR_PHYSMASK[ 9] =0000000000000000
00:01:42.486462 MTRR_PHYSBASE[10] =0000000000000000
00:01:42.486462 MTRR_PHYSMASK[10] =0000000000000000
00:01:42.486462 MTRR_PHYSBASE[11] =0000000000000000
00:01:42.486462 MTRR_PHYSMASK[11] =0000000000000000
00:01:42.486463 MTRR_PHYSBASE[12] =0000000000000000
00:01:42.486463 MTRR_PHYSMASK[12] =0000000000000000
00:01:42.486463 MTRR_PHYSBASE[13] =0000000000000000
00:01:42.486464 MTRR_PHYSMASK[13] =0000000000000000
00:01:42.486464 MTRR_PHYSBASE[14] =0000000000000000
00:01:42.486464 MTRR_PHYSMASK[14] =0000000000000000
00:01:42.486465 MTRR_PHYSBASE[15] =0000000000000000
00:01:42.486465 MTRR_PHYSMASK[15] =0000000000000000
00:01:42.486467 ***
00:01:42.486469 VCPU[1] hardware virtualization state:
00:01:42.486469 fSavedInhibit                = 0x0
00:01:42.486470 In nested-guest hwvirt mode  = false
00:01:42.486470 Hwvirt state disabled.
00:01:42.486471 ***
00:01:42.486473 Guest paging mode (VCPU #1):  AMD64+NX (changed 3 times), A20 enabled (changed 0 times)
00:01:42.486474 Guest SLAT mode (VCPU #1): Direct
00:01:42.486475 Shadow paging mode (VCPU #1): None
00:01:42.486475 Host paging mode:             AMD64+NX
00:01:42.486477 ***
00:01:42.486477 ************** End of Guest state at power off for VCpu 1 ***************
00:01:42.486497 ****************** Guest state at power off for VCpu 0 ******************
00:01:42.486501 Guest CPUM (VCPU 0) state: 
00:01:42.486502 rax=0000000000000000 rbx=00000000000001f4 rcx=0000000000000008 rdx=0000000000000000
00:01:42.486503 rsi=ffffffff81787878 rdi=00000000000001a4 r8 =ffff800040058f80 r9 =00000000000000f4
00:01:42.486505 r10=0000000000000003 r11=000000000000000a r12=ffffffff800762e3 r13=ffffffff800762e3
00:01:42.486506 r14=00000000000001cc r15=0000000000000001
00:01:42.486506 rip=ffffffff80043d50 rsp=ffff80007f057f90 rbp=ffff80007f057ff0 iopl=0  iopl=0 nv up ei ng nz na pe nc
00:01:42.486508 cs={0008 base=0000000000000000 limit=ffffffff flags=0000a09b}
00:01:42.486508 ds={0010 base=0000000000000000 limit=ffffffff flags=0000c093}
00:01:42.486509 es={0010 base=0000000000000000 limit=ffffffff flags=0000c093}
00:01:42.486509 fs={0010 base=0000000000000000 limit=ffffffff flags=0000c093}
00:01:42.486510 gs={0010 base=ffffffff800fa580 limit=ffffffff flags=0000c093}
00:01:42.486511 ss={0010 base=0000000000000000 limit=ffffffff flags=0000c093}
00:01:42.486511 cr0=0000000080010011 cr2=0000000000000000 cr3=000000007f047000 cr4=0000000000000020
00:01:42.486512 dr0=0000000000000000 dr1=0000000000000000 dr2=0000000000000000 dr3=0000000000000000
00:01:42.486513 dr4=0000000000000000 dr5=0000000000000000 dr6=00000000ffff0ff0 dr7=0000000000000400
00:01:42.486514 gdtr=ffffffff80cbc3e0:0037  idtr=ffffffff81a92690:0fff  eflags=00000282
00:01:42.486515 ldtr={0000 base=00000000 limit=ffffffff flags=00000000}
00:01:42.486516 tr  ={0028 base=ffffffff80cba9e0 limit=00000067 flags=0000008b}
00:01:42.486516 SysEnter={cs=0000 eip=0000000000000000 esp=0000000000000000}
00:01:42.486517 xcr=0000000000000001 xcr1=0000000000000000 xss=0000000000000000 (fXStateMask=0000000000000000)
00:01:42.486518 FCW=037f FSW=0000 FTW=0000 FOP=0000 MXCSR=00001f80 MXCSR_MASK=0000ffff
00:01:42.486519 FPUIP=00000000 CS=0000 Rsrvd1=0000  FPUDP=00000000 DS=0000 Rsvrd2=0000
00:01:42.486519 ST(0)=FPR0={0000'00000000'00000000} t0 +0.0000000000000000000000 * 2 ^ -16383 (*)
00:01:42.486521 ST(1)=FPR1={0000'00000000'00000000} t0 +0.0000000000000000000000 * 2 ^ -16383 (*)
00:01:42.486522 ST(2)=FPR2={0000'00000000'00000000} t0 +0.0000000000000000000000 * 2 ^ -16383 (*)
00:01:42.486522 ST(3)=FPR3={0000'00000000'00000000} t0 +0.0000000000000000000000 * 2 ^ -16383 (*)
00:01:42.486523 ST(4)=FPR4={0000'00000000'00000000} t0 +0.0000000000000000000000 * 2 ^ -16383 (*)
00:01:42.486524 ST(5)=FPR5={0000'00000000'00000000} t0 +0.0000000000000000000000 * 2 ^ -16383 (*)
00:01:42.486525 ST(6)=FPR6={0000'00000000'00000000} t0 +0.0000000000000000000000 * 2 ^ -16383 (*)
00:01:42.486526 ST(7)=FPR7={0000'00000000'00000000} t0 +0.0000000000000000000000 * 2 ^ -16383 (*)
00:01:42.486527 XMM0 =00000000'7ebff063'00000000'7ebfe063  XMM1 =00000000'7ea00000'00000000'7ea00000
00:01:42.486528 XMM2 =00000000'00000063'00000000'00000063  XMM3 =00000000'00000000'00000000'00000000
00:01:42.486529 XMM4 =00000000'00000000'00000000'00000000  XMM5 =00000000'00000000'00000000'00000000
00:01:42.486530 XMM6 =00000000'00000000'00000000'00000000  XMM7 =00000000'00000000'00000000'00000000
00:01:42.486531 XMM8 =00000000'00000000'00000000'00000000  XMM9 =00000000'00000000'00000000'00000000
00:01:42.486533 XMM10=00000000'00000000'00000000'00000000  XMM11=00000000'00000000'00000000'00000000
00:01:42.486534 XMM12=00000000'00000000'00000000'00000000  XMM13=00000000'00000000'00000000'00000000
00:01:42.486535 XMM14=00000000'00000000'00000000'00000000  XMM15=00000000'00000000'00000000'00000000
00:01:42.486536 EFER         =0000000000000d00
00:01:42.486536 PAT          =0000010500070406
00:01:42.486537 STAR         =0000000000000000
00:01:42.486537 CSTAR        =0000000000000000
00:01:42.486537 LSTAR        =0000000000000000
00:01:42.486537 SFMASK       =0000000000000000
00:01:42.486538 KERNELGSBASE =ffffffff800fa580
00:01:42.486538 MTRR_CAP          =0000000000000510
00:01:42.486539 MTRR_DEF_TYPE     =0000000000000c06
00:01:42.486539 MTRR_FIX64K_00000 =0606060606060606
00:01:42.486540 MTRR_FIX16K_80000 =0606060606060606
00:01:42.486540 MTRR_FIX16K_A0000 =0000000000000000
00:01:42.486540 MTRR_FIX4K_C0000  =0505050505050505
00:01:42.486541 MTRR_FIX4K_C8000  =0505050505050505
00:01:42.486541 MTRR_FIX4K_D0000  =0505050505050505
00:01:42.486542 MTRR_FIX4K_D8000  =0505050505050505
00:01:42.486542 MTRR_FIX4K_E0000  =0505050505050505
00:01:42.486543 MTRR_FIX4K_E8000  =0505050505050505
00:01:42.486543 MTRR_FIX4K_F0000  =0505050505050505
00:01:42.486544 MTRR_FIX4K_F8000  =0505050505050505
00:01:42.486544 MTRR_PHYSBASE[ 0] =0000000000000006 First=0000000000000000      0 MB [WB]
00:01:42.486545 MTRR_PHYSMASK[ 0] =0000007f80000800 Last =000000007fffffff   2047 MB [2048 MB]
00:01:42.486546 MTRR_PHYSBASE[ 1] =0000000000000000
00:01:42.486547 MTRR_PHYSMASK[ 1] =0000000000000000
00:01:42.486547 MTRR_PHYSBASE[ 2] =0000000000000000
00:01:42.486548 MTRR_PHYSMASK[ 2] =0000000000000000
00:01:42.486548 MTRR_PHYSBASE[ 3] =0000000000000000
00:01:42.486548 MTRR_PHYSMASK[ 3] =0000000000000000
00:01:42.486549 MTRR_PHYSBASE[ 4] =0000000000000000
00:01:42.486549 MTRR_PHYSMASK[ 4] =0000000000000000
00:01:42.486549 MTRR_PHYSBASE[ 5] =0000000000000000
00:01:42.486549 MTRR_PHYSMASK[ 5] =0000000000000000
00:01:42.486550 MTRR_PHYSBASE[ 6] =0000000000000000
00:01:42.486550 MTRR_PHYSMASK[ 6] =0000000000000000
00:01:42.486550 MTRR_PHYSBASE[ 7] =0000000000000000
00:01:42.486551 MTRR_PHYSMASK[ 7] =0000000000000000
00:01:42.486551 MTRR_PHYSBASE[ 8] =0000000000000000
00:01:42.486551 MTRR_PHYSMASK[ 8] =0000000000000000
00:01:42.486552 MTRR_PHYSBASE[ 9] =0000000000000000
00:01:42.486552 MTRR_PHYSMASK[ 9] =0000000000000000
00:01:42.486552 MTRR_PHYSBASE[10] =0000000000000000
00:01:42.486553 MTRR_PHYSMASK[10] =0000000000000000
00:01:42.486553 MTRR_PHYSBASE[11] =0000000000000000
00:01:42.486553 MTRR_PHYSMASK[11] =0000000000000000
00:01:42.486554 MTRR_PHYSBASE[12] =0000000000000000
00:01:42.486554 MTRR_PHYSMASK[12] =0000000000000000
00:01:42.486554 MTRR_PHYSBASE[13] =0000000000000000
00:01:42.486555 MTRR_PHYSMASK[13] =0000000000000000
00:01:42.486555 MTRR_PHYSBASE[14] =0000000000000000
00:01:42.486555 MTRR_PHYSMASK[14] =0000000000000000
00:01:42.486556 MTRR_PHYSBASE[15] =0000000000000000
00:01:42.486556 MTRR_PHYSMASK[15] =0000000000000000
00:01:42.486558 ***
00:01:42.486560 VCPU[0] hardware virtualization state:
00:01:42.486560 fSavedInhibit                = 0x0
00:01:42.486560 In nested-guest hwvirt mode  = false
00:01:42.486561 Hwvirt state disabled.
00:01:42.486562 ***
00:01:42.486564 Guest paging mode (VCPU #0):  AMD64+NX (changed 5 times), A20 enabled (changed 0 times)
00:01:42.486565 Guest SLAT mode (VCPU #0): Direct
00:01:42.486566 Shadow paging mode (VCPU #0): None
00:01:42.486566 Host paging mode:             AMD64+NX
00:01:42.486567 ***
00:01:42.486569 Active Timers (pVM=000001d558920000)
00:01:42.486570 pTimerR3         offNext  offPrev  offSched Clock               Time             Expire HzHint State                     Description
00:01:42.486572 000001d558fc0180 00000007 ffffffff ffffffff Real              809672             807044      0 2-ACTIVE                  VGA Refresh
00:01:42.486575 000001d558fc0380 ffffffff 00000003 ffffffff Real              809672             807247      0 2-ACTIVE                  CPU Load Timer
00:01:42.486577 000001d5daee0480 00000001 ffffffff ffffffff VrSy         82112251291        82112990308   1000 2-ACTIVE                  i8254 PIT
00:01:42.486579 000001d5daee0080 0000000b 00000009 ffffffff VrSy         82112251291        82122251291    100 2-ACTIVE                  APIC Timer 0
00:01:42.486581 000001d5daee0580 00000010 00000001 ffffffff VrSy         82112251291        82990000000      0 2-ACTIVE                  MC146818 RTC Second
00:01:42.486582 000001d5daee0800 ffffffff 0000000b ffffffff VrSy         82112251291       599932015941      0 2-ACTIVE                  ACPI PM
00:01:42.486585 ***
00:01:42.486587 Guest GDT (GCAddr=ffffffff80cbc3e0 limit=37):
00:01:42.486593 0008 - 0000ffff 00af9b00 - base=00000000 limit=ffffffff dpl=0 CodeER Accessed Present Page 16-bit 
00:01:42.486594 0010 - 0000ffff 00cf9300 - base=00000000 limit=ffffffff dpl=0 DataRW Accessed Present Page 32-bit 
00:01:42.486595 0018 - 0000ffff 00cff200 - base=00000000 limit=ffffffff dpl=3 DataRW Present Page 32-bit 
00:01:42.486596 0020 - 0000ffff 00affa00 - base=00000000 limit=ffffffff dpl=3 CodeER Present Page 16-bit 
00:01:42.486597 0028 - a9e00067 80008bcb - base=80cba9e0 limit=00000067 dpl=0 TSS32Busy Present 16-bit 
00:01:42.486599 ************** End of Guest state at power off ***************
00:01:42.487355 PDMR3PowerOff: 743 861 ns run time
00:01:42.487369 Changing the VM state from 'POWERING_OFF' to 'OFF'
00:01:42.490249 Changing the VM state from 'OFF' to 'DESTROYING'
00:01:42.490380 ************************* Statistics *************************
00:01:42.490404 /CPUM/MSR-Totals/Reads                           177 times
00:01:42.490413 /CPUM/MSR-Totals/ReadsRaisingGP                    0 times
00:01:42.490418 /CPUM/MSR-Totals/ReadsUnknown                      0 times
00:01:42.490422 /CPUM/MSR-Totals/Writes                            0 times
00:01:42.490426 /CPUM/MSR-Totals/WritesRaisingGP                   0 times
00:01:42.490430 /CPUM/MSR-Totals/WritesToIgnoredBits               0 times
00:01:42.490443 /CPUM/MSR-Totals/WritesUnknown                     0 times
00:01:42.490464 /Devices/8237A/DmaRun                              0 ticks/call (           0 ticks,       0 calls, max         0, min      -1)
00:01:42.490475 /Devices/VMMDev/BalloonChunks                      0 count
00:01:42.490480 /Devices/VMMDev/FastIrqAckR3                       0 count
00:01:42.490485 /Devices/VMMDev/FastIrqAckRZ                       0 count
00:01:42.490502 /Devices/VMMDev/HGCM-Kernel/BudgetAvailable 1073741824 bytes
00:01:42.490507 /Devices/VMMDev/HGCM-Kernel/BudgetConfig   1073741824 bytes
00:01:42.490511 /Devices/VMMDev/HGCM-Kernel/BudgetOverruns         0 bytes
00:01:42.490515 /Devices/VMMDev/HGCM-Kernel/MessageHeapUsage         0 bytes/call (           0 bytes,       0 calls, max         0, min      -1)
00:01:42.490520 /Devices/VMMDev/HGCM-Root/BudgetAvailable  1073741824 bytes
00:01:42.490541 /Devices/VMMDev/HGCM-Root/BudgetConfig     1073741824 bytes
00:01:42.490561 /Devices/VMMDev/HGCM-Root/BudgetOverruns           0 bytes
00:01:42.490569 /Devices/VMMDev/HGCM-Root/MessageHeapUsage         0 bytes/call (           0 bytes,       0 calls, max         0, min      -1)
00:01:42.490574 /Devices/VMMDev/HGCM-User/BudgetAvailable  1073741824 bytes
00:01:42.490578 /Devices/VMMDev/HGCM-User/BudgetConfig     1073741824 bytes
00:01:42.490582 /Devices/VMMDev/HGCM-User/BudgetOverruns           0 bytes
00:01:42.490586 /Devices/VMMDev/HGCM-User/MessageHeapUsage         0 bytes/call (           0 bytes,       0 calls, max         0, min      -1)
00:01:42.490591 /Devices/VMMDev/LargeReqBufAllocs                  0 count
00:01:42.490595 /Devices/VMMDev/SlowIrqAck                         0 count
00:01:42.490599 /Devices/apic/0                                  540 times
00:01:42.490606 /Devices/apic/0/Vectors/20                       540 times
00:01:42.490627 /Devices/apic/1                                    0 times
00:01:42.490655 /Devices/apic/2                                    0 times
00:01:42.490681 /Devices/apic/3                                    0 times
00:01:42.490707 /Devices/hpet/ReadCounter32bit                     0 times
00:01:42.490712 /Devices/hpet/ReadCounter64bit                     0 times
00:01:42.490716 /Devices/hpet/WriteCounterHigh                     0 times
00:01:42.490720 /Devices/hpet/WriteCounterLow                      0 times
00:01:42.490724 /Devices/hpet/ZeroDeltaHacks                       0 times
00:01:42.490728 /Devices/hpet/timer0/SetIrq                        0 times
00:01:42.490732 /Devices/hpet/timer0/SetTimer                      0 times
00:01:42.490736 /Devices/hpet/timer1/SetIrq                        0 times
00:01:42.490740 /Devices/hpet/timer1/SetTimer                      0 times
00:01:42.490744 /Devices/hpet/timer2/SetIrq                        0 times
00:01:42.490748 /Devices/hpet/timer2/SetTimer                      0 times
00:01:42.490752 /Devices/hpet/timer3/SetIrq                        0 times
00:01:42.490756 /Devices/hpet/timer3/SetTimer                      0 times
00:01:42.490763 /Devices/ichac97/Stream0/reg-CR                    0 
00:01:42.490768 /Devices/ichac97/Stream0/reg-SR                    0 
00:01:42.490774 /Devices/ichac97/Stream1/reg-CR                    0 
00:01:42.490778 /Devices/ichac97/Stream1/reg-SR                    0 
00:01:42.490784 /Devices/ichac97/Stream2/reg-CR                    0 
00:01:42.490788 /Devices/ichac97/Stream2/reg-SR                    0 
00:01:42.490791 /Devices/ichac97/UnimplementedNabmReads            0 times
00:01:42.490795 /Devices/ichac97/UnimplementedNabmWrites           0 times
00:01:42.490799 /Devices/ichac97/UnimplementedNamReads             0 times
00:01:42.490803 /Devices/ichac97/UnimplementedNamWrites            0 times
00:01:42.490829 /Devices/lpc/ConfigReads                         334 times
00:01:42.490834 /Devices/lpc/ConfigWrites                         58 times
00:01:42.490838 /Devices/lpc/MMIOReads                             0 times
00:01:42.490842 /Devices/lpc/MMIOWrites                            0 times
00:01:42.490846 /Devices/mc146818/Irq                              0 times
00:01:42.490853 /Devices/mc146818/IrqClear                         0 times
00:01:42.490859 /Devices/mc146818/PiActive                         0 ticks/call (           0 ticks,       0 calls, max         0, min      -1)
00:01:42.490863 /Devices/mc146818/PieFlip                          0 times
00:01:42.490867 /Devices/mc146818/TimerCB                          0 times
00:01:42.490871 /Devices/vga/HgmsiMdaCgaAccesses                   0 times
00:01:42.490875 /Devices/vga/VMSVGA/Cmd/3dActivateSurface          0 times
00:01:42.490879 /Devices/vga/VMSVGA/Cmd/3dBeginQuery               0 times
00:01:42.490883 /Devices/vga/VMSVGA/Cmd/3dBlitSurfaceToScreenProf         0 ticks/call (           0 ticks,       0 calls, max         0, min      -1)
00:01:42.490887 /Devices/vga/VMSVGA/Cmd/3dClear                    0 times
00:01:42.490891 /Devices/vga/VMSVGA/Cmd/3dContextDefine            0 times
00:01:42.490894 /Devices/vga/VMSVGA/Cmd/3dContextDestroy           0 times
00:01:42.490898 /Devices/vga/VMSVGA/Cmd/3dDeactivateSurface         0 times
00:01:42.490901 /Devices/vga/VMSVGA/Cmd/3dDrawPrimitives           0 times
00:01:42.490905 /Devices/vga/VMSVGA/Cmd/3dEndQuery                 0 times
00:01:42.490908 /Devices/vga/VMSVGA/Cmd/3dGenerateMipmaps          0 times
00:01:42.490912 /Devices/vga/VMSVGA/Cmd/3dPresent                  0 times
00:01:42.490915 /Devices/vga/VMSVGA/Cmd/3dPresentReadBack          0 times
00:01:42.490919 /Devices/vga/VMSVGA/Cmd/3dSetClipPlane             0 times
00:01:42.490922 /Devices/vga/VMSVGA/Cmd/3dSetLightData             0 times
00:01:42.490926 /Devices/vga/VMSVGA/Cmd/3dSetLightEnable           0 times
00:01:42.490929 /Devices/vga/VMSVGA/Cmd/3dSetMaterial              0 times
00:01:42.490933 /Devices/vga/VMSVGA/Cmd/3dSetRenderState           0 times
00:01:42.490936 /Devices/vga/VMSVGA/Cmd/3dSetRenderTarget          0 times
00:01:42.490940 /Devices/vga/VMSVGA/Cmd/3dSetScissorRect           0 times
00:01:42.490943 /Devices/vga/VMSVGA/Cmd/3dSetShader                0 times
00:01:42.490947 /Devices/vga/VMSVGA/Cmd/3dSetShaderConst           0 times
00:01:42.490950 /Devices/vga/VMSVGA/Cmd/3dSetTextureState          0 times
00:01:42.490953 /Devices/vga/VMSVGA/Cmd/3dSetTransform             0 times
00:01:42.490957 /Devices/vga/VMSVGA/Cmd/3dSetViewPort              0 times
00:01:42.490960 /Devices/vga/VMSVGA/Cmd/3dSetZRange                0 times
00:01:42.490964 /Devices/vga/VMSVGA/Cmd/3dShaderDefine             0 times
00:01:42.490967 /Devices/vga/VMSVGA/Cmd/3dShaderDestroy            0 times
00:01:42.490970 /Devices/vga/VMSVGA/Cmd/3dSurfaceCopy              0 times
00:01:42.490974 /Devices/vga/VMSVGA/Cmd/3dSurfaceDefine            0 times
00:01:42.490977 /Devices/vga/VMSVGA/Cmd/3dSurfaceDefineV2          0 times
00:01:42.490981 /Devices/vga/VMSVGA/Cmd/3dSurfaceDestroy           0 times
00:01:42.490984 /Devices/vga/VMSVGA/Cmd/3dSurfaceDma               0 times
00:01:42.490987 /Devices/vga/VMSVGA/Cmd/3dSurfaceScreen            0 times
00:01:42.490991 /Devices/vga/VMSVGA/Cmd/3dSurfaceStretchBlt         0 times
00:01:42.490994 /Devices/vga/VMSVGA/Cmd/3dWaitForQuery             0 times
00:01:42.490998 /Devices/vga/VMSVGA/Cmd/AnnotationCopy             0 times
00:01:42.491001 /Devices/vga/VMSVGA/Cmd/AnnotationFill             0 times
00:01:42.491004 /Devices/vga/VMSVGA/Cmd/BlitGmrFbToScreen          0 times
00:01:42.491008 /Devices/vga/VMSVGA/Cmd/BlitScreentoGmrFb          0 times
00:01:42.491011 /Devices/vga/VMSVGA/Cmd/DefineAlphaCursor          0 times
00:01:42.491014 /Devices/vga/VMSVGA/Cmd/DefineCursor               0 times
00:01:42.491018 /Devices/vga/VMSVGA/Cmd/DefineGmr2                 0 times
00:01:42.491021 /Devices/vga/VMSVGA/Cmd/DefineGmr2/Free            0 times
00:01:42.491025 /Devices/vga/VMSVGA/Cmd/DefineGmr2/Modify          0 times
00:01:42.491028 /Devices/vga/VMSVGA/Cmd/DefineGmrFb                0 times
00:01:42.491032 /Devices/vga/VMSVGA/Cmd/DefineScreen               0 times
00:01:42.491036 /Devices/vga/VMSVGA/Cmd/DestroyScreen              0 times
00:01:42.491040 /Devices/vga/VMSVGA/Cmd/DisplayCursor              0 times
00:01:42.491044 /Devices/vga/VMSVGA/Cmd/Escape                     0 times
00:01:42.491048 /Devices/vga/VMSVGA/Cmd/Fence                      0 times
00:01:42.491051 /Devices/vga/VMSVGA/Cmd/InvalidCmd                 0 times
00:01:42.491055 /Devices/vga/VMSVGA/Cmd/MoveCursor                 0 times
00:01:42.491058 /Devices/vga/VMSVGA/Cmd/RectCopy                   0 times
00:01:42.491061 /Devices/vga/VMSVGA/Cmd/RectFill                   0 times
00:01:42.491065 /Devices/vga/VMSVGA/Cmd/RectRopCopy                0 times
00:01:42.491068 /Devices/vga/VMSVGA/Cmd/RemapGmr2                  0 times
00:01:42.491072 /Devices/vga/VMSVGA/Cmd/RemapGmr2/Modify           0 times
00:01:42.491075 /Devices/vga/VMSVGA/Cmd/Update                     0 times
00:01:42.491079 /Devices/vga/VMSVGA/Cmd/UpdateVerbose              0 times
00:01:42.491082 /Devices/vga/VMSVGA/EmtDelayOnBusyFifo             0 ticks/call (           0 ticks,       0 calls, max         0, min      -1)
00:01:42.491087 /Devices/vga/VMSVGA/FifoCommands                   0 times
00:01:42.491090 /Devices/vga/VMSVGA/FifoCursorFetchAgain           0 times
00:01:42.491094 /Devices/vga/VMSVGA/FifoCursorNoChange             0 times
00:01:42.491097 /Devices/vga/VMSVGA/FifoCursorPosition             0 times
00:01:42.491101 /Devices/vga/VMSVGA/FifoCursorVisiblity            0 times
00:01:42.491104 /Devices/vga/VMSVGA/FifoErrors                     0 times
00:01:42.491108 /Devices/vga/VMSVGA/FifoExtendedSleep      40657655915 ticks/call (325261247327 ticks,       8 calls, max 52563363710, min   11994)
00:01:42.491113 /Devices/vga/VMSVGA/FifoStalls                     0 ticks/call (           0 ticks,       0 calls, max         0, min      -1)
00:01:42.491116 /Devices/vga/VMSVGA/FifoTodoTimeout                0 times
00:01:42.491120 /Devices/vga/VMSVGA/FifoTodoWoken                  0 times
00:01:42.491123 /Devices/vga/VMSVGA/FifoUnknownCommands            0 times
00:01:42.491127 /Devices/vga/VMSVGA/FifoWatchdogWakeUps            0 times
00:01:42.491132 /Devices/vga/VMSVGA/Reg/BitsPerPixelRead           0 times
00:01:42.491135 /Devices/vga/VMSVGA/Reg/BitsPerPixelWrite          0 times
00:01:42.491138 /Devices/vga/VMSVGA/Reg/BlueMaskRead               0 times
00:01:42.491142 /Devices/vga/VMSVGA/Reg/BusyRead                   0 times
00:01:42.491145 /Devices/vga/VMSVGA/Reg/BusyWrite                  0 times
00:01:42.491149 /Devices/vga/VMSVGA/Reg/BytesPerLineRead           0 times
00:01:42.491152 /Devices/vga/VMSVGA/Reg/CapabilitesRead            0 times
00:01:42.491155 /Devices/vga/VMSVGA/Reg/CmdPrependHighRead         0 times
00:01:42.491159 /Devices/vga/VMSVGA/Reg/CmdPrependHighWrite         0 times
00:01:42.491162 /Devices/vga/VMSVGA/Reg/CmdPrependLowRead          0 times
00:01:42.491166 /Devices/vga/VMSVGA/Reg/CmdPrependLowWrite         0 times
00:01:42.491169 /Devices/vga/VMSVGA/Reg/CommandHighRead            0 times
00:01:42.491172 /Devices/vga/VMSVGA/Reg/CommandHighWrite           0 times
00:01:42.491176 /Devices/vga/VMSVGA/Reg/CommandLowRead             0 times
00:01:42.491179 /Devices/vga/VMSVGA/Reg/CommandLowWrite            0 times
00:01:42.491182 /Devices/vga/VMSVGA/Reg/ConfigDoneRead             0 times
00:01:42.491186 /Devices/vga/VMSVGA/Reg/ConfigDoneWrite            0 times
00:01:42.491189 /Devices/vga/VMSVGA/Reg/CursorIdRead               0 times
00:01:42.491192 /Devices/vga/VMSVGA/Reg/CursorIdWrite              0 times
00:01:42.491196 /Devices/vga/VMSVGA/Reg/CursorMobIdWrite           0 times
00:01:42.491199 /Devices/vga/VMSVGA/Reg/CursorOnRead               0 times
00:01:42.491203 /Devices/vga/VMSVGA/Reg/CursorOnWrite              0 times
00:01:42.491206 /Devices/vga/VMSVGA/Reg/CursorXRead                0 times
00:01:42.491210 /Devices/vga/VMSVGA/Reg/CursorXWrite               0 times
00:01:42.491213 /Devices/vga/VMSVGA/Reg/CursorYRead                0 times
00:01:42.491217 /Devices/vga/VMSVGA/Reg/CursorYWrite               0 times
00:01:42.491221 /Devices/vga/VMSVGA/Reg/DepthRead                  0 times
00:01:42.491225 /Devices/vga/VMSVGA/Reg/DepthWrite                 0 times
00:01:42.491228 /Devices/vga/VMSVGA/Reg/DevCapRead                 0 times
00:01:42.491232 /Devices/vga/VMSVGA/Reg/DevCapWrite                0 times
00:01:42.491235 /Devices/vga/VMSVGA/Reg/DisplayHeightRead          0 times
00:01:42.491238 /Devices/vga/VMSVGA/Reg/DisplayHeightWrite         0 times
00:01:42.491242 /Devices/vga/VMSVGA/Reg/DisplayIdRead              0 times
00:01:42.491245 /Devices/vga/VMSVGA/Reg/DisplayIdWrite             0 times
00:01:42.491249 /Devices/vga/VMSVGA/Reg/DisplayIsPrimaryRead         0 times
00:01:42.491252 /Devices/vga/VMSVGA/Reg/DisplayIsPrimaryWrite         0 times
00:01:42.491255 /Devices/vga/VMSVGA/Reg/DisplayPositionXRead         0 times
00:01:42.491259 /Devices/vga/VMSVGA/Reg/DisplayPositionXWrite         0 times
00:01:42.491262 /Devices/vga/VMSVGA/Reg/DisplayPositionYRead         0 times
00:01:42.491265 /Devices/vga/VMSVGA/Reg/DisplayPositionYWrite         0 times
00:01:42.491269 /Devices/vga/VMSVGA/Reg/DisplayWidthRead           0 times
00:01:42.491272 /Devices/vga/VMSVGA/Reg/DisplayWidthWrite          0 times
00:01:42.491275 /Devices/vga/VMSVGA/Reg/EnableRead                 0 times
00:01:42.491279 /Devices/vga/VMSVGA/Reg/EnableWrite                0 times
00:01:42.491282 /Devices/vga/VMSVGA/Reg/FbOffsetRead               0 times
00:01:42.491285 /Devices/vga/VMSVGA/Reg/FbSizeRead                 0 times
00:01:42.491289 /Devices/vga/VMSVGA/Reg/FbStartRead                0 times
00:01:42.491292 /Devices/vga/VMSVGA/Reg/GBMemSizeRead              0 times
00:01:42.491296 /Devices/vga/VMSVGA/Reg/GmrDescriptorWrite         0 times
00:01:42.491299 /Devices/vga/VMSVGA/Reg/GmrDescriptorWrite/Errors         0 times
00:01:42.491302 /Devices/vga/VMSVGA/Reg/GmrDescriptorWrite/Free         0 times
00:01:42.491306 /Devices/vga/VMSVGA/Reg/GmrIdRead                  0 times
00:01:42.491309 /Devices/vga/VMSVGA/Reg/GmrIdWrite                 0 times
00:01:42.491313 /Devices/vga/VMSVGA/Reg/GmrMaxDescriptorLengthRead         0 times
00:01:42.491316 /Devices/vga/VMSVGA/Reg/GmrMaxIdsRead              0 times
00:01:42.491319 /Devices/vga/VMSVGA/Reg/GmrsMaxPagesRead           0 times
00:01:42.491323 /Devices/vga/VMSVGA/Reg/GreenMaskRead              0 times
00:01:42.491326 /Devices/vga/VMSVGA/Reg/GuestIdRead                0 times
00:01:42.491330 /Devices/vga/VMSVGA/Reg/GuestIdWrite               0 times
00:01:42.491333 /Devices/vga/VMSVGA/Reg/HeightRead                 0 times
00:01:42.491336 /Devices/vga/VMSVGA/Reg/HeightWrite                0 times
00:01:42.491340 /Devices/vga/VMSVGA/Reg/HostBitsPerPixelRead         0 times
00:01:42.491343 /Devices/vga/VMSVGA/Reg/IdRead                     0 times
00:01:42.491347 /Devices/vga/VMSVGA/Reg/IdWrite                    0 times
00:01:42.491350 /Devices/vga/VMSVGA/Reg/IrqMaskRead                0 times
00:01:42.491354 /Devices/vga/VMSVGA/Reg/IrqMaskWrite               0 times
00:01:42.491357 /Devices/vga/VMSVGA/Reg/MaxHeightRead              0 times
00:01:42.491360 /Devices/vga/VMSVGA/Reg/MaxPrimBBMemRead           0 times
00:01:42.491364 /Devices/vga/VMSVGA/Reg/MaxWidthRead               0 times
00:01:42.491367 /Devices/vga/VMSVGA/Reg/MemRegsRead                0 times
00:01:42.491371 /Devices/vga/VMSVGA/Reg/MemSizeRead                0 times
00:01:42.491374 /Devices/vga/VMSVGA/Reg/MemStartRead               0 times
00:01:42.491378 /Devices/vga/VMSVGA/Reg/MemorySizeRead             0 times
00:01:42.491381 /Devices/vga/VMSVGA/Reg/MobMaxSizeRead             0 times
00:01:42.491384 /Devices/vga/VMSVGA/Reg/NumDisplaysRead            0 times
00:01:42.491388 /Devices/vga/VMSVGA/Reg/NumDisplaysWrite           0 times
00:01:42.491391 /Devices/vga/VMSVGA/Reg/NumGuestDisplaysRead         0 times
00:01:42.491394 /Devices/vga/VMSVGA/Reg/NumGuestDisplaysWrite         0 times
00:01:42.491398 /Devices/vga/VMSVGA/Reg/PaletteRead                0 times
00:01:42.491402 /Devices/vga/VMSVGA/Reg/PaletteWrite               0 times
00:01:42.491406 /Devices/vga/VMSVGA/Reg/PitchLockRead              0 times
00:01:42.491409 /Devices/vga/VMSVGA/Reg/PitchLockWrite             0 times
00:01:42.491413 /Devices/vga/VMSVGA/Reg/PseudoColorWrite           0 times
00:01:42.491416 /Devices/vga/VMSVGA/Reg/PsuedoColorRead            0 times
00:01:42.491419 /Devices/vga/VMSVGA/Reg/ReadOnlyWrite              0 times
00:01:42.491435 /Devices/vga/VMSVGA/Reg/RedMaskRead                0 times
00:01:42.491439 /Devices/vga/VMSVGA/Reg/ScratchRead                0 times
00:01:42.491442 /Devices/vga/VMSVGA/Reg/ScratchSizeRead            0 times
00:01:42.491445 /Devices/vga/VMSVGA/Reg/ScratchWrite               0 times
00:01:42.491449 /Devices/vga/VMSVGA/Reg/ScrnTgtMaxHeightRead         0 times
00:01:42.491452 /Devices/vga/VMSVGA/Reg/ScrnTgtMaxWidthRead         0 times
00:01:42.491455 /Devices/vga/VMSVGA/Reg/SyncRead                   0 times
00:01:42.491459 /Devices/vga/VMSVGA/Reg/SyncWrite                  0 times
00:01:42.491462 /Devices/vga/VMSVGA/Reg/TopRead                    0 times
00:01:42.491465 /Devices/vga/VMSVGA/Reg/TopWrite                   0 times
00:01:42.491469 /Devices/vga/VMSVGA/Reg/TracesRead                 0 times
00:01:42.491472 /Devices/vga/VMSVGA/Reg/TracesWrite                0 times
00:01:42.491475 /Devices/vga/VMSVGA/Reg/UnknownRead                0 times
00:01:42.491478 /Devices/vga/VMSVGA/Reg/UnknownWrite               0 times
00:01:42.491482 /Devices/vga/VMSVGA/Reg/VramSizeRead               1 times
00:01:42.491485 /Devices/vga/VMSVGA/Reg/WidthRead                  0 times
00:01:42.491488 /Devices/vga/VMSVGA/Reg/WidthWrite                 0 times
00:01:42.491492 /Devices/vga/VMSVGA/Reg/WriteOnlyRead              0 times
00:01:42.491495 /Drivers/AUDIO-0/TotalStreamsCreated               0 count
00:01:42.491499 /Drivers/AUDIO-1/TotalStreamsCreated               0 count
00:01:42.491502 /Drivers/AUDIO-2/TotalStreamsCreated               0 count
00:01:42.491506 /EM/CPU0/ExitHashing/Step00-Hits               34591 times
00:01:42.491510 /EM/CPU0/ExitHashing/Step00-NewInserts           446 times
00:01:42.491514 /EM/CPU0/ExitHashing/Step01-Hits               28909 times
00:01:42.491517 /EM/CPU0/ExitHashing/Step01-NewInserts           130 times
00:01:42.491521 /EM/CPU0/ExitHashing/Step02-Hits                2267 times
00:01:42.491524 /EM/CPU0/ExitHashing/Step02-NewInserts            52 times
00:01:42.491528 /EM/CPU0/ExitHashing/Step03-Hits                 730 times
00:01:42.491531 /EM/CPU0/ExitHashing/Step03-NewInserts            23 times
00:01:42.491534 /EM/CPU0/ExitHashing/Step04-Hits                  37 times
00:01:42.491538 /EM/CPU0/ExitHashing/Step04-NewInserts            12 times
00:01:42.491541 /EM/CPU0/ExitHashing/Step05-Hits                 652 times
00:01:42.491544 /EM/CPU0/ExitHashing/Step05-NewInserts            10 times
00:01:42.491548 /EM/CPU0/ExitHashing/Step06-Hits                   1 times
00:01:42.491552 /EM/CPU0/ExitHashing/Step06-NewInserts             3 times
00:01:42.491555 /EM/CPU0/ExitHashing/Step07-Hits                   6 times
00:01:42.491559 /EM/CPU0/ExitHashing/Step07-NewInserts             4 times
00:01:42.491563 /EM/CPU0/ExitHashing/Used                        680 times
00:01:42.491567 /EM/CPU0/ExitOpt/Exec                        2693962 ticks/call (   878231650 ticks,     326 calls, max  12809612, min    3654)
00:01:42.491571 /EM/CPU0/ExitOpt/ExecInstructions            1458593 times
00:01:42.491578 /EM/CPU0/ExitOpt/ExecRetReasonForcedFlag          29 times
00:01:42.491582 /EM/CPU0/ExitOpt/ExecRetReasonHostInterrupt         0 times
00:01:42.491587 /EM/CPU0/ExitOpt/ExecRetReasonLongJump             0 times
00:01:42.491590 /EM/CPU0/ExitOpt/ExecRetReasonMaxDistance        229 times
00:01:42.491593 /EM/CPU0/ExitOpt/ExecRetReasonMaxInstructions        68 times
00:01:42.491597 /EM/CPU0/ExitOpt/ExecRetReasonNormal               0 times
00:01:42.491600 /EM/CPU0/ExitOpt/ExecRetReasonTimer                0 times
00:01:42.491604 /EM/CPU0/ExitOpt/ExecSavedExit                 98132 times
00:01:42.491608 /EM/CPU0/ExitOpt/Probe                       2367091 ticks/call (    63911457 ticks,      27 calls, max  12703250, min   36020)
00:01:42.491613 /EM/CPU0/ExitOpt/ProbeInstructions             77576 times
00:01:42.491616 /EM/CPU0/ExitOpt/ProbedExecWithMax                12 times
00:01:42.491620 /EM/CPU0/ExitOpt/ProbedNormal                     15 times
00:01:42.491623 /EM/CPU0/ExitOpt/ProbedToRing3                     0 times
00:01:42.491627 /EM/CPU1/ExitHashing/Step00-Hits                1049 times
00:01:42.491630 /EM/CPU1/ExitHashing/Step00-NewInserts            31 times
00:01:42.491634 /EM/CPU1/ExitHashing/Step01-Hits                   6 times
00:01:42.491637 /EM/CPU1/ExitHashing/Step01-NewInserts             3 times
00:01:42.491643 /EM/CPU1/ExitHashing/Used                         34 times
00:01:42.491646 /EM/CPU1/ExitOpt/Exec                       13782498 ticks/call (  1006122390 ticks,      73 calls, max  24108174, min   55398)
00:01:42.491651 /EM/CPU1/ExitOpt/ExecInstructions               8330 times
00:01:42.491654 /EM/CPU1/ExitOpt/ExecRetReasonForcedFlag           2 times
00:01:42.491657 /EM/CPU1/ExitOpt/ExecRetReasonHostInterrupt         0 times
00:01:42.491661 /EM/CPU1/ExitOpt/ExecRetReasonLongJump             0 times
00:01:42.491664 /EM/CPU1/ExitOpt/ExecRetReasonMaxDistance         71 times
00:01:42.491667 /EM/CPU1/ExitOpt/ExecRetReasonMaxInstructions         0 times
00:01:42.491671 /EM/CPU1/ExitOpt/ExecRetReasonNormal               0 times
00:01:42.491674 /EM/CPU1/ExitOpt/ExecRetReasonTimer                0 times
00:01:42.491677 /EM/CPU1/ExitOpt/ExecSavedExit                   154 times
00:01:42.491681 /EM/CPU1/ExitOpt/Probe                       7025186 ticks/call (    14050372 ticks,       2 calls, max  13992344, min   58028)
00:01:42.491685 /EM/CPU1/ExitOpt/ProbeInstructions               128 times
00:01:42.491688 /EM/CPU1/ExitOpt/ProbedExecWithMax                 1 times
00:01:42.491692 /EM/CPU1/ExitOpt/ProbedNormal                      1 times
00:01:42.491695 /EM/CPU1/ExitOpt/ProbedToRing3                     0 times
00:01:42.491699 /EM/CPU2/ExitHashing/Step00-Hits                1048 times
00:01:42.491702 /EM/CPU2/ExitHashing/Step00-NewInserts            31 times
00:01:42.491706 /EM/CPU2/ExitHashing/Step01-Hits                   6 times
00:01:42.491709 /EM/CPU2/ExitHashing/Step01-NewInserts             3 times
00:01:42.491715 /EM/CPU2/ExitHashing/Used                         34 times
00:01:42.491718 /EM/CPU2/ExitOpt/Exec                       13996282 ticks/call (  1007732333 ticks,      72 calls, max  29203136, min   56474)
00:01:42.491722 /EM/CPU2/ExitOpt/ExecInstructions               8379 times
00:01:42.491726 /EM/CPU2/ExitOpt/ExecRetReasonForcedFlag           1 times
00:01:42.491729 /EM/CPU2/ExitOpt/ExecRetReasonHostInterrupt         0 times
00:01:42.491733 /EM/CPU2/ExitOpt/ExecRetReasonLongJump             0 times
00:01:42.491736 /EM/CPU2/ExitOpt/ExecRetReasonMaxDistance         71 times
00:01:42.491739 /EM/CPU2/ExitOpt/ExecRetReasonMaxInstructions         0 times
00:01:42.491742 /EM/CPU2/ExitOpt/ExecRetReasonNormal               0 times
00:01:42.491746 /EM/CPU2/ExitOpt/ExecRetReasonTimer                0 times
00:01:42.491749 /EM/CPU2/ExitOpt/ExecSavedExit                   155 times
00:01:42.491753 /EM/CPU2/ExitOpt/Probe                       4122689 ticks/call (     8245379 ticks,       2 calls, max   8190457, min   54922)
00:01:42.491757 /EM/CPU2/ExitOpt/ProbeInstructions               128 times
00:01:42.491761 /EM/CPU2/ExitOpt/ProbedExecWithMax                 1 times
00:01:42.491765 /EM/CPU2/ExitOpt/ProbedNormal                      1 times
00:01:42.491768 /EM/CPU2/ExitOpt/ProbedToRing3                     0 times
00:01:42.491772 /EM/CPU3/ExitHashing/Step00-Hits                1067 times
00:01:42.491776 /EM/CPU3/ExitHashing/Step00-NewInserts            31 times
00:01:42.491779 /EM/CPU3/ExitHashing/Step01-Hits                   6 times
00:01:42.491784 /EM/CPU3/ExitHashing/Step01-NewInserts             3 times
00:01:42.491791 /EM/CPU3/ExitHashing/Used                         34 times
00:01:42.491795 /EM/CPU3/ExitOpt/Exec                       11767601 ticks/call (  1000246139 ticks,      85 calls, max  24571714, min   56248)
00:01:42.491799 /EM/CPU3/ExitOpt/ExecInstructions               7845 times
00:01:42.491803 /EM/CPU3/ExitOpt/ExecRetReasonForcedFlag          23 times
00:01:42.491806 /EM/CPU3/ExitOpt/ExecRetReasonHostInterrupt         0 times
00:01:42.491810 /EM/CPU3/ExitOpt/ExecRetReasonLongJump             0 times
00:01:42.491813 /EM/CPU3/ExitOpt/ExecRetReasonMaxDistance         62 times
00:01:42.491816 /EM/CPU3/ExitOpt/ExecRetReasonMaxInstructions         0 times
00:01:42.491820 /EM/CPU3/ExitOpt/ExecRetReasonNormal               0 times
00:01:42.491823 /EM/CPU3/ExitOpt/ExecRetReasonTimer                0 times
00:01:42.491827 /EM/CPU3/ExitOpt/ExecSavedExit                   133 times
00:01:42.491830 /EM/CPU3/ExitOpt/Probe                       5891865 ticks/call (    11783730 ticks,       2 calls, max  11721046, min   62684)
00:01:42.491835 /EM/CPU3/ExitOpt/ProbeInstructions               128 times
00:01:42.491839 /EM/CPU3/ExitOpt/ProbedExecWithMax                 1 times
00:01:42.491842 /EM/CPU3/ExitOpt/ProbedNormal                      1 times
00:01:42.491845 /EM/CPU3/ExitOpt/ProbedToRing3                     0 times
00:01:42.491850 /GMM/ChunkTlbHits                                  0 times
00:01:42.491853 /GMM/ChunkTlbMisses                                0 times
00:01:42.491863 /GMM/VM/Allocated/cBasePages                       0 pages
00:01:42.491867 /GMM/VM/Allocated/cFixedPages                      0 pages
00:01:42.491870 /GMM/VM/Allocated/cShadowPages                     0 pages
00:01:42.491874 /GMM/VM/Reserved/cBasePages                   526115 pages
00:01:42.491878 /GMM/VM/Reserved/cFixedPages                   34308 pages
00:01:42.491881 /GMM/VM/Reserved/cShadowPages                      1 pages
00:01:42.491885 /GMM/VM/cBalloonedPages                            0 pages
00:01:42.491898 /GMM/VM/cMaxBalloonedPages                         0 pages
00:01:42.491909 /GMM/VM/cPrivatePages                              0 pages
00:01:42.491914 /GMM/VM/cReqActuallyBalloonedPages                 0 pages
00:01:42.491917 /GMM/VM/cReqBalloonedPages                         0 pages
00:01:42.491921 /GMM/VM/cReqDeflatePages                           0 pages
00:01:42.491925 /GMM/VM/cShareableModules                          0 count
00:01:42.491929 /GMM/VM/cSharedPages                               0 pages
00:01:42.491933 /GMM/VM/enmPolicy                                  1 
00:01:42.491936 /GMM/VM/enmPriority                                2 
00:01:42.491947 /GMM/VM/fBallooningEnabled                 false    
00:01:42.491957 /GMM/VM/fMayAllocate                       true     
00:01:42.491962 /GMM/VM/fSharedPagingEnabled               false    
00:01:42.491966 /GMM/cAllocatedPages                               0 pages
00:01:42.491970 /GMM/cBalloonedPages                               0 pages
00:01:42.491974 /GMM/cChunks                                       0 count
00:01:42.491978 /GMM/cDuplicatePages                               0 pages
00:01:42.491982 /GMM/cFreedChunks                                  0 count
00:01:42.491986 /GMM/cLeftBehindSharedPages                        0 pages
00:01:42.491990 /GMM/cMaxPages                             4294967295 pages
00:01:42.491994 /GMM/cOverCommittedPages                           0 pages
00:01:42.491998 /GMM/cReservedPages                           560424 pages
00:01:42.492002 /GMM/cShareableModules                             0 count
00:01:42.492006 /GMM/cSharedPages                                  0 pages
00:01:42.492010 /GMM/idFreeGeneration                      4611686018427387775 
00:01:42.492115 /GVMM/EMTs                                         4 count
00:01:42.492120 /GVMM/HostCPUs                                     4 count
00:01:42.492126 /GVMM/HostCpus/0                                   0 
00:01:42.492131 /GVMM/HostCpus/0/CurTimerHz                        0 Hz
00:01:42.492135 /GVMM/HostCpus/0/DesiredHz                         0 Hz
00:01:42.492138 /GVMM/HostCpus/0/PPTChanges                        0 times
00:01:42.492142 /GVMM/HostCpus/0/PPTStarts                         0 times
00:01:42.492145 /GVMM/HostCpus/0/idxCpuSet                         0 
00:01:42.492149 /GVMM/HostCpus/1                                   1 
00:01:42.492152 /GVMM/HostCpus/1/CurTimerHz                        0 Hz
00:01:42.492156 /GVMM/HostCpus/1/DesiredHz                         0 Hz
00:01:42.492159 /GVMM/HostCpus/1/PPTChanges                        0 times
00:01:42.492162 /GVMM/HostCpus/1/PPTStarts                         0 times
00:01:42.492166 /GVMM/HostCpus/1/idxCpuSet                         1 
00:01:42.492169 /GVMM/HostCpus/2                                   2 
00:01:42.492173 /GVMM/HostCpus/2/CurTimerHz                        0 Hz
00:01:42.492176 /GVMM/HostCpus/2/DesiredHz                         0 Hz
00:01:42.492179 /GVMM/HostCpus/2/PPTChanges                        0 times
00:01:42.492183 /GVMM/HostCpus/2/PPTStarts                         0 times
00:01:42.492186 /GVMM/HostCpus/2/idxCpuSet                         2 
00:01:42.492189 /GVMM/HostCpus/3                                   3 
00:01:42.492193 /GVMM/HostCpus/3/CurTimerHz                        0 Hz
00:01:42.492196 /GVMM/HostCpus/3/DesiredHz                         0 Hz
00:01:42.492200 /GVMM/HostCpus/3/PPTChanges                        0 times
00:01:42.492203 /GVMM/HostCpus/3/PPTStarts                         0 times
00:01:42.492206 /GVMM/HostCpus/3/idxCpuSet                         3 
00:01:42.492210 /GVMM/Sum/HaltBlocking                         80939 calls
00:01:42.492214 /GVMM/Sum/HaltCalls                            80943 calls
00:01:42.492217 /GVMM/Sum/HaltNotBlocking                          7 calls
00:01:42.492221 /GVMM/Sum/HaltTimeouts                         78875 calls
00:01:42.492224 /GVMM/Sum/HaltWakeUps                              0 calls
00:01:42.492228 /GVMM/Sum/PokeCalls                                0 calls
00:01:42.492231 /GVMM/Sum/PokeNotBusy                              0 calls
00:01:42.492235 /GVMM/Sum/PollCalls                               64 calls
00:01:42.492239 /GVMM/Sum/PollHalts                                0 calls
00:01:42.492242 /GVMM/Sum/PollWakeUps                              0 calls
00:01:42.492246 /GVMM/Sum/WakeUpCalls                           2076 calls
00:01:42.492249 /GVMM/Sum/WakeUpNotHalted                        608 calls
00:01:42.492253 /GVMM/Sum/WakeUpWakeUps                            0 calls
00:01:42.492256 /GVMM/VCpus/0/Start                                0 ticks/call (           0 ticks,       0 calls, max         0, min       0)
00:01:42.492261 /GVMM/VCpus/0/Stop                                 0 ticks/call (           0 ticks,       0 calls, max         0, min       0)
00:01:42.492265 /GVMM/VCpus/0/cWakeUpTimerCanceled                 0 times
00:01:42.492268 /GVMM/VCpus/0/cWakeUpTimerHits                     0 times
00:01:42.492272 /GVMM/VCpus/0/cWakeUpTimerMisses                   0 times
00:01:42.492275 /GVMM/VCpus/0/cWakeUpTimerSameCpu                  0 times
00:01:42.492279 /GVMM/VCpus/1/Start                                0 ticks/call (           0 ticks,       0 calls, max         0, min       0)
00:01:42.492283 /GVMM/VCpus/1/Stop                                 0 ticks/call (           0 ticks,       0 calls, max         0, min       0)
00:01:42.492286 /GVMM/VCpus/1/cWakeUpTimerCanceled                 0 times
00:01:42.492290 /GVMM/VCpus/1/cWakeUpTimerHits                     0 times
00:01:42.492294 /GVMM/VCpus/1/cWakeUpTimerMisses                   0 times
00:01:42.492297 /GVMM/VCpus/1/cWakeUpTimerSameCpu                  0 times
00:01:42.492300 /GVMM/VCpus/2/Start                                0 ticks/call (           0 ticks,       0 calls, max         0, min       0)
00:01:42.492304 /GVMM/VCpus/2/Stop                                 0 ticks/call (           0 ticks,       0 calls, max         0, min       0)
00:01:42.492309 /GVMM/VCpus/2/cWakeUpTimerCanceled                 0 times
00:01:42.492314 /GVMM/VCpus/2/cWakeUpTimerHits                     0 times
00:01:42.492317 /GVMM/VCpus/2/cWakeUpTimerMisses                   0 times
00:01:42.492320 /GVMM/VCpus/2/cWakeUpTimerSameCpu                  0 times
00:01:42.492324 /GVMM/VCpus/3/Start                                0 ticks/call (           0 ticks,       0 calls, max         0, min       0)
00:01:42.492328 /GVMM/VCpus/3/Stop                                 0 ticks/call (           0 ticks,       0 calls, max         0, min       0)
00:01:42.492332 /GVMM/VCpus/3/cWakeUpTimerCanceled                 0 times
00:01:42.492335 /GVMM/VCpus/3/cWakeUpTimerHits                     0 times
00:01:42.492339 /GVMM/VCpus/3/cWakeUpTimerMisses                   0 times
00:01:42.492342 /GVMM/VCpus/3/cWakeUpTimerSameCpu                  0 times
00:01:42.492345 /GVMM/VM/HaltBlocking                          80939 calls
00:01:42.492349 /GVMM/VM/HaltCalls                             80943 calls
00:01:42.492353 /GVMM/VM/HaltNotBlocking                           7 calls
00:01:42.492356 /GVMM/VM/HaltTimeouts                          78875 calls
00:01:42.492360 /GVMM/VM/HaltWakeUps                               0 calls
00:01:42.492363 /GVMM/VM/PokeCalls                                 0 calls
00:01:42.492367 /GVMM/VM/PokeNotBusy                               0 calls
00:01:42.492370 /GVMM/VM/PollCalls                                64 calls
00:01:42.492374 /GVMM/VM/PollHalts                                 0 calls
00:01:42.492377 /GVMM/VM/PollWakeUps                               0 calls
00:01:42.492381 /GVMM/VM/WakeUpCalls                            2076 calls
00:01:42.492384 /GVMM/VM/WakeUpNotHalted                         608 calls
00:01:42.492388 /GVMM/VM/WakeUpWakeUps                             0 calls
00:01:42.492391 /GVMM/VMs                                          1 count
00:01:42.492395 /HGCM/FailedPageListLocking                        0 count
00:01:42.492399 /HGCM/LargeCmdAllocs                               0 count
00:01:42.492403 /HGCM/MsgArrival                                   0 ticks/call (           0 ticks,       0 calls, max         0, min      -1)
00:01:42.492407 /HGCM/MsgCompletion                                0 ticks/call (           0 ticks,       0 calls, max         0, min      -1)
00:01:42.492411 /HGCM/MsgTotal                                     0 ticks/call (           0 ticks,       0 calls, max         0, min      -1)
00:01:42.492418 /IEM/CPU0/Interrupts/20                          540 times
00:01:42.492427 /IEM/CPU0/Tlb/Code/InvlPg                          0 
00:01:42.492431 /IEM/CPU0/Tlb/Code/InvlPg/LargeGlobal              0 
00:01:42.492434 /IEM/CPU0/Tlb/Code/InvlPg/LargeNonGlobal           0 
00:01:42.492437 /IEM/CPU0/Tlb/Code/LargePageGlobalCurLoads         0 count
00:01:42.492441 /IEM/CPU0/Tlb/Code/LargePageGlobalFirstTag ffffffffffffffff count
00:01:42.492444 /IEM/CPU0/Tlb/Code/LargePageGlobalLastTag          0 count
00:01:42.492448 /IEM/CPU0/Tlb/Code/LargePageNonGlobalCurLoads         0 count
00:01:42.492451 /IEM/CPU0/Tlb/Code/LargePageNonGlobalFirstTag ffffffffffffffff count
00:01:42.492455 /IEM/CPU0/Tlb/Code/LargePageNonGlobalLastTag         0 count
00:01:42.492458 /IEM/CPU0/Tlb/Code/Misses                          0 count
00:01:42.492462 /IEM/CPU0/Tlb/Code/Misses/GlobalLoads              0 count
00:01:42.492465 /IEM/CPU0/Tlb/Code/PhysicalRevision        fffffffffffce000 
00:01:42.492469 /IEM/CPU0/Tlb/Code/PhysicalRevisionFlushes         0 
00:01:42.492472 /IEM/CPU0/Tlb/Code/PhysicalRevisionRollovers         0 
00:01:42.492475 /IEM/CPU0/Tlb/Code/RevisionGlobal          fffff38000000000 
00:01:42.492479 /IEM/CPU0/Tlb/Code/RevisionGlobalFlushes           0 
00:01:42.492483 /IEM/CPU0/Tlb/Code/RevisionNonGlobal       fffff38000000000 
00:01:42.492486 /IEM/CPU0/Tlb/Code/RevisionNonGlobalFlushes         0 
00:01:42.492490 /IEM/CPU0/Tlb/Code/RevisionRollovers               0 
00:01:42.492494 /IEM/CPU0/Tlb/Code/SlowReads                       0 count
00:01:42.492498 /IEM/CPU0/Tlb/Data/InvlPg                          0 
00:01:42.492501 /IEM/CPU0/Tlb/Data/InvlPg/LargeGlobal              0 
00:01:42.492504 /IEM/CPU0/Tlb/Data/InvlPg/LargeNonGlobal           0 
00:01:42.492508 /IEM/CPU0/Tlb/Data/LargePageGlobalCurLoads         0 count
00:01:42.492511 /IEM/CPU0/Tlb/Data/LargePageGlobalFirstTag ffffffffffffffff count
00:01:42.492515 /IEM/CPU0/Tlb/Data/LargePageGlobalLastTag          0 count
00:01:42.492518 /IEM/CPU0/Tlb/Data/LargePageNonGlobalCurLoads         0 count
00:01:42.492521 /IEM/CPU0/Tlb/Data/LargePageNonGlobalFirstTag ffffffffffffffff count
00:01:42.492525 /IEM/CPU0/Tlb/Data/LargePageNonGlobalLastTag         0 count
00:01:42.492529 /IEM/CPU0/Tlb/Data/Misses                          0 count
00:01:42.492532 /IEM/CPU0/Tlb/Data/Misses/Core                     0 count
00:01:42.492536 /IEM/CPU0/Tlb/Data/Misses/Core/GlobalLoads         0 count
00:01:42.492539 /IEM/CPU0/Tlb/Data/Misses/Safe                     0 count
00:01:42.492542 /IEM/CPU0/Tlb/Data/Misses/Safe/Reads               0 count
00:01:42.492546 /IEM/CPU0/Tlb/Data/Misses/Safe/SubPartHits         0 count
00:01:42.492549 /IEM/CPU0/Tlb/Data/Misses/Safe/SubPartMisses         0 count
00:01:42.492552 /IEM/CPU0/Tlb/Data/Misses/Safe/SubPartMisses/GlobalLoads         0 count
00:01:42.492558 /IEM/CPU0/Tlb/Data/Misses/Safe/Writes              0 count
00:01:42.492562 /IEM/CPU0/Tlb/Data/PhysicalRevision        fffffffffffce000 
00:01:42.492565 /IEM/CPU0/Tlb/Data/PhysicalRevisionFlushes         0 
00:01:42.492569 /IEM/CPU0/Tlb/Data/PhysicalRevisionRollovers         0 
00:01:42.492572 /IEM/CPU0/Tlb/Data/RevisionGlobal          fffff38000000000 
00:01:42.492575 /IEM/CPU0/Tlb/Data/RevisionGlobalFlushes           0 
00:01:42.492579 /IEM/CPU0/Tlb/Data/RevisionNonGlobal       fffff38000000000 
00:01:42.492582 /IEM/CPU0/Tlb/Data/RevisionNonGlobalFlushes         0 
00:01:42.492586 /IEM/CPU0/Tlb/Data/RevisionRollovers               0 
00:01:42.492589 /IEM/CPU0/cInstructions                      1562884 count
00:01:42.492593 /IEM/CPU0/cLongJumps                               0 bytes
00:01:42.492596 /IEM/CPU0/cMisalignedAtomics                       0 count
00:01:42.492600 /IEM/CPU0/cPendingCommit                           0 count
00:01:42.492603 /IEM/CPU0/cPotentialExits                     172636 count
00:01:42.492607 /IEM/CPU0/cRetAspectNotImplemented                 0 count
00:01:42.492611 /IEM/CPU0/cRetErrStatuses                          0 count
00:01:42.492614 /IEM/CPU0/cRetInfStatuses                          0 count
00:01:42.492618 /IEM/CPU0/cRetInstrNotImplemented                  0 count
00:01:42.492630 /IEM/CPU1/Tlb/Code/InvlPg                          0 
00:01:42.492633 /IEM/CPU1/Tlb/Code/InvlPg/LargeGlobal              0 
00:01:42.492637 /IEM/CPU1/Tlb/Code/InvlPg/LargeNonGlobal           0 
00:01:42.492640 /IEM/CPU1/Tlb/Code/LargePageGlobalCurLoads         0 count
00:01:42.492643 /IEM/CPU1/Tlb/Code/LargePageGlobalFirstTag ffffffffffffffff count
00:01:42.492647 /IEM/CPU1/Tlb/Code/LargePageGlobalLastTag          0 count
00:01:42.492650 /IEM/CPU1/Tlb/Code/LargePageNonGlobalCurLoads         0 count
00:01:42.492654 /IEM/CPU1/Tlb/Code/LargePageNonGlobalFirstTag ffffffffffffffff count
00:01:42.492657 /IEM/CPU1/Tlb/Code/LargePageNonGlobalLastTag         0 count
00:01:42.492660 /IEM/CPU1/Tlb/Code/Misses                          0 count
00:01:42.492664 /IEM/CPU1/Tlb/Code/Misses/GlobalLoads              0 count
00:01:42.492668 /IEM/CPU1/Tlb/Code/PhysicalRevision        fffffffffffce000 
00:01:42.492672 /IEM/CPU1/Tlb/Code/PhysicalRevisionFlushes         0 
00:01:42.492675 /IEM/CPU1/Tlb/Code/PhysicalRevisionRollovers         0 
00:01:42.492679 /IEM/CPU1/Tlb/Code/RevisionGlobal          fffff38000000000 
00:01:42.492682 /IEM/CPU1/Tlb/Code/RevisionGlobalFlushes           0 
00:01:42.492685 /IEM/CPU1/Tlb/Code/RevisionNonGlobal       fffff38000000000 
00:01:42.492690 /IEM/CPU1/Tlb/Code/RevisionNonGlobalFlushes         0 
00:01:42.492694 /IEM/CPU1/Tlb/Code/RevisionRollovers               0 
00:01:42.492698 /IEM/CPU1/Tlb/Code/SlowReads                       0 count
00:01:42.492701 /IEM/CPU1/Tlb/Data/InvlPg                          0 
00:01:42.492704 /IEM/CPU1/Tlb/Data/InvlPg/LargeGlobal              0 
00:01:42.492708 /IEM/CPU1/Tlb/Data/InvlPg/LargeNonGlobal           0 
00:01:42.492711 /IEM/CPU1/Tlb/Data/LargePageGlobalCurLoads         0 count
00:01:42.492715 /IEM/CPU1/Tlb/Data/LargePageGlobalFirstTag ffffffffffffffff count
00:01:42.492718 /IEM/CPU1/Tlb/Data/LargePageGlobalLastTag          0 count
00:01:42.492722 /IEM/CPU1/Tlb/Data/LargePageNonGlobalCurLoads         0 count
00:01:42.492725 /IEM/CPU1/Tlb/Data/LargePageNonGlobalFirstTag ffffffffffffffff count
00:01:42.492729 /IEM/CPU1/Tlb/Data/LargePageNonGlobalLastTag         0 count
00:01:42.492732 /IEM/CPU1/Tlb/Data/Misses                          0 count
00:01:42.492736 /IEM/CPU1/Tlb/Data/Misses/Core                     0 count
00:01:42.492739 /IEM/CPU1/Tlb/Data/Misses/Core/GlobalLoads         0 count
00:01:42.492743 /IEM/CPU1/Tlb/Data/Misses/Safe                     0 count
00:01:42.492746 /IEM/CPU1/Tlb/Data/Misses/Safe/Reads               0 count
00:01:42.492749 /IEM/CPU1/Tlb/Data/Misses/Safe/SubPartHits         0 count
00:01:42.492753 /IEM/CPU1/Tlb/Data/Misses/Safe/SubPartMisses         0 count
00:01:42.492756 /IEM/CPU1/Tlb/Data/Misses/Safe/SubPartMisses/GlobalLoads         0 count
00:01:42.492760 /IEM/CPU1/Tlb/Data/Misses/Safe/Writes              0 count
00:01:42.492763 /IEM/CPU1/Tlb/Data/PhysicalRevision        fffffffffffce000 
00:01:42.492767 /IEM/CPU1/Tlb/Data/PhysicalRevisionFlushes         0 
00:01:42.492770 /IEM/CPU1/Tlb/Data/PhysicalRevisionRollovers         0 
00:01:42.492774 /IEM/CPU1/Tlb/Data/RevisionGlobal          fffff38000000000 
00:01:42.492777 /IEM/CPU1/Tlb/Data/RevisionGlobalFlushes           0 
00:01:42.492781 /IEM/CPU1/Tlb/Data/RevisionNonGlobal       fffff38000000000 
00:01:42.492784 /IEM/CPU1/Tlb/Data/RevisionNonGlobalFlushes         0 
00:01:42.492788 /IEM/CPU1/Tlb/Data/RevisionRollovers               0 
00:01:42.492791 /IEM/CPU1/cInstructions                         8592 count
00:01:42.492795 /IEM/CPU1/cLongJumps                               0 bytes
00:01:42.492798 /IEM/CPU1/cMisalignedAtomics                       0 count
00:01:42.492802 /IEM/CPU1/cPendingCommit                           0 count
00:01:42.492805 /IEM/CPU1/cPotentialExits                       1302 count
00:01:42.492809 /IEM/CPU1/cRetAspectNotImplemented                 0 count
00:01:42.492812 /IEM/CPU1/cRetErrStatuses                          0 count
00:01:42.492816 /IEM/CPU1/cRetInfStatuses                          0 count
00:01:42.492819 /IEM/CPU1/cRetInstrNotImplemented                  0 count
00:01:42.492831 /IEM/CPU2/Tlb/Code/InvlPg                          0 
00:01:42.492835 /IEM/CPU2/Tlb/Code/InvlPg/LargeGlobal              0 
00:01:42.492839 /IEM/CPU2/Tlb/Code/InvlPg/LargeNonGlobal           0 
00:01:42.492842 /IEM/CPU2/Tlb/Code/LargePageGlobalCurLoads         0 count
00:01:42.492846 /IEM/CPU2/Tlb/Code/LargePageGlobalFirstTag ffffffffffffffff count
00:01:42.492850 /IEM/CPU2/Tlb/Code/LargePageGlobalLastTag          0 count
00:01:42.492853 /IEM/CPU2/Tlb/Code/LargePageNonGlobalCurLoads         0 count
00:01:42.492856 /IEM/CPU2/Tlb/Code/LargePageNonGlobalFirstTag ffffffffffffffff count
00:01:42.492860 /IEM/CPU2/Tlb/Code/LargePageNonGlobalLastTag         0 count
00:01:42.492863 /IEM/CPU2/Tlb/Code/Misses                          0 count
00:01:42.492867 /IEM/CPU2/Tlb/Code/Misses/GlobalLoads              0 count
00:01:42.492871 /IEM/CPU2/Tlb/Code/PhysicalRevision        fffffffffffce000 
00:01:42.492874 /IEM/CPU2/Tlb/Code/PhysicalRevisionFlushes         0 
00:01:42.492877 /IEM/CPU2/Tlb/Code/PhysicalRevisionRollovers         0 
00:01:42.492881 /IEM/CPU2/Tlb/Code/RevisionGlobal          fffff38000000000 
00:01:42.492884 /IEM/CPU2/Tlb/Code/RevisionGlobalFlushes           0 
00:01:42.492939 /IEM/CPU2/Tlb/Code/RevisionNonGlobal       fffff38000000000 
00:01:42.492946 /IEM/CPU2/Tlb/Code/RevisionNonGlobalFlushes         0 
00:01:42.492949 /IEM/CPU2/Tlb/Code/RevisionRollovers               0 
00:01:42.492953 /IEM/CPU2/Tlb/Code/SlowReads                       0 count
00:01:42.492956 /IEM/CPU2/Tlb/Data/InvlPg                          0 
00:01:42.492959 /IEM/CPU2/Tlb/Data/InvlPg/LargeGlobal              0 
00:01:42.492963 /IEM/CPU2/Tlb/Data/InvlPg/LargeNonGlobal           0 
00:01:42.492966 /IEM/CPU2/Tlb/Data/LargePageGlobalCurLoads         0 count
00:01:42.492969 /IEM/CPU2/Tlb/Data/LargePageGlobalFirstTag ffffffffffffffff count
00:01:42.492973 /IEM/CPU2/Tlb/Data/LargePageGlobalLastTag          0 count
00:01:42.492976 /IEM/CPU2/Tlb/Data/LargePageNonGlobalCurLoads         0 count
00:01:42.492980 /IEM/CPU2/Tlb/Data/LargePageNonGlobalFirstTag ffffffffffffffff count
00:01:42.492984 /IEM/CPU2/Tlb/Data/LargePageNonGlobalLastTag         0 count
00:01:42.492987 /IEM/CPU2/Tlb/Data/Misses                          0 count
00:01:42.492990 /IEM/CPU2/Tlb/Data/Misses/Core                     0 count
00:01:42.492994 /IEM/CPU2/Tlb/Data/Misses/Core/GlobalLoads         0 count
00:01:42.492997 /IEM/CPU2/Tlb/Data/Misses/Safe                     0 count
00:01:42.493001 /IEM/CPU2/Tlb/Data/Misses/Safe/Reads               0 count
00:01:42.493004 /IEM/CPU2/Tlb/Data/Misses/Safe/SubPartHits         0 count
00:01:42.493008 /IEM/CPU2/Tlb/Data/Misses/Safe/SubPartMisses         0 count
00:01:42.493011 /IEM/CPU2/Tlb/Data/Misses/Safe/SubPartMisses/GlobalLoads         0 count
00:01:42.493014 /IEM/CPU2/Tlb/Data/Misses/Safe/Writes              0 count
00:01:42.493018 /IEM/CPU2/Tlb/Data/PhysicalRevision        fffffffffffce000 
00:01:42.493022 /IEM/CPU2/Tlb/Data/PhysicalRevisionFlushes         0 
00:01:42.493025 /IEM/CPU2/Tlb/Data/PhysicalRevisionRollovers         0 
00:01:42.493028 /IEM/CPU2/Tlb/Data/RevisionGlobal          fffff38000000000 
00:01:42.493032 /IEM/CPU2/Tlb/Data/RevisionGlobalFlushes           0 
00:01:42.493035 /IEM/CPU2/Tlb/Data/RevisionNonGlobal       fffff38000000000 
00:01:42.493039 /IEM/CPU2/Tlb/Data/RevisionNonGlobalFlushes         0 
00:01:42.493042 /IEM/CPU2/Tlb/Data/RevisionRollovers               0 
00:01:42.493045 /IEM/CPU2/cInstructions                         8641 count
00:01:42.493049 /IEM/CPU2/cLongJumps                               0 bytes
00:01:42.493053 /IEM/CPU2/cMisalignedAtomics                       0 count
00:01:42.493056 /IEM/CPU2/cPendingCommit                           0 count
00:01:42.493059 /IEM/CPU2/cPotentialExits                       1302 count
00:01:42.493063 /IEM/CPU2/cRetAspectNotImplemented                 0 count
00:01:42.493066 /IEM/CPU2/cRetErrStatuses                          0 count
00:01:42.493070 /IEM/CPU2/cRetInfStatuses                          0 count
00:01:42.493073 /IEM/CPU2/cRetInstrNotImplemented                  0 count
00:01:42.493085 /IEM/CPU3/Tlb/Code/InvlPg                          0 
00:01:42.493089 /IEM/CPU3/Tlb/Code/InvlPg/LargeGlobal              0 
00:01:42.493092 /IEM/CPU3/Tlb/Code/InvlPg/LargeNonGlobal           0 
00:01:42.493095 /IEM/CPU3/Tlb/Code/LargePageGlobalCurLoads         0 count
00:01:42.493099 /IEM/CPU3/Tlb/Code/LargePageGlobalFirstTag ffffffffffffffff count
00:01:42.493102 /IEM/CPU3/Tlb/Code/LargePageGlobalLastTag          0 count
00:01:42.493106 /IEM/CPU3/Tlb/Code/LargePageNonGlobalCurLoads         0 count
00:01:42.493109 /IEM/CPU3/Tlb/Code/LargePageNonGlobalFirstTag ffffffffffffffff count
00:01:42.493112 /IEM/CPU3/Tlb/Code/LargePageNonGlobalLastTag         0 count
00:01:42.493116 /IEM/CPU3/Tlb/Code/Misses                          0 count
00:01:42.493119 /IEM/CPU3/Tlb/Code/Misses/GlobalLoads              0 count
00:01:42.493122 /IEM/CPU3/Tlb/Code/PhysicalRevision        fffffffffffce000 
00:01:42.493126 /IEM/CPU3/Tlb/Code/PhysicalRevisionFlushes         0 
00:01:42.493129 /IEM/CPU3/Tlb/Code/PhysicalRevisionRollovers         0 
00:01:42.493133 /IEM/CPU3/Tlb/Code/RevisionGlobal          fffff38000000000 
00:01:42.493157 /IEM/CPU3/Tlb/Code/RevisionGlobalFlushes           0 
00:01:42.493162 /IEM/CPU3/Tlb/Code/RevisionNonGlobal       fffff38000000000 
00:01:42.493166 /IEM/CPU3/Tlb/Code/RevisionNonGlobalFlushes         0 
00:01:42.493169 /IEM/CPU3/Tlb/Code/RevisionRollovers               0 
00:01:42.493173 /IEM/CPU3/Tlb/Code/SlowReads                       0 count
00:01:42.493176 /IEM/CPU3/Tlb/Data/InvlPg                          0 
00:01:42.493180 /IEM/CPU3/Tlb/Data/InvlPg/LargeGlobal              0 
00:01:42.493183 /IEM/CPU3/Tlb/Data/InvlPg/LargeNonGlobal           0 
00:01:42.493186 /IEM/CPU3/Tlb/Data/LargePageGlobalCurLoads         0 count
00:01:42.493190 /IEM/CPU3/Tlb/Data/LargePageGlobalFirstTag ffffffffffffffff count
00:01:42.493193 /IEM/CPU3/Tlb/Data/LargePageGlobalLastTag          0 count
00:01:42.493196 /IEM/CPU3/Tlb/Data/LargePageNonGlobalCurLoads         0 count
00:01:42.493200 /IEM/CPU3/Tlb/Data/LargePageNonGlobalFirstTag ffffffffffffffff count
00:01:42.493203 /IEM/CPU3/Tlb/Data/LargePageNonGlobalLastTag         0 count
00:01:42.493206 /IEM/CPU3/Tlb/Data/Misses                          0 count
00:01:42.493210 /IEM/CPU3/Tlb/Data/Misses/Core                     0 count
00:01:42.493213 /IEM/CPU3/Tlb/Data/Misses/Core/GlobalLoads         0 count
00:01:42.493216 /IEM/CPU3/Tlb/Data/Misses/Safe                     0 count
00:01:42.493220 /IEM/CPU3/Tlb/Data/Misses/Safe/Reads               0 count
00:01:42.493223 /IEM/CPU3/Tlb/Data/Misses/Safe/SubPartHits         0 count
00:01:42.493226 /IEM/CPU3/Tlb/Data/Misses/Safe/SubPartMisses         0 count
00:01:42.493230 /IEM/CPU3/Tlb/Data/Misses/Safe/SubPartMisses/GlobalLoads         0 count
00:01:42.493233 /IEM/CPU3/Tlb/Data/Misses/Safe/Writes              0 count
00:01:42.493236 /IEM/CPU3/Tlb/Data/PhysicalRevision        fffffffffffce000 
00:01:42.493240 /IEM/CPU3/Tlb/Data/PhysicalRevisionFlushes         0 
00:01:42.493243 /IEM/CPU3/Tlb/Data/PhysicalRevisionRollovers         0 
00:01:42.493246 /IEM/CPU3/Tlb/Data/RevisionGlobal          fffff38000000000 
00:01:42.493250 /IEM/CPU3/Tlb/Data/RevisionGlobalFlushes           0 
00:01:42.493253 /IEM/CPU3/Tlb/Data/RevisionNonGlobal       fffff38000000000 
00:01:42.493257 /IEM/CPU3/Tlb/Data/RevisionNonGlobalFlushes         0 
00:01:42.493260 /IEM/CPU3/Tlb/Data/RevisionRollovers               0 
00:01:42.493264 /IEM/CPU3/cInstructions                         8113 count
00:01:42.493267 /IEM/CPU3/cLongJumps                               0 bytes
00:01:42.493271 /IEM/CPU3/cMisalignedAtomics                       0 count
00:01:42.493274 /IEM/CPU3/cPendingCommit                           0 count
00:01:42.493278 /IEM/CPU3/cPotentialExits                       1299 count
00:01:42.493281 /IEM/CPU3/cRetAspectNotImplemented                 0 count
00:01:42.493285 /IEM/CPU3/cRetErrStatuses                          0 count
00:01:42.493288 /IEM/CPU3/cRetInfStatuses                          0 count
00:01:42.493291 /IEM/CPU3/cRetInstrNotImplemented                  0 count
00:01:42.493295 /IOM/MmioMappingsStale                             0 ticks/call
00:01:42.493298 /IOM/MmioTooDeepRecursion                          0 times
00:01:42.493302 /NEM/CPU0/BreakOnCancel                            0 times
00:01:42.493306 /NEM/CPU0/BreakOnFFPost                           95 times
00:01:42.493309 /NEM/CPU0/BreakOnFFPre                             0 times
00:01:42.493313 /NEM/CPU0/BreakOnStatus                          301 times
00:01:42.493316 /NEM/CPU0/CancelAlertedEMT                         0 times
00:01:42.493320 /NEM/CPU0/CancelChangedState                       0 times
00:01:42.493323 /NEM/CPU0/ExitApicEoi                              0 times
00:01:42.493327 /NEM/CPU0/ExitApicSipiInit                         0 times
00:01:42.493331 /NEM/CPU0/ExitCanceled                           182 times
00:01:42.493334 /NEM/CPU0/ExitCpuId                             4620 times
00:01:42.493338 /NEM/CPU0/ExitException                            0 times
00:01:42.493341 /NEM/CPU0/ExitExceptionBp                          0 times
00:01:42.493360 /NEM/CPU0/ExitExceptionDb                          0 times
00:01:42.493365 /NEM/CPU0/ExitExceptionGp                          0 times
00:01:42.493369 /NEM/CPU0/ExitExceptionGpMesa                      0 times
00:01:42.493372 /NEM/CPU0/ExitExceptionUd                          0 times
00:01:42.493376 /NEM/CPU0/ExitExceptionUdHandled                   0 times
00:01:42.493379 /NEM/CPU0/ExitHalt                               301 times
00:01:42.493383 /NEM/CPU0/ExitInterruptWindow                      4 times
00:01:42.493386 /NEM/CPU0/ExitMemUnmapped                      27591 times
00:01:42.493390 /NEM/CPU0/ExitMsr                                  2 times
00:01:42.493393 /NEM/CPU0/ExitPortIo                           36563 times
00:01:42.493397 /NEM/CPU0/ExitUnrecoverable                        0 times
00:01:42.493400 /NEM/CPU0/GetMsgTimeout                            0 times
00:01:42.493404 /NEM/CPU0/ImportOnDemand                         438 times
00:01:42.493407 /NEM/CPU0/ImportOnReturn                         368 times
00:01:42.493411 /NEM/CPU0/ImportOnReturnSkipped                   28 times
00:01:42.493414 /NEM/CPU0/QueryCpuTick                             1 times
00:01:42.493418 /NEM/CPU0/StopCpuPending                           0 times
00:01:42.493421 /NEM/CPU0/StopCpuPendingAlerts                     0 times
00:01:42.493425 /NEM/CPU0/StopCpuPendingOdd                        0 times
00:01:42.493429 /NEM/CPU0/StopCpuSuccess                           0 times
00:01:42.493432 /NEM/CPU1/BreakOnCancel                            0 times
00:01:42.493436 /NEM/CPU1/BreakOnFFPost                           18 times
00:01:42.493440 /NEM/CPU1/BreakOnFFPre                             0 times
00:01:42.493444 /NEM/CPU1/BreakOnStatus                            8 times
00:01:42.493448 /NEM/CPU1/CancelAlertedEMT                         0 times
00:01:42.493452 /NEM/CPU1/CancelChangedState                       0 times
00:01:42.493456 /NEM/CPU1/ExitApicEoi                              0 times
00:01:42.493459 /NEM/CPU1/ExitApicSipiInit                         0 times
00:01:42.493463 /NEM/CPU1/ExitCanceled                             8 times
00:01:42.493467 /NEM/CPU1/ExitCpuId                              950 times
00:01:42.493470 /NEM/CPU1/ExitException                            0 times
00:01:42.493474 /NEM/CPU1/ExitExceptionBp                          0 times
00:01:42.493477 /NEM/CPU1/ExitExceptionDb                          0 times
00:01:42.493481 /NEM/CPU1/ExitExceptionGp                          0 times
00:01:42.493484 /NEM/CPU1/ExitExceptionGpMesa                      0 times
00:01:42.493488 /NEM/CPU1/ExitExceptionUd                          0 times
00:01:42.493491 /NEM/CPU1/ExitExceptionUdHandled                   0 times
00:01:42.493495 /NEM/CPU1/ExitHalt                                 8 times
00:01:42.493499 /NEM/CPU1/ExitInterruptWindow                      0 times
00:01:42.493502 /NEM/CPU1/ExitMemUnmapped                        134 times
00:01:42.493506 /NEM/CPU1/ExitMsr                                  1 times
00:01:42.493510 /NEM/CPU1/ExitPortIo                               4 times
00:01:42.493513 /NEM/CPU1/ExitUnrecoverable                        0 times
00:01:42.493517 /NEM/CPU1/GetMsgTimeout                            0 times
00:01:42.493521 /NEM/CPU1/ImportOnDemand                         155 times
00:01:42.493525 /NEM/CPU1/ImportOnReturn                          23 times
00:01:42.493528 /NEM/CPU1/ImportOnReturnSkipped                    3 times
00:01:42.493534 /NEM/CPU1/QueryCpuTick                             1 times
00:01:42.493538 /NEM/CPU1/StopCpuPending                           0 times
00:01:42.493542 /NEM/CPU1/StopCpuPendingAlerts                     0 times
00:01:42.493545 /NEM/CPU1/StopCpuPendingOdd                        0 times
00:01:42.493549 /NEM/CPU1/StopCpuSuccess                           0 times
00:01:42.493553 /NEM/CPU2/BreakOnCancel                            0 times
00:01:42.493556 /NEM/CPU2/BreakOnFFPost                           17 times
00:01:42.493585 /NEM/CPU2/BreakOnFFPre                             0 times
00:01:42.493590 /NEM/CPU2/BreakOnStatus                            8 times
00:01:42.493594 /NEM/CPU2/CancelAlertedEMT                         0 times
00:01:42.493597 /NEM/CPU2/CancelChangedState                       0 times
00:01:42.493601 /NEM/CPU2/ExitApicEoi                              0 times
00:01:42.493604 /NEM/CPU2/ExitApicSipiInit                         0 times
00:01:42.493608 /NEM/CPU2/ExitCanceled                             8 times
00:01:42.493611 /NEM/CPU2/ExitCpuId                              949 times
00:01:42.493615 /NEM/CPU2/ExitException                            0 times
00:01:42.493618 /NEM/CPU2/ExitExceptionBp                          0 times
00:01:42.493621 /NEM/CPU2/ExitExceptionDb                          0 times
00:01:42.493625 /NEM/CPU2/ExitExceptionGp                          0 times
00:01:42.493628 /NEM/CPU2/ExitExceptionGpMesa                      0 times
00:01:42.493632 /NEM/CPU2/ExitExceptionUd                          0 times
00:01:42.493635 /NEM/CPU2/ExitExceptionUdHandled                   0 times
00:01:42.493639 /NEM/CPU2/ExitHalt                                 8 times
00:01:42.493642 /NEM/CPU2/ExitInterruptWindow                      0 times
00:01:42.493646 /NEM/CPU2/ExitMemUnmapped                        134 times
00:01:42.493649 /NEM/CPU2/ExitMsr                                  1 times
00:01:42.493652 /NEM/CPU2/ExitPortIo                               4 times
00:01:42.493656 /NEM/CPU2/ExitUnrecoverable                        0 times
00:01:42.493659 /NEM/CPU2/GetMsgTimeout                            0 times
00:01:42.493663 /NEM/CPU2/ImportOnDemand                         154 times
00:01:42.493666 /NEM/CPU2/ImportOnReturn                          22 times
00:01:42.493670 /NEM/CPU2/ImportOnReturnSkipped                    3 times
00:01:42.493673 /NEM/CPU2/QueryCpuTick                             1 times
00:01:42.493676 /NEM/CPU2/StopCpuPending                           0 times
00:01:42.493680 /NEM/CPU2/StopCpuPendingAlerts                     0 times
00:01:42.493683 /NEM/CPU2/StopCpuPendingOdd                        0 times
00:01:42.493687 /NEM/CPU2/StopCpuSuccess                           0 times
00:01:42.493690 /NEM/CPU3/BreakOnCancel                            0 times
00:01:42.493694 /NEM/CPU3/BreakOnFFPost                           40 times
00:01:42.493697 /NEM/CPU3/BreakOnFFPre                             3 times
00:01:42.493701 /NEM/CPU3/BreakOnStatus                            8 times
00:01:42.493704 /NEM/CPU3/CancelAlertedEMT                         0 times
00:01:42.493708 /NEM/CPU3/CancelChangedState                       0 times
00:01:42.493711 /NEM/CPU3/ExitApicEoi                              0 times
00:01:42.493715 /NEM/CPU3/ExitApicSipiInit                         0 times
00:01:42.493719 /NEM/CPU3/ExitCanceled                            22 times
00:01:42.493722 /NEM/CPU3/ExitCpuId                              962 times
00:01:42.493726 /NEM/CPU3/ExitException                            0 times
00:01:42.493729 /NEM/CPU3/ExitExceptionBp                          0 times
00:01:42.493733 /NEM/CPU3/ExitExceptionDb                          0 times
00:01:42.493736 /NEM/CPU3/ExitExceptionGp                          0 times
00:01:42.493740 /NEM/CPU3/ExitExceptionGpMesa                      0 times
00:01:42.493743 /NEM/CPU3/ExitExceptionUd                          0 times
00:01:42.493746 /NEM/CPU3/ExitExceptionUdHandled                   0 times
00:01:42.493750 /NEM/CPU3/ExitHalt                                 8 times
00:01:42.493753 /NEM/CPU3/ExitInterruptWindow                      0 times
00:01:42.493757 /NEM/CPU3/ExitMemUnmapped                        140 times
00:01:42.493760 /NEM/CPU3/ExitMsr                                  1 times
00:01:42.493764 /NEM/CPU3/ExitPortIo                               4 times
00:01:42.493767 /NEM/CPU3/ExitUnrecoverable                        0 times
00:01:42.493771 /NEM/CPU3/GetMsgTimeout                            0 times
00:01:42.493775 /NEM/CPU3/ImportOnDemand                         163 times
00:01:42.493779 /NEM/CPU3/ImportOnReturn                          28 times
00:01:42.493783 /NEM/CPU3/ImportOnReturnSkipped                   23 times
00:01:42.493786 /NEM/CPU3/QueryCpuTick                             1 times
00:01:42.493789 /NEM/CPU3/StopCpuPending                           0 times
00:01:42.493793 /NEM/CPU3/StopCpuPendingAlerts                     0 times
00:01:42.493796 /NEM/CPU3/StopCpuPendingOdd                        0 times
00:01:42.493800 /NEM/CPU3/StopCpuSuccess                           0 times
00:01:42.493804 /NEM/PagesCurrentlyMapped                          0 pages
00:01:42.493807 /NEM/PagesMapCalls                               892 pages
00:01:42.493811 /NEM/PagesMapFails                                 0 pages
00:01:42.493814 /NEM/PagesMapGpaRange                         345440 ticks/call (     7254256 ticks,      21 calls, max   5159230, min   32936)
00:01:42.493819 /NEM/PagesMapGpaRangePage                          0 ticks/call (           0 ticks,       0 calls, max         0, min      -1)
00:01:42.493824 /NEM/PagesUnmapCalls                             892 pages
00:01:42.493827 /NEM/PagesUnmapFails                               0 pages
00:01:42.493831 /NEM/PagesUnmapGpaRange                      3839768 ticks/call (    15359072 ticks,       4 calls, max  14535664, min   36172)
00:01:42.493835 /NEM/PagesUnmapGpaRangePage                    28815 ticks/call (    25703620 ticks,     892 calls, max    371618, min   26470)
00:01:42.493844 /NEM/R0Stats/cPagesAvailable                       0 pages
00:01:42.493848 /NEM/R0Stats/cPagesInUse                           0 pages
00:01:42.493852 /PDM/BlkCache/cbCached                             0 bytes
00:01:42.493855 /PDM/BlkCache/cbCachedFru                          0 bytes
00:01:42.493859 /PDM/BlkCache/cbCachedMruIn                        0 bytes
00:01:42.493863 /PDM/BlkCache/cbCachedMruOut                       0 bytes
00:01:42.493866 /PDM/BlkCache/cbMax                          5242880 bytes
00:01:42.493870 /PDM/CritSects/00-AbortedEnters                    0 times
00:01:42.493874 /PDM/CritSects/00-EntersWhileAborting              0 times
00:01:42.493877 /PDM/CritSects/00-Non-interruptible-Waits-VINF_SUCCESS         0 times
00:01:42.493880 /PDM/CritSects/00-QueuedLeaves                     0 times
00:01:42.493884 /PDM/CritSects/00-VERR_INTERRUPTED                 0 times
00:01:42.493887 /PDM/CritSects/00-VERR_TIMEOUT                     0 times
00:01:42.493891 /PDM/CritSects/8237A#0Auto/ContentionR3            0 times
00:01:42.493894 /PDM/CritSects/8237A#0Auto/ContentionR3Wait         0 ticks/time (           0 ticks,       0 times, max         0, min      -1)
00:01:42.493898 /PDM/CritSects/8237A#0Auto/ContentionRZLock         0 times
00:01:42.493901 /PDM/CritSects/8237A#0Auto/ContentionRZLockBusy         0 times
00:01:42.493905 /PDM/CritSects/8237A#0Auto/ContentionRZUnlock         0 times
00:01:42.493908 /PDM/CritSects/8237A#0Auto/ContentionRZWait         0 ticks/time (           0 ticks,       0 times, max         0, min      -1)
00:01:42.493912 /PDM/CritSects/AC'97/ContentionR3                  0 times
00:01:42.493915 /PDM/CritSects/AC'97/ContentionR3Wait              0 ticks/time (           0 ticks,       0 times, max         0, min      -1)
00:01:42.493919 /PDM/CritSects/AC'97/ContentionRZLock              0 times
00:01:42.493922 /PDM/CritSects/AC'97/ContentionRZLockBusy          0 times
00:01:42.493925 /PDM/CritSects/AC'97/ContentionRZUnlock            0 times
00:01:42.493929 /PDM/CritSects/AC'97/ContentionRZWait              0 ticks/time (           0 ticks,       0 times, max         0, min      -1)
00:01:42.493932 /PDM/CritSects/AHCI#0/ContentionR3                 0 times
00:01:42.493936 /PDM/CritSects/AHCI#0/ContentionR3Wait             0 ticks/time (           0 ticks,       0 times, max         0, min      -1)
00:01:42.493940 /PDM/CritSects/AHCI#0/ContentionRZLock             0 times
00:01:42.493944 /PDM/CritSects/AHCI#0/ContentionRZLockBusy         0 times
00:01:42.493948 /PDM/CritSects/AHCI#0/ContentionRZUnlock           0 times
00:01:42.493951 /PDM/CritSects/AHCI#0/ContentionRZWait             0 ticks/time (           0 ticks,       0 times, max         0, min      -1)
00:01:42.493955 /PDM/CritSects/HPET/ContentionR3                   0 times
00:01:42.493958 /PDM/CritSects/HPET/ContentionR3Wait               0 ticks/time (           0 ticks,       0 times, max         0, min      -1)
00:01:42.493962 /PDM/CritSects/HPET/ContentionRZLock               0 times
00:01:42.493965 /PDM/CritSects/HPET/ContentionRZLockBusy           0 times
00:01:42.493969 /PDM/CritSects/HPET/ContentionRZUnlock             0 times
00:01:42.493972 /PDM/CritSects/HPET/ContentionRZWait               0 ticks/time (           0 ticks,       0 times, max         0, min      -1)
00:01:42.493976 /PDM/CritSects/NOP/ContentionR3                    0 times
00:01:42.493979 /PDM/CritSects/NOP/ContentionR3Wait                0 ticks/time (           0 ticks,       0 times, max         0, min      -1)
00:01:42.493983 /PDM/CritSects/NOP/ContentionRZLock                0 times
00:01:42.493986 /PDM/CritSects/NOP/ContentionRZLockBusy            0 times
00:01:42.493989 /PDM/CritSects/NOP/ContentionRZUnlock              0 times
00:01:42.493993 /PDM/CritSects/NOP/ContentionRZWait                0 ticks/time (           0 ticks,       0 times, max         0, min      -1)
00:01:42.493997 /PDM/CritSects/PDM/ContentionR3                    0 times
00:01:42.494000 /PDM/CritSects/PDM/ContentionR3Wait                0 ticks/time (           0 ticks,       0 times, max         0, min      -1)
00:01:42.494004 /PDM/CritSects/PDM/ContentionRZLock                0 times
00:01:42.494007 /PDM/CritSects/PDM/ContentionRZLockBusy            0 times
00:01:42.494011 /PDM/CritSects/PDM/ContentionRZUnlock              0 times
00:01:42.494014 /PDM/CritSects/PDM/ContentionRZWait                0 ticks/time (           0 ticks,       0 times, max         0, min      -1)
00:01:42.494019 /PDM/CritSects/PGM/ContentionR3                36009 times
00:01:42.494022 /PDM/CritSects/PGM/ContentionR3Wait            93532 ticks/time (  3368011967 ticks,   36009 times, max  26816188, min    6230)
00:01:42.494027 /PDM/CritSects/PGM/ContentionRZLock                0 times
00:01:42.494030 /PDM/CritSects/PGM/ContentionRZLockBusy            0 times
00:01:42.494033 /PDM/CritSects/PGM/ContentionRZUnlock              0 times
00:01:42.494036 /PDM/CritSects/PGM/ContentionRZWait                0 ticks/time (           0 ticks,       0 times, max         0, min      -1)
00:01:42.494040 /PDM/CritSects/TM VirtualSync Lock/ContentionR3        11 times
00:01:42.494044 /PDM/CritSects/TM VirtualSync Lock/ContentionR3Wait    697711 ticks/time (     7674826 ticks,      11 times, max   2579747, min   12014)
00:01:42.494048 /PDM/CritSects/TM VirtualSync Lock/ContentionRZLock         0 times
00:01:42.494052 /PDM/CritSects/TM VirtualSync Lock/ContentionRZLockBusy         0 times
00:01:42.494055 /PDM/CritSects/TM VirtualSync Lock/ContentionRZUnlock         0 times
00:01:42.494059 /PDM/CritSects/TM VirtualSync Lock/ContentionRZWait         0 ticks/time (           0 ticks,       0 times, max         0, min      -1)
00:01:42.494062 /PDM/CritSects/TM real queue timer lock/ContentionR3         8 times
00:01:42.494066 /PDM/CritSects/TM real queue timer lock/ContentionR3Wait         0 ticks/time (           0 ticks,       0 times, max         0, min      -1)
00:01:42.494069 /PDM/CritSects/TM real queue timer lock/ContentionRZLock         0 times
00:01:42.494073 /PDM/CritSects/TM real queue timer lock/ContentionRZLockBusy         0 times
00:01:42.494076 /PDM/CritSects/TM real queue timer lock/ContentionRZUnlock         0 times
00:01:42.494079 /PDM/CritSects/TM real queue timer lock/ContentionRZWait         0 ticks/time (           0 ticks,       0 times, max         0, min      -1)
00:01:42.494083 /PDM/CritSects/TM tsc queue timer lock/ContentionR3         0 times
00:01:42.494087 /PDM/CritSects/TM tsc queue timer lock/ContentionR3Wait         0 ticks/time (           0 ticks,       0 times, max         0, min      -1)
00:01:42.494091 /PDM/CritSects/TM tsc queue timer lock/ContentionRZLock         0 times
00:01:42.494095 /PDM/CritSects/TM tsc queue timer lock/ContentionRZLockBusy         0 times
00:01:42.494099 /PDM/CritSects/TM tsc queue timer lock/ContentionRZUnlock         0 times
00:01:42.494102 /PDM/CritSects/TM tsc queue timer lock/ContentionRZWait         0 ticks/time (           0 ticks,       0 times, max         0, min      -1)
00:01:42.494106 /PDM/CritSects/TM virtual queue timer lock/ContentionR3         0 times
00:01:42.494109 /PDM/CritSects/TM virtual queue timer lock/ContentionR3Wait         0 ticks/time (           0 ticks,       0 times, max         0, min      -1)
00:01:42.494114 /PDM/CritSects/TM virtual queue timer lock/ContentionRZLock         0 times
00:01:42.494117 /PDM/CritSects/TM virtual queue timer lock/ContentionRZLockBusy         0 times
00:01:42.494121 /PDM/CritSects/TM virtual queue timer lock/ContentionRZUnlock         0 times
00:01:42.494124 /PDM/CritSects/TM virtual queue timer lock/ContentionRZWait         0 ticks/time (           0 ticks,       0 times, max         0, min      -1)
00:01:42.494128 /PDM/CritSects/TM virtual_sync queue timer lock/ContentionR3         0 times
00:01:42.494132 /PDM/CritSects/TM virtual_sync queue timer lock/ContentionR3Wait         0 ticks/time (           0 ticks,       0 times, max         0, min      -1)
00:01:42.494135 /PDM/CritSects/TM virtual_sync queue timer lock/ContentionRZLock         0 times
00:01:42.494139 /PDM/CritSects/TM virtual_sync queue timer lock/ContentionRZLockBusy         0 times
00:01:42.494142 /PDM/CritSects/TM virtual_sync queue timer lock/ContentionRZUnlock         0 times
00:01:42.494146 /PDM/CritSects/TM virtual_sync queue timer lock/ContentionRZWait         0 ticks/time (           0 ticks,       0 times, max         0, min      -1)
00:01:42.494150 /PDM/CritSects/VGA#0/ContentionR3                 15 times
00:01:42.494154 /PDM/CritSects/VGA#0/ContentionR3Wait        5382091 ticks/time (    80731376 ticks,      15 times, max   5503091, min 4615429)
00:01:42.494158 /PDM/CritSects/VGA#0/ContentionRZLock              0 times
00:01:42.494162 /PDM/CritSects/VGA#0/ContentionRZLockBusy          0 times
00:01:42.494165 /PDM/CritSects/VGA#0/ContentionRZUnlock            0 times
00:01:42.494169 /PDM/CritSects/VGA#0/ContentionRZWait              0 ticks/time (           0 ticks,       0 times, max         0, min      -1)
00:01:42.494173 /PDM/CritSects/VGA#0_IRQ/ContentionR3              0 times
00:01:42.494176 /PDM/CritSects/VGA#0_IRQ/ContentionR3Wait          0 ticks/time (           0 ticks,       0 times, max         0, min      -1)
00:01:42.494180 /PDM/CritSects/VGA#0_IRQ/ContentionRZLock          0 times
00:01:42.494184 /PDM/CritSects/VGA#0_IRQ/ContentionRZLockBusy         0 times
00:01:42.494187 /PDM/CritSects/VGA#0_IRQ/ContentionRZUnlock         0 times
00:01:42.494190 /PDM/CritSects/VGA#0_IRQ/ContentionRZWait          0 ticks/time (           0 ticks,       0 times, max         0, min      -1)
00:01:42.494194 /PDM/CritSects/VMMDev#0/ContentionR3               0 times
00:01:42.494198 /PDM/CritSects/VMMDev#0/ContentionR3Wait           0 ticks/time (           0 ticks,       0 times, max         0, min      -1)
00:01:42.494202 /PDM/CritSects/VMMDev#0/ContentionRZLock           0 times
00:01:42.494205 /PDM/CritSects/VMMDev#0/ContentionRZLockBusy         0 times
00:01:42.494209 /PDM/CritSects/VMMDev#0/ContentionRZUnlock         0 times
00:01:42.494213 /PDM/CritSects/VMMDev#0/ContentionRZWait           0 ticks/time (           0 ticks,       0 times, max         0, min      -1)
00:01:42.494217 /PDM/CritSects/acpi#0/ContentionR3                 0 times
00:01:42.494235 /PDM/CritSects/acpi#0/ContentionR3Wait             0 ticks/time (           0 ticks,       0 times, max         0, min      -1)
00:01:42.494244 /PDM/CritSects/acpi#0/ContentionRZLock             0 times
00:01:42.494251 /PDM/CritSects/acpi#0/ContentionRZLockBusy         0 times
00:01:42.494255 /PDM/CritSects/acpi#0/ContentionRZUnlock           0 times
00:01:42.494259 /PDM/CritSects/acpi#0/ContentionRZWait             0 ticks/time (           0 ticks,       0 times, max         0, min      -1)
00:01:42.494263 /PDM/CritSects/efi#0Auto/ContentionR3              0 times
00:01:42.494266 /PDM/CritSects/efi#0Auto/ContentionR3Wait          0 ticks/time (           0 ticks,       0 times, max         0, min      -1)
00:01:42.494270 /PDM/CritSects/efi#0Auto/ContentionRZLock          0 times
00:01:42.494273 /PDM/CritSects/efi#0Auto/ContentionRZLockBusy         0 times
00:01:42.494277 /PDM/CritSects/efi#0Auto/ContentionRZUnlock         0 times
00:01:42.494280 /PDM/CritSects/efi#0Auto/ContentionRZWait          0 ticks/time (           0 ticks,       0 times, max         0, min      -1)
00:01:42.494284 /PDM/CritSects/lpc#0Auto/ContentionR3              0 times
00:01:42.494287 /PDM/CritSects/lpc#0Auto/ContentionR3Wait          0 ticks/time (           0 ticks,       0 times, max         0, min      -1)
00:01:42.494291 /PDM/CritSects/lpc#0Auto/ContentionRZLock          0 times
00:01:42.494294 /PDM/CritSects/lpc#0Auto/ContentionRZLockBusy         0 times
00:01:42.494298 /PDM/CritSects/lpc#0Auto/ContentionRZUnlock         0 times
00:01:42.494301 /PDM/CritSects/lpc#0Auto/ContentionRZWait          0 ticks/time (           0 ticks,       0 times, max         0, min      -1)
00:01:42.494305 /PDM/CritSects/mc146818#0Auto/ContentionR3         0 times
00:01:42.494308 /PDM/CritSects/mc146818#0Auto/ContentionR3Wait         0 ticks/time (           0 ticks,       0 times, max         0, min      -1)
00:01:42.494312 /PDM/CritSects/mc146818#0Auto/ContentionRZLock         0 times
00:01:42.494315 /PDM/CritSects/mc146818#0Auto/ContentionRZLockBusy         0 times
00:01:42.494318 /PDM/CritSects/mc146818#0Auto/ContentionRZUnlock         0 times
00:01:42.494322 /PDM/CritSects/mc146818#0Auto/ContentionRZWait         0 ticks/time (           0 ticks,       0 times, max         0, min      -1)
00:01:42.494326 /PDM/CritSects/pcarch#0Auto/ContentionR3           0 times
00:01:42.494329 /PDM/CritSects/pcarch#0Auto/ContentionR3Wait         0 ticks/time (           0 ticks,       0 times, max         0, min      -1)
00:01:42.494333 /PDM/CritSects/pcarch#0Auto/ContentionRZLock         0 times
00:01:42.494336 /PDM/CritSects/pcarch#0Auto/ContentionRZLockBusy         0 times
00:01:42.494339 /PDM/CritSects/pcarch#0Auto/ContentionRZUnlock         0 times
00:01:42.494342 /PDM/CritSects/pcarch#0Auto/ContentionRZWait         0 ticks/time (           0 ticks,       0 times, max         0, min      -1)
00:01:42.494346 /PDM/CritSects/pckbd#0Auto/ContentionR3            0 times
00:01:42.494349 /PDM/CritSects/pckbd#0Auto/ContentionR3Wait         0 ticks/time (           0 ticks,       0 times, max         0, min      -1)
00:01:42.494353 /PDM/CritSects/pckbd#0Auto/ContentionRZLock         0 times
00:01:42.494356 /PDM/CritSects/pckbd#0Auto/ContentionRZLockBusy         0 times
00:01:42.494360 /PDM/CritSects/pckbd#0Auto/ContentionRZUnlock         0 times
00:01:42.494363 /PDM/CritSects/pckbd#0Auto/ContentionRZWait         0 ticks/time (           0 ticks,       0 times, max         0, min      -1)
00:01:42.494366 /PDM/CritSects/pit#0/ContentionR3                  0 times
00:01:42.494370 /PDM/CritSects/pit#0/ContentionR3Wait              0 ticks/time (           0 ticks,       0 times, max         0, min      -1)
00:01:42.494373 /PDM/CritSects/pit#0/ContentionRZLock              0 times
00:01:42.494377 /PDM/CritSects/pit#0/ContentionRZLockBusy          0 times
00:01:42.494380 /PDM/CritSects/pit#0/ContentionRZUnlock            0 times
00:01:42.494383 /PDM/CritSects/pit#0/ContentionRZWait              0 ticks/time (           0 ticks,       0 times, max         0, min      -1)
00:01:42.494388 /PDM/CritSectsRw/00-EnterSharedWhileAborting         0 times
00:01:42.494391 /PDM/CritSectsRw/00-Excl-Non-interruptible-Waits-VINF_SUCCESS         0 times
00:01:42.494397 /PDM/CritSectsRw/00-Excl-VERR_INTERRUPTED          0 times
00:01:42.494400 /PDM/CritSectsRw/00-Excl-VERR_TIMEOUT              0 times
00:01:42.494404 /PDM/CritSectsRw/00-Shared-Non-interruptible-Waits-VINF_SUCCESS         0 times
00:01:42.494427 /PDM/CritSectsRw/00-Shared-VERR_INTERRUPTED         0 times
00:01:42.494433 /PDM/CritSectsRw/00-Shared-VERR_TIMEOUT            0 times
00:01:42.494437 /PDM/CritSectsRw/IOM Lock/ContentionR3EnterExcl         0 times
00:01:42.494440 /PDM/CritSectsRw/IOM Lock/ContentionR3EnterShared         0 times
00:01:42.494444 /PDM/CritSectsRw/IOM Lock/ContentionR3LeaveExcl         0 times
00:01:42.494447 /PDM/CritSectsRw/IOM Lock/ContentionRZEnterExcl         0 times
00:01:42.494450 /PDM/CritSectsRw/IOM Lock/ContentionRZEnterShared         0 times
00:01:42.494454 /PDM/CritSectsRw/IOM Lock/ContentionRZLeaveExcl         0 times
00:01:42.494457 /PDM/CritSectsRw/IOM Lock/ContentionRZLeaveShared         0 times
00:01:42.494460 /PDM/CritSectsRw/IOM Lock/R3EnterExcl            100 times
00:01:42.494464 /PDM/CritSectsRw/IOM Lock/R3EnterShared       136812 times
00:01:42.494467 /PDM/CritSectsRw/IOM Lock/RZEnterExcl              0 times
00:01:42.494470 /PDM/CritSectsRw/IOM Lock/RZEnterShared            0 times
00:01:42.494486 /PDM/CritSectsRw/TM real queue alloc lock/ContentionR3EnterExcl         0 times
00:01:42.494501 /PDM/CritSectsRw/TM real queue alloc lock/ContentionR3EnterShared         0 times
00:01:42.494508 /PDM/CritSectsRw/TM real queue alloc lock/ContentionR3LeaveExcl         0 times
00:01:42.494512 /PDM/CritSectsRw/TM real queue alloc lock/ContentionRZEnterExcl         0 times
00:01:42.494516 /PDM/CritSectsRw/TM real queue alloc lock/ContentionRZEnterShared         0 times
00:01:42.494519 /PDM/CritSectsRw/TM real queue alloc lock/ContentionRZLeaveExcl         0 times
00:01:42.494523 /PDM/CritSectsRw/TM real queue alloc lock/ContentionRZLeaveShared         0 times
00:01:42.494526 /PDM/CritSectsRw/TM real queue alloc lock/R3EnterExcl         8 times
00:01:42.494530 /PDM/CritSectsRw/TM real queue alloc lock/R3EnterShared         1 times
00:01:42.494533 /PDM/CritSectsRw/TM real queue alloc lock/RZEnterExcl         0 times
00:01:42.494536 /PDM/CritSectsRw/TM real queue alloc lock/RZEnterShared         0 times
00:01:42.494540 /PDM/CritSectsRw/TM tsc queue alloc lock/ContentionR3EnterExcl         0 times
00:01:42.494543 /PDM/CritSectsRw/TM tsc queue alloc lock/ContentionR3EnterShared         0 times
00:01:42.494547 /PDM/CritSectsRw/TM tsc queue alloc lock/ContentionR3LeaveExcl         0 times
00:01:42.494550 /PDM/CritSectsRw/TM tsc queue alloc lock/ContentionRZEnterExcl         0 times
00:01:42.494554 /PDM/CritSectsRw/TM tsc queue alloc lock/ContentionRZEnterShared         0 times
00:01:42.494557 /PDM/CritSectsRw/TM tsc queue alloc lock/ContentionRZLeaveExcl         0 times
00:01:42.494560 /PDM/CritSectsRw/TM tsc queue alloc lock/ContentionRZLeaveShared         0 times
00:01:42.494564 /PDM/CritSectsRw/TM tsc queue alloc lock/R3EnterExcl         0 times
00:01:42.494567 /PDM/CritSectsRw/TM tsc queue alloc lock/R3EnterShared         1 times
00:01:42.494570 /PDM/CritSectsRw/TM tsc queue alloc lock/RZEnterExcl         0 times
00:01:42.494574 /PDM/CritSectsRw/TM tsc queue alloc lock/RZEnterShared         0 times
00:01:42.494577 /PDM/CritSectsRw/TM virtual queue alloc lock/ContentionR3EnterExcl         0 times
00:01:42.494580 /PDM/CritSectsRw/TM virtual queue alloc lock/ContentionR3EnterShared         0 times
00:01:42.494584 /PDM/CritSectsRw/TM virtual queue alloc lock/ContentionR3LeaveExcl         0 times
00:01:42.494587 /PDM/CritSectsRw/TM virtual queue alloc lock/ContentionRZEnterExcl         0 times
00:01:42.494591 /PDM/CritSectsRw/TM virtual queue alloc lock/ContentionRZEnterShared         0 times
00:01:42.494594 /PDM/CritSectsRw/TM virtual queue alloc lock/ContentionRZLeaveExcl         0 times
00:01:42.494597 /PDM/CritSectsRw/TM virtual queue alloc lock/ContentionRZLeaveShared         0 times
00:01:42.494601 /PDM/CritSectsRw/TM virtual queue alloc lock/R3EnterExcl         7 times
00:01:42.494606 /PDM/CritSectsRw/TM virtual queue alloc lock/R3EnterShared         1 times
00:01:42.494611 /PDM/CritSectsRw/TM virtual queue alloc lock/RZEnterExcl         0 times
00:01:42.494614 /PDM/CritSectsRw/TM virtual queue alloc lock/RZEnterShared         0 times
00:01:42.494618 /PDM/CritSectsRw/TM virtual_sync queue alloc lock/ContentionR3EnterExcl         0 times
00:01:42.494621 /PDM/CritSectsRw/TM virtual_sync queue alloc lock/ContentionR3EnterShared         0 times
00:01:42.494624 /PDM/CritSectsRw/TM virtual_sync queue alloc lock/ContentionR3LeaveExcl         0 times
00:01:42.494628 /PDM/CritSectsRw/TM virtual_sync queue alloc lock/ContentionRZEnterExcl         0 times
00:01:42.494631 /PDM/CritSectsRw/TM virtual_sync queue alloc lock/ContentionRZEnterShared         0 times
00:01:42.494635 /PDM/CritSectsRw/TM virtual_sync queue alloc lock/ContentionRZLeaveExcl         0 times
00:01:42.494638 /PDM/CritSectsRw/TM virtual_sync queue alloc lock/ContentionRZLeaveShared         0 times
00:01:42.494641 /PDM/CritSectsRw/TM virtual_sync queue alloc lock/R3EnterExcl        16 times
00:01:42.494645 /PDM/CritSectsRw/TM virtual_sync queue alloc lock/R3EnterShared         1 times
00:01:42.494648 /PDM/CritSectsRw/TM virtual_sync queue alloc lock/RZEnterExcl         0 times
00:01:42.494651 /PDM/CritSectsRw/TM virtual_sync queue alloc lock/RZEnterShared         0 times
00:01:42.494655 /PDM/Queue/DevHlp/AllocFailures                    0 times
00:01:42.494659 /PDM/Queue/DevHlp/Flush                            0 calls
00:01:42.494662 /PDM/Queue/DevHlp/FlushLeftovers                   0 times
00:01:42.494666 /PDM/Queue/DevHlp/Insert                           0 calls
00:01:42.494669 /PDM/Queue/DevHlp/cItems                          32 count
00:01:42.494673 /PDM/Queue/DevHlp/cbItem                          56 bytes
00:01:42.494677 /PDM/Queue/DevHlp/rcOkay                           0 
00:01:42.494680 /PDM/Queue/Keyboard/AllocFailures                  0 times
00:01:42.494684 /PDM/Queue/Keyboard/Flush                          0 calls
00:01:42.494687 /PDM/Queue/Keyboard/FlushLeftovers                 0 times
00:01:42.494691 /PDM/Queue/Keyboard/Insert                        93 calls
00:01:42.494695 /PDM/Queue/Keyboard/cItems                        64 count
00:01:42.494698 /PDM/Queue/Keyboard/cbItem                        16 bytes
00:01:42.494702 /PDM/Queue/Keyboard/rcOkay                         0 
00:01:42.494705 /PDM/Queue/Mouse/AllocFailures                     0 times
00:01:42.494709 /PDM/Queue/Mouse/Flush                             0 calls
00:01:42.494712 /PDM/Queue/Mouse/FlushLeftovers                    0 times
00:01:42.494716 /PDM/Queue/Mouse/Insert                           20 calls
00:01:42.494719 /PDM/Queue/Mouse/cItems                          128 count
00:01:42.494723 /PDM/Queue/Mouse/cbItem                           32 bytes
00:01:42.494727 /PDM/Queue/Mouse/rcOkay                            0 
00:01:42.494730 /PGM/CPU0/R3/Page/MapTlbMisses                     0 times
00:01:42.494734 /PGM/CPU0/R3/RamRange/TlbLocking                   3 times
00:01:42.494737 /PGM/CPU0/R3/RamRange/TlbMisses                    3 times
00:01:42.494741 /PGM/CPU0/RZ/Page/MapTlbMisses                     0 times
00:01:42.494745 /PGM/CPU0/RZ/RamRange/TlbLocking                   0 times
00:01:42.494748 /PGM/CPU0/RZ/RamRange/TlbMisses                    0 times
00:01:42.494752 /PGM/CPU0/cA20Changes                              0 times
00:01:42.494755 /PGM/CPU0/cGuestModeChanges                        5 times
00:01:42.494759 /PGM/CPU1/R3/Page/MapTlbMisses                     0 times
00:01:42.494763 /PGM/CPU1/R3/RamRange/TlbLocking                   3 times
00:01:42.494766 /PGM/CPU1/R3/RamRange/TlbMisses                    3 times
00:01:42.494770 /PGM/CPU1/RZ/Page/MapTlbMisses                     0 times
00:01:42.494773 /PGM/CPU1/RZ/RamRange/TlbLocking                   0 times
00:01:42.494777 /PGM/CPU1/RZ/RamRange/TlbMisses                    0 times
00:01:42.494781 /PGM/CPU1/cA20Changes                              0 times
00:01:42.494785 /PGM/CPU1/cGuestModeChanges                        3 times
00:01:42.494789 /PGM/CPU2/R3/Page/MapTlbMisses                     0 times
00:01:42.494792 /PGM/CPU2/R3/RamRange/TlbLocking                   3 times
00:01:42.494795 /PGM/CPU2/R3/RamRange/TlbMisses                    3 times
00:01:42.494799 /PGM/CPU2/RZ/Page/MapTlbMisses                     0 times
00:01:42.494802 /PGM/CPU2/RZ/RamRange/TlbLocking                   0 times
00:01:42.494806 /PGM/CPU2/RZ/RamRange/TlbMisses                    0 times
00:01:42.494809 /PGM/CPU2/cA20Changes                              0 times
00:01:42.494813 /PGM/CPU2/cGuestModeChanges                        3 times
00:01:42.494816 /PGM/CPU3/R3/Page/MapTlbMisses                     0 times
00:01:42.494820 /PGM/CPU3/R3/RamRange/TlbLocking                   3 times
00:01:42.494823 /PGM/CPU3/R3/RamRange/TlbMisses                    3 times
00:01:42.494827 /PGM/CPU3/RZ/Page/MapTlbMisses                     0 times
00:01:42.494830 /PGM/CPU3/RZ/RamRange/TlbLocking                   0 times
00:01:42.494834 /PGM/CPU3/RZ/RamRange/TlbMisses                    0 times
00:01:42.494837 /PGM/CPU3/cA20Changes                              0 times
00:01:42.494841 /PGM/CPU3/cGuestModeChanges                        3 times
00:01:42.494844 /PGM/ChunkR3Map/Mapped                             0 count
00:01:42.494848 /PGM/ChunkR3Map/Unmapped                           0 count
00:01:42.494852 /PGM/ChunkR3Map/c                                  0 count
00:01:42.494855 /PGM/ChunkR3Map/cMax                       4294967295 count
00:01:42.494859 /PGM/LargePage/Alloc                               0 ns/call (           0 ns,       0 calls, max         0, min      -1)
00:01:42.494864 /PGM/LargePage/AllocFailed                         0 times
00:01:42.494867 /PGM/LargePage/Overflow                            0 times
00:01:42.494871 /PGM/LargePage/Recheck                             0 times
00:01:42.494874 /PGM/LargePage/Refused                             0 times
00:01:42.494878 /PGM/LargePage/Reused                              0 times
00:01:42.494882 /PGM/LargePage/TlbFlush                            0 times
00:01:42.494885 /PGM/LargePage/ZeroEvict                           0 times
00:01:42.494890 /PGM/Mmio2QueryAndResetDirtyBitmap                 0 ticks/call (           0 ticks,       0 calls, max         0, min      -1)
00:01:42.494894 /PGM/Page/cAllPages                           576852 count
00:01:42.494898 /PGM/Page/cBalloonedPages                          0 count
00:01:42.494901 /PGM/Page/cHandyPages                              0 count
00:01:42.494905 /PGM/Page/cLargePages                              0 count
00:01:42.494908 /PGM/Page/cLargePagesDisabled                      0 count
00:01:42.494912 /PGM/Page/cMonitoredPages                          0 count
00:01:42.494915 /PGM/Page/cPrivatePages                       560295 count
00:01:42.494952 /PGM/Page/cPureMmioPages                       16557 count
00:01:42.494961 /PGM/Page/cReadLockedPages                         0 count
00:01:42.494975 /PGM/Page/cReusedSharedPages                       0 count
00:01:42.494981 /PGM/Page/cSharedPages                             0 count
00:01:42.494985 /PGM/Page/cWriteLockedPages                        0 count
00:01:42.494988 /PGM/Page/cWrittenToPages                          0 count
00:01:42.494992 /PGM/Page/cZeroPages                               0 count
00:01:42.494996 /PGM/PhysHandlerTree/ErrorsAllocatorR3             0 times
00:01:42.494999 /PGM/PhysHandlerTree/ErrorsTree                    0 times
00:01:42.495003 /PGM/PhysHandlerTree/Inserts                      19 times
00:01:42.495007 /PGM/PhysHandlerTree/MaxHandlers                6144 times
00:01:42.495010 /PGM/PhysHandlerTree/RebalancingOperations        10 times
00:01:42.495014 /PGM/PhysHandlerTree/Removals                      1 times
00:01:42.495026 /PGM/Pool/Grow                                     0 ticks/call (           0 ticks,       0 calls, max         0, min      -1)
00:01:42.495038 /PGM/ShMod/Check                                   0 ticks/call (           0 ticks,       0 calls, max         0, min      -1)
00:01:42.495045 /PROF/CPU0/EM/Capped                               0 ticks/call (           0 ticks,       0 calls, max         0, min      -1)
00:01:42.495049 /PROF/CPU0/EM/ForcedActions                      501 times
00:01:42.495053 /PROF/CPU0/EM/HMExec                               0 ticks/call (           0 ticks,       0 calls, max         0, min      -1)
00:01:42.495057 /PROF/CPU0/EM/HMExecuteCalled                      0 times
00:01:42.495061 /PROF/CPU0/EM/Halted                             406 times
00:01:42.495064 /PROF/CPU0/EM/NEMExec                       51886218 ticks/call ( 20546942410 ticks,     396 calls, max 8039113609, min  578123)
00:01:42.495069 /PROF/CPU0/EM/NEMExecuteCalled                   346 times
00:01:42.495082 /PROF/CPU0/EM/REMTotal                             0 times
00:01:42.495088 /PROF/CPU0/EM/RecordedExits                    69621 times
00:01:42.495092 /PROF/CPU0/EM/Total                        325261912400 ticks/call (325261912400 ticks,       1 calls, max 325261912400, min 325261912400)
00:01:42.495098 /PROF/CPU0/VM/Halt/Block                   156255604 ns/call ( 86721860716 ns,     555 calls, max 501251200, min  257709)
00:01:42.495103 /PROF/CPU0/VM/Halt/BlockInsomnia            45628434 ns/call ( 19163942369 ns,     420 calls, max 499883242, min  257709)
00:01:42.495108 /PROF/CPU0/VM/Halt/BlockOnTime             500015995 ns/call (  3500111970 ns,       7 calls, max 500046305, min 499974524)
00:01:42.495112 /PROF/CPU0/VM/Halt/BlockOverslept             452282 ns/call (    57892199 ns,     128 calls, max   1251466, min   56521)
00:01:42.495117 /PROF/CPU0/VM/Halt/R0HaltBlock                     0 ns/call (           0 ns,       0 calls, max         0, min      -1)
00:01:42.495121 /PROF/CPU0/VM/Halt/R0HaltBlockInsomnia             0 ns/call (           0 ns,       0 calls, max         0, min      -1)
00:01:42.495125 /PROF/CPU0/VM/Halt/R0HaltBlockOnTime               0 ns/call (           0 ns,       0 calls, max         0, min      -1)
00:01:42.495129 /PROF/CPU0/VM/Halt/R0HaltBlockOverslept            0 ns/call (           0 ns,       0 calls, max         0, min      -1)
00:01:42.495133 /PROF/CPU0/VM/Halt/R0HaltExec                      0 times
00:01:42.495136 /PROF/CPU0/VM/Halt/R0HaltExec/FromBlock            0 times
00:01:42.495139 /PROF/CPU0/VM/Halt/R0HaltExec/FromSpin             0 times
00:01:42.495143 /PROF/CPU0/VM/Halt/R0HaltHistoryCounter            0 times
00:01:42.495147 /PROF/CPU0/VM/Halt/R0HaltHistorySucceeded          0 times
00:01:42.495151 /PROF/CPU0/VM/Halt/R0HaltHistoryToRing3            0 times
00:01:42.495155 /PROF/CPU0/VM/Halt/R0HaltToR3                      0 times
00:01:42.495158 /PROF/CPU0/VM/Halt/R0HaltToR3/FromSpin             0 times
00:01:42.495162 /PROF/CPU0/VM/Halt/R0HaltToR3/Other                0 times
00:01:42.495165 /PROF/CPU0/VM/Halt/R0HaltToR3/PendingFF            0 times
00:01:42.495168 /PROF/CPU0/VM/Halt/R0HaltToR3/PostWaitNoInt         0 times
00:01:42.495172 /PROF/CPU0/VM/Halt/R0HaltToR3/PostWaitPendingFF         0 times
00:01:42.495175 /PROF/CPU0/VM/Halt/R0HaltToR3/SmallDelta           0 times
00:01:42.495179 /PROF/CPU0/VM/Halt/Timers                        976 ns/call (      938660 ns,     961 calls, max     56755, min       1)
00:01:42.495183 /PROF/CPU0/VM/Halt/Yield                           0 ns/call (           0 ns,       0 calls, max         0, min      -1)
00:01:42.495187 /PROF/CPU1/EM/Capped                               0 ticks/call (           0 ticks,       0 calls, max         0, min      -1)
00:01:42.495191 /PROF/CPU1/EM/ForcedActions                       36 times
00:01:42.495194 /PROF/CPU1/EM/HMExec                               0 ticks/call (           0 ticks,       0 calls, max         0, min      -1)
00:01:42.495198 /PROF/CPU1/EM/HMExecuteCalled                      0 times
00:01:42.495204 /PROF/CPU1/EM/Halted                              19 times
00:01:42.495208 /PROF/CPU1/EM/NEMExec                       62240983 ticks/call (  1618265583 ticks,      26 calls, max 518946484, min  163236)
00:01:42.495213 /PROF/CPU1/EM/NEMExecuteCalled                     8 times
00:01:42.495217 /PROF/CPU1/EM/REMTotal                             0 times
00:01:42.495220 /PROF/CPU1/EM/RecordedExits                     1097 times
00:01:42.495224 /PROF/CPU1/EM/Total                        325261888213 ticks/call (325261888213 ticks,       1 calls, max 325261888213, min 325261888213)
00:01:42.495229 /PROF/CPU1/VM/Halt/Block                   320658029 ns/call ( 92349512429 ns,     288 calls, max 501254801, min   17757)
00:01:42.495233 /PROF/CPU1/VM/Halt/BlockInsomnia           133239859 ns/call ( 18786820181 ns,     141 calls, max 499888707, min   17757)
00:01:42.495237 /PROF/CPU1/VM/Halt/BlockOnTime             500019240 ns/call (  4500173168 ns,       9 calls, max 500048238, min 499966778)
00:01:42.495242 /PROF/CPU1/VM/Halt/BlockOverslept             453743 ns/call (    62616590 ns,     138 calls, max   1255077, min   64990)
00:01:42.495246 /PROF/CPU1/VM/Halt/R0HaltBlock                     0 ns/call (           0 ns,       0 calls, max         0, min      -1)
00:01:42.495286 /PROF/CPU1/VM/Halt/R0HaltBlockInsomnia             0 ns/call (           0 ns,       0 calls, max         0, min      -1)
00:01:42.495293 /PROF/CPU1/VM/Halt/R0HaltBlockOnTime               0 ns/call (           0 ns,       0 calls, max         0, min      -1)
00:01:42.495298 /PROF/CPU1/VM/Halt/R0HaltBlockOverslept            0 ns/call (           0 ns,       0 calls, max         0, min      -1)
00:01:42.495302 /PROF/CPU1/VM/Halt/R0HaltExec                      0 times
00:01:42.495306 /PROF/CPU1/VM/Halt/R0HaltExec/FromBlock            0 times
00:01:42.495309 /PROF/CPU1/VM/Halt/R0HaltExec/FromSpin             0 times
00:01:42.495328 /PROF/CPU1/VM/Halt/R0HaltHistoryCounter            0 times
00:01:42.495338 /PROF/CPU1/VM/Halt/R0HaltHistorySucceeded          0 times
00:01:42.495360 /PROF/CPU1/VM/Halt/R0HaltHistoryToRing3            0 times
00:01:42.495366 /PROF/CPU1/VM/Halt/R0HaltToR3                      0 times
00:01:42.495369 /PROF/CPU1/VM/Halt/R0HaltToR3/FromSpin             0 times
00:01:42.495373 /PROF/CPU1/VM/Halt/R0HaltToR3/Other                0 times
00:01:42.495377 /PROF/CPU1/VM/Halt/R0HaltToR3/PendingFF            0 times
00:01:42.495380 /PROF/CPU1/VM/Halt/R0HaltToR3/PostWaitNoInt         0 times
00:01:42.495384 /PROF/CPU1/VM/Halt/R0HaltToR3/PostWaitPendingFF         0 times
00:01:42.495387 /PROF/CPU1/VM/Halt/R0HaltToR3/SmallDelta           0 times
00:01:42.495391 /PROF/CPU1/VM/Halt/Timers                       1237 ns/call (      380063 ns,     307 calls, max     16055, min       1)
00:01:42.495396 /PROF/CPU1/VM/Halt/Yield                           0 ns/call (           0 ns,       0 calls, max         0, min      -1)
00:01:42.495400 /PROF/CPU2/EM/Capped                               0 ticks/call (           0 ticks,       0 calls, max         0, min      -1)
00:01:42.495405 /PROF/CPU2/EM/ForcedActions                       34 times
00:01:42.495409 /PROF/CPU2/EM/HMExec                               0 ticks/call (           0 ticks,       0 calls, max         0, min      -1)
00:01:42.495413 /PROF/CPU2/EM/HMExecuteCalled                      0 times
00:01:42.495416 /PROF/CPU2/EM/Halted                              17 times
00:01:42.495420 /PROF/CPU2/EM/NEMExec                       61865071 ticks/call (  1546626785 ticks,      25 calls, max 763671448, min  161684)
00:01:42.495425 /PROF/CPU2/EM/NEMExecuteCalled                     8 times
00:01:42.495429 /PROF/CPU2/EM/REMTotal                             0 times
00:01:42.495432 /PROF/CPU2/EM/RecordedExits                     1096 times
00:01:42.495436 /PROF/CPU2/EM/Total                        325261929651 ticks/call (325261929651 ticks,       1 calls, max 325261929651, min 325261929651)
00:01:42.495441 /PROF/CPU2/VM/Halt/Block                   321846865 ns/call ( 92370050273 ns,     287 calls, max 501258003, min  259135)
00:01:42.495448 /PROF/CPU2/VM/Halt/BlockInsomnia           134339185 ns/call ( 18807485966 ns,     140 calls, max 499874067, min  259135)
00:01:42.495454 /PROF/CPU2/VM/Halt/BlockOnTime             500017891 ns/call (  3000107348 ns,       6 calls, max 500046638, min 499975268)
00:01:42.495459 /PROF/CPU2/VM/Halt/BlockOverslept             443628 ns/call (    62551615 ns,     141 calls, max   1258563, min   53950)
00:01:42.495464 /PROF/CPU2/VM/Halt/R0HaltBlock                     0 ns/call (           0 ns,       0 calls, max         0, min      -1)
00:01:42.495469 /PROF/CPU2/VM/Halt/R0HaltBlockInsomnia             0 ns/call (           0 ns,       0 calls, max         0, min      -1)
00:01:42.495473 /PROF/CPU2/VM/Halt/R0HaltBlockOnTime               0 ns/call (           0 ns,       0 calls, max         0, min      -1)
00:01:42.495526 /PROF/CPU2/VM/Halt/R0HaltBlockOverslept            0 ns/call (           0 ns,       0 calls, max         0, min      -1)
00:01:42.495533 /PROF/CPU2/VM/Halt/R0HaltExec                      0 times
00:01:42.495537 /PROF/CPU2/VM/Halt/R0HaltExec/FromBlock            0 times
00:01:42.495540 /PROF/CPU2/VM/Halt/R0HaltExec/FromSpin             0 times
00:01:42.495544 /PROF/CPU2/VM/Halt/R0HaltHistoryCounter            0 times
00:01:42.495547 /PROF/CPU2/VM/Halt/R0HaltHistorySucceeded          0 times
00:01:42.495551 /PROF/CPU2/VM/Halt/R0HaltHistoryToRing3            0 times
00:01:42.495555 /PROF/CPU2/VM/Halt/R0HaltToR3                      0 times
00:01:42.495558 /PROF/CPU2/VM/Halt/R0HaltToR3/FromSpin             0 times
00:01:42.495562 /PROF/CPU2/VM/Halt/R0HaltToR3/Other                0 times
00:01:42.495565 /PROF/CPU2/VM/Halt/R0HaltToR3/PendingFF            0 times
00:01:42.495569 /PROF/CPU2/VM/Halt/R0HaltToR3/PostWaitNoInt         0 times
00:01:42.495572 /PROF/CPU2/VM/Halt/R0HaltToR3/PostWaitPendingFF         0 times
00:01:42.495575 /PROF/CPU2/VM/Halt/R0HaltToR3/SmallDelta           0 times
00:01:42.495579 /PROF/CPU2/VM/Halt/Timers                       1019 ns/call (      309930 ns,     304 calls, max      2460, min       1)
00:01:42.495584 /PROF/CPU2/VM/Halt/Yield                           0 ns/call (           0 ns,       0 calls, max         0, min      -1)
00:01:42.495588 /PROF/CPU3/EM/Capped                               0 ticks/call (           0 ticks,       0 calls, max         0, min      -1)
00:01:42.495592 /PROF/CPU3/EM/ForcedActions                     3701 times
00:01:42.495596 /PROF/CPU3/EM/HMExec                               0 ticks/call (           0 ticks,       0 calls, max         0, min      -1)
00:01:42.495600 /PROF/CPU3/EM/HMExecuteCalled                      0 times
00:01:42.495604 /PROF/CPU3/EM/Halted                            3657 times
00:01:42.495608 /PROF/CPU3/EM/NEMExec                       28895124 ticks/call (  1473651364 ticks,      51 calls, max 341764264, min  116554)
00:01:42.495612 /PROF/CPU3/EM/NEMExecuteCalled                     8 times
00:01:42.495616 /PROF/CPU3/EM/REMTotal                             0 times
00:01:42.495620 /PROF/CPU3/EM/RecordedExits                     1115 times
00:01:42.495623 /PROF/CPU3/EM/Total                        325261717060 ticks/call (325261717060 ticks,       1 calls, max 325261717060, min 325261717060)
00:01:42.495628 /PROF/CPU3/VM/Halt/Block                      943000 ns/call ( 75246762300 ns,   79795 calls, max  22187364, min       1)
00:01:42.495633 /PROF/CPU3/VM/Halt/BlockInsomnia              772779 ns/call (  1514648213 ns,    1960 calls, max  22187364, min       1)
00:01:42.495637 /PROF/CPU3/VM/Halt/BlockOnTime                812418 ns/call (   861976313 ns,    1061 calls, max  17658451, min    9047)
00:01:42.495641 /PROF/CPU3/VM/Halt/BlockOverslept             650709 ns/call ( 49957576466 ns,   76774 calls, max   4880646, min   50011)
00:01:42.495646 /PROF/CPU3/VM/Halt/R0HaltBlock                     0 ns/call (           0 ns,       0 calls, max         0, min      -1)
00:01:42.495650 /PROF/CPU3/VM/Halt/R0HaltBlockInsomnia             0 ns/call (           0 ns,       0 calls, max         0, min      -1)
00:01:42.495655 /PROF/CPU3/VM/Halt/R0HaltBlockOnTime               0 ns/call (           0 ns,       0 calls, max         0, min      -1)
00:01:42.495660 /PROF/CPU3/VM/Halt/R0HaltBlockOverslept            0 ns/call (           0 ns,       0 calls, max         0, min      -1)
00:01:42.495665 /PROF/CPU3/VM/Halt/R0HaltExec                      0 times
00:01:42.495668 /PROF/CPU3/VM/Halt/R0HaltExec/FromBlock            0 times
00:01:42.495671 /PROF/CPU3/VM/Halt/R0HaltExec/FromSpin             0 times
00:01:42.495675 /PROF/CPU3/VM/Halt/R0HaltHistoryCounter            0 times
00:01:42.495678 /PROF/CPU3/VM/Halt/R0HaltHistorySucceeded          0 times
00:01:42.495682 /PROF/CPU3/VM/Halt/R0HaltHistoryToRing3            0 times
00:01:42.495685 /PROF/CPU3/VM/Halt/R0HaltToR3                      0 times
00:01:42.495688 /PROF/CPU3/VM/Halt/R0HaltToR3/FromSpin             0 times
00:01:42.495692 /PROF/CPU3/VM/Halt/R0HaltToR3/Other                0 times
00:01:42.495695 /PROF/CPU3/VM/Halt/R0HaltToR3/PendingFF            0 times
00:01:42.495698 /PROF/CPU3/VM/Halt/R0HaltToR3/PostWaitNoInt         0 times
00:01:42.495702 /PROF/CPU3/VM/Halt/R0HaltToR3/PostWaitPendingFF         0 times
00:01:42.495705 /PROF/CPU3/VM/Halt/R0HaltToR3/SmallDelta           0 times
00:01:42.495709 /PROF/CPU3/VM/Halt/Timers                     177008 ns/call ( 16993561001 ns,   96004 calls, max   8594692, min       2)
00:01:42.495713 /PROF/CPU3/VM/Halt/Yield                       14394 ns/call (      921267 ns,      64 calls, max    106544, min       1)
00:01:42.495718 /Public/Storage/AHCI0/Port0/BytesRead        7081472 bytes
00:01:42.495722 /Public/Storage/AHCI0/Port0/QueryBufAttempts         0 count
00:01:42.495725 /Public/Storage/AHCI0/Port0/QueryBufSuccess         0 count
00:01:42.495729 /Public/Storage/AHCI0/Port0/ReqsRead             424 count
00:01:42.495732 /Public/Storage/AHCI0/Port0/ReqsSubmitted        424 count
00:01:42.495736 /Public/Storage/AHCI0/Port0/ReqsSucceeded        424 count
00:01:42.495739 /SELM/LoadHidSel/GstReadErrors                     0 times
00:01:42.495743 /SELM/LoadHidSel/NoGoodGuest                       0 times
00:01:42.495747 /TM/CPU/00/cNsExecuting                    4194227447 ns
00:01:42.495750 /TM/CPU/00/cNsHalted                       86724158647 ns
00:01:42.495754 /TM/CPU/00/cNsOther                        1907539323 ns
00:01:42.495758 /TM/CPU/00/cNsTotal                        92825925417 ns
00:01:42.495762 /TM/CPU/00/cPeriodsExecuting                   69263 count
00:01:42.495765 /TM/CPU/00/cPeriodsHalted                        406 count
00:01:42.495769 /TM/CPU/00/pctExecuting                            0 %
00:01:42.495773 /TM/CPU/00/pctHalted                               0 %
00:01:42.495776 /TM/CPU/00/pctOther                              100 %
00:01:42.495780 /TM/CPU/01/cNsExecuting                    145570912 ns
00:01:42.495784 /TM/CPU/01/cNsHalted                       92350347536 ns
00:01:42.495787 /TM/CPU/01/cNsOther                        330737248 ns
00:01:42.495791 /TM/CPU/01/cNsTotal                        92826655696 ns
00:01:42.495795 /TM/CPU/01/cPeriodsExecuting                    1105 count
00:01:42.495798 /TM/CPU/01/cPeriodsHalted                         19 count
00:01:42.495802 /TM/CPU/01/pctExecuting                            0 %
00:01:42.495805 /TM/CPU/01/pctHalted                               0 %
00:01:42.495810 /TM/CPU/01/pctOther                              100 %
00:01:42.495813 /TM/CPU/02/cNsExecuting                    126467778 ns
00:01:42.495817 /TM/CPU/02/cNsHalted                       92370796368 ns
00:01:42.495821 /TM/CPU/02/cNsOther                        328661924 ns
00:01:42.495825 /TM/CPU/02/cNsTotal                        92825926070 ns
00:01:42.495828 /TM/CPU/02/cPeriodsExecuting                    1104 count
00:01:42.495832 /TM/CPU/02/cPeriodsHalted                         17 count
00:01:42.495836 /TM/CPU/02/pctExecuting                            0 %
00:01:42.495840 /TM/CPU/02/pctHalted                               0 %
00:01:42.495844 /TM/CPU/02/pctOther                              100 %
00:01:42.495848 /TM/CPU/03/cNsExecuting                    107116397 ns
00:01:42.495852 /TM/CPU/03/cNsHalted                       92365641783 ns
00:01:42.495855 /TM/CPU/03/cNsOther                        353106759 ns
00:01:42.495859 /TM/CPU/03/cNsTotal                        92825864939 ns
00:01:42.495863 /TM/CPU/03/cPeriodsExecuting                    1137 count
00:01:42.495867 /TM/CPU/03/cPeriodsHalted                       3657 count
00:01:42.495871 /TM/CPU/03/pctExecuting                            0 %
00:01:42.495874 /TM/CPU/03/pctHalted                              98 %
00:01:42.495878 /TM/CPU/03/pctOther                                1 %
00:01:42.495882 /TM/CPU/pctExecuting                               0 %
00:01:42.495885 /TM/CPU/pctHalted                                 25 %
00:01:42.495889 /TM/CPU/pctOther                                  74 %
00:01:42.495917 /TM/MaxHzHint                                      0 Hz
00:01:42.495923 /TM/MaxHzHint/real                                 0 Hz
00:01:42.495927 /TM/MaxHzHint/tsc                                  0 Hz
00:01:42.495930 /TM/MaxHzHint/virtual                              0 Hz
00:01:42.495949 /TM/MaxHzHint/virtual_sync                         0 Hz
00:01:42.495957 /TM/PIT/Handler                                    0 ticks/call (           0 ticks,       0 calls, max         0, min      -1)
00:01:42.495962 /TM/PIT/Irq                                        0 times
00:01:42.495966 /TM/R3/1nsSteps                                 3245 times
00:01:42.495970 /TM/TSC/offCPU0                                    0 ticks
00:01:42.495974 /TM/TSC/offCPU1                                    0 ticks
00:01:42.495978 /TM/TSC/offCPU2                                    0 ticks
00:01:42.495982 /TM/TSC/offCPU3                                    0 ticks
00:01:42.495986 /TM/VirtualSync/CurrentOffset              10699838189 ns
00:01:42.495990 /TRPM/ForwardRaw/IRQ/20                          345 times
00:01:42.496004 /VMM/EmtHashCollisions/Emt00                       0 times
00:01:42.496008 /VMM/EmtHashCollisions/Emt01                       0 times
00:01:42.496012 /VMM/EmtHashCollisions/Emt02                       0 times
00:01:42.496015 /VMM/EmtHashCollisions/Emt03                       0 times
00:01:42.496019 /VMM/LogFlush/00-Flushes                           0 times
00:01:42.496023 /VMM/LogFlush/00-NoWakups                          0 times
00:01:42.496027 /VMM/LogFlush/CPU0/Rel/cbBuf                    4096 bytes
00:01:42.496031 /VMM/LogFlush/CPU1/Rel/cbBuf                    4096 bytes
00:01:42.496036 /VMM/LogFlush/CPU2/Rel/cbBuf                    4096 bytes
00:01:42.496040 /VMM/LogFlush/CPU3/Rel/cbBuf                    4096 bytes
00:01:42.496044 ********************* End of statistics **********************
00:01:42.501318 NEM: Destroying partition 000001d556cd0890 with its 4 VCpus...
00:01:42.512919 GUI: UIMediumEnumerator: Medium-enumeration finished!
00:01:42.561782 vmmR3LogFlusher: Terminating (VERR_OBJECT_DESTROYED)
00:01:42.561922 Changing the VM state from 'DESTROYING' to 'TERMINATED'
00:01:42.561944 Console: Machine state changed to 'PoweredOff'
00:01:42.581737 GUI: Request for async QApp quit.
00:01:42.583837 GUI: Cannot notify guest about VM window out-of-focus event
00:01:42.597055 GUI: UICommon: Handling aboutToQuit request..
00:01:43.613520 GUI: UICommon: aboutToQuit request handled!
