c54.c44: Log file opened: 7.2.14r174565 g_hStartupLog=000000000000008c g_uNtVerCombined=0xa04a6500
c54.c44: \SystemRoot\System32\ntdll.dll:
c54.c44:     CreationTime:    2026-05-23T21:10:09.629567700Z
c54.c44:     LastWriteTime:   2026-05-23T21:10:09.682935600Z
c54.c44:     ChangeTime:      2026-05-23T21:17:06.702481900Z
c54.c44:     FileAttributes:  0x20
c54.c44:     Size:            0x1ef7b8
c54.c44:     NT Headers:      0xe8
c54.c44:     Timestamp:       0x7ec9c15d
c54.c44:     Machine:         0x8664 - amd64
c54.c44:     Timestamp:       0x7ec9c15d
c54.c44:     Image Version:   10.0
c54.c44:     SizeOfImage:     0x1f8000 (2064384)
c54.c44:     Resource Dir:    0x186000 LB 0x70508
c54.c44:     [Version info resource found at 0xd8! (ID/Name: 0x1; SubID/SubName: 0x409)]
c54.c44:     [Raw version resource data: 0x1860f0 LB 0x380, codepage 0x0 (reserved 0x0)]
c54.c44:     ProductName:     Microsoft® Windows® Operating System
c54.c44:     ProductVersion:  10.0.19041.6456
c54.c44:     FileVersion:     10.0.19041.6456 (WinBuild.160101.0800)
c54.c44:     FileDescription: NT Layer DLL
c54.c44: \SystemRoot\System32\kernel32.dll:
c54.c44:     CreationTime:    2026-05-23T21:10:25.605244800Z
c54.c44:     LastWriteTime:   2026-05-23T21:10:25.620866300Z
c54.c44:     ChangeTime:      2026-05-23T21:17:06.577510800Z
c54.c44:     FileAttributes:  0x20
c54.c44:     Size:            0xbf568
c54.c44:     NT Headers:      0xf8
c54.c44:     Timestamp:       0xeee0fc1a
c54.c44:     Machine:         0x8664 - amd64
c54.c44:     Timestamp:       0xeee0fc1a
c54.c44:     Image Version:   10.0
c54.c44:     SizeOfImage:     0xc2000 (794624)
c54.c44:     Resource Dir:    0xc0000 LB 0x520
c54.c44:     [Version info resource found at 0x90! (ID/Name: 0x1; SubID/SubName: 0x409)]
c54.c44:     [Raw version resource data: 0xc00b0 LB 0x3a4, codepage 0x0 (reserved 0x0)]
c54.c44:     ProductName:     Microsoft® Windows® Operating System
c54.c44:     ProductVersion:  10.0.19041.5915
c54.c44:     FileVersion:     10.0.19041.5915 (WinBuild.160101.0800)
c54.c44:     FileDescription: Windows NT BASE API Client DLL
c54.c44: \SystemRoot\System32\KernelBase.dll:
c54.c44:     CreationTime:    2026-05-23T21:10:10.842290200Z
c54.c44:     LastWriteTime:   2026-05-23T21:10:10.968660300Z
c54.c44:     ChangeTime:      2026-05-23T21:17:06.671238800Z
c54.c44:     FileAttributes:  0x20
c54.c44:     Size:            0x2f7a40
c54.c44:     NT Headers:      0x100
c54.c44:     Timestamp:       0x56511854
c54.c44:     Machine:         0x8664 - amd64
c54.c44:     Timestamp:       0x56511854
c54.c44:     Image Version:   10.0
c54.c44:     SizeOfImage:     0x2f6000 (3104768)
c54.c44:     Resource Dir:    0x2cc000 LB 0x548
c54.c44:     [Version info resource found at 0x90! (ID/Name: 0x1; SubID/SubName: 0x409)]
c54.c44:     [Raw version resource data: 0x2cc0b0 LB 0x3bc, codepage 0x0 (reserved 0x0)]
c54.c44:     ProductName:     Microsoft® Windows® Operating System
c54.c44:     ProductVersion:  10.0.19041.6280
c54.c44:     FileVersion:     10.0.19041.6280 (WinBuild.160101.0800)
c54.c44:     FileDescription: Windows NT BASE API Client DLL
c54.c44: \SystemRoot\System32\apisetschema.dll:
c54.c44:     CreationTime:    2026-05-23T21:09:30.760940300Z
c54.c44:     LastWriteTime:   2026-05-23T21:09:30.760940300Z
c54.c44:     ChangeTime:      2026-05-23T21:16:32.224220000Z
c54.c44:     FileAttributes:  0x20
c54.c44:     Size:            0x1f9c8
c54.c44:     NT Headers:      0xd0
c54.c44:     Timestamp:       0x85f6b378
c54.c44:     Machine:         0x8664 - amd64
c54.c44:     Timestamp:       0x85f6b378
c54.c44:     Image Version:   10.0
c54.c44:     SizeOfImage:     0x20000 (131072)
c54.c44:     Resource Dir:    0x1f000 LB 0x408
c54.c44:     [Version info resource found at 0x48! (ID/Name: 0x1; SubID/SubName: 0x409)]
c54.c44:     [Raw version resource data: 0x1f060 LB 0x3a8, codepage 0x0 (reserved 0x0)]
c54.c44:     ProductName:     Microsoft® Windows® Operating System
c54.c44:     ProductVersion:  10.0.19041.5915
c54.c44:     FileVersion:     10.0.19041.5915 (WinBuild.160101.0800)
c54.c44:     FileDescription: ApiSet Schema DLL
c54.c44: root name: type=Mutant name=PendingRenameMutex
c54.c44: root name: type=Directory name=ObjectTypes
c54.c44: root name: type=FilterConnectionPort name=storqosfltport
c54.c44: root name: type=FilterConnectionPort name=MicrosoftMalwareProtectionRemoteIoPortWD
c54.c44: root name: type=FilterConnectionPort name=MicrosoftDataLossPreventionPort
c54.c44: root name: type=SymbolicLink name=SystemRoot
c54.c44: root name: type=Directory name=Sessions
c54.c44: root name: type=FilterConnectionPort name=MicrosoftMalwareProtectionVeryLowIoPortWD
c54.c44: root name: type=Directory name=ArcName
c54.c44: root name: type=FilterConnectionPort name=WcifsPort
c54.c44: root name: type=Directory name=NLS
c54.c44: root name: type=Event name=LanmanServerAnnounceEvent
c54.c44: root name: type=ALPC Port name=ThemeApiPort
c54.c44: root name: type=Directory name=Windows
c54.c44: root name: type=Directory name=GLOBAL??
c54.c44: root name: type=FilterConnectionPort name=GameFltCommunicationPort
c54.c44: root name: type=Directory name=RPC Control
c54.c44: root name: type=FilterConnectionPort name=MicrosoftDataLossPreventionControlPort
c54.c44: root name: type=ALPC Port name=PdcPort
c54.c44: root name: type=Event name=EFSInitEvent
c54.c44: root name: type=SymbolicLink name=Dfs
c54.c44: root name: type=Device name=clfs
c54.c44: root name: type=FilterConnectionPort name=MicrosoftDataLossPreventionRemoteIoPort
c54.c44: root name: type=Event name=CsrSbSyncEvent
c54.c44: root name: type=ALPC Port name=SeRmCommandPort
c54.c44: root name: type=SymbolicLink name=DosDevices
c54.c44: root name: type=Directory name=KnownDlls32
c54.c44: root name: type=Key name=REGISTRY
c54.c44: root name: type=Job name=Container_Microsoft.GamingServices_37.114.26001.0_x64__8wekyb3d8bbwe-PackagedService
c54.c44: root name: type=Directory name=BaseNamedObjects
c54.c44: root name: type=Section name=Win32kCrossSessionGlobals
c54.c44: root name: type=FilterConnectionPort name=MicrosoftDataLossPreventionVeryLowIoPort
c54.c44: root name: type=ALPC Port name=PowerPort
c54.c44: root name: type=ALPC Port name=SmSsWinStationApiPort
c54.c44: root name: type=Event name=UniqueInteractiveSessionIdEvent
c54.c44: root name: type=Directory name=UMDFCommunicationPorts
c54.c44: root name: type=Device name=FatCdrom
c54.c44: root name: type=Device name=Fat
c54.c44: root name: type=Directory name=KnownDlls
c54.c44: root name: type=ALPC Port name=PowerMonitorPort
c54.c44: root name: type=Device name=Ntfs
c54.c44: root name: type=Directory name=FileSystem
c54.c44: root name: type=Directory name=KernelObjects
c54.c44: root name: type=FilterConnectionPort name=MicrosoftMalwareProtectionControlPortWD
c54.c44: root name: type=ALPC Port name=SeLsaCommandPort
c54.c44: root name: type=Directory name=Callback
c54.c44: root name: type=Job name=Container_Claude_1.21459.1.0_x64__pzs8sxrjxfjjc-PackagedService
c54.c44: root name: type=FilterConnectionPort name=MicrosoftDataLossPreventionAsyncPort
c54.c44: root name: type=FilterConnectionPort name=BindFltPort
c54.c44: root name: type=Directory name=Security
c54.c44: root name: type=FilterConnectionPort name=MicrosoftMalwareProtectionAsyncPortWD
c54.c44: root name: type=Directory name=Device
c54.c44: root name: type=SymbolicLink name=DriverData
c54.c44: root name: type=Event name=DSYSDBG.Debug.Trace.Memory.31c
c54.c44: root name: type=Section name=LsaPerformance
c54.c44: root name: type=ALPC Port name=SmApiPort
c54.c44: root name: type=FilterConnectionPort name=CLDMSGPORT
c54.c44: root name: type=FilterConnectionPort name=MicrosoftMalwareProtectionPortWD
c54.c44: root name: type=SymbolicLink name=OSDataRoot
c54.c44: root name: type=Event name=SAM_SERVICE_STARTED
c54.c44: root name: type=Event name=LSA_ISO_READY_D
c54.c44: root name: type=Directory name=Driver
c54.c44: root name: type=Directory name=DriverStores
c54.c44: NtOpenDirectoryObject failed on '\Driver': 0xc0000022
c54.c44: supR3HardenedWinFindAdversaries: 0x0
c54.c44: supR3HardenedWinInitAppBin(0x0): '\Device\HarddiskVolume1\Program Files\Oracle\VirtualBox'
c54.c44: Calling main()
c54.c44: SUPR3HardenedMain: pszProgName=VirtualBoxVM fFlags=0x2
c54.c44: supR3HardenedWinInitAppBin(0x2): '\Device\HarddiskVolume1\Program Files\Oracle\VirtualBox'
c54.c44: SUPR3HardenedMain: Respawn #1
c54.c44: System32:  \Device\HarddiskVolume1\Windows\System32
c54.c44: WinSxS:    \Device\HarddiskVolume1\Windows\WinSxS
c54.c44: KnownDllPath: C:\Windows\System32
c54.c44: supR3HardenedWinInit: Performing a limited self purification...
c54.c44: supHardNtVpScanVirtualMemory: enmKind=SELF_PURIFICATION
c54.c44:  *0000000000000000-000000007ffdffff 0x0001/0x0000 0x0000000
c54.c44:  *000000007ffe0000-000000007ffe0fff 0x0002/0x0002 0x0020000
c54.c44:   000000007ffe1000-000000007ffe2fff 0x0001/0x0000 0x0000000
c54.c44:  *000000007ffe3000-000000007ffe3fff 0x0002/0x0002 0x0020000
c54.c44:   000000007ffe4000-0000000aba3fffff 0x0001/0x0000 0x0000000
c54.c44:  *0000000aba400000-0000000aba511fff 0x0000/0x0004 0x0020000
c54.c44:   0000000aba512000-0000000aba514fff 0x0004/0x0004 0x0020000
c54.c44:   0000000aba515000-0000000aba5fffff 0x0000/0x0004 0x0020000
c54.c44:  *0000000aba600000-0000000aba6b8fff 0x0000/0x0004 0x0020000
c54.c44:   0000000aba6b9000-0000000aba6bbfff 0x0104/0x0004 0x0020000
c54.c44:   0000000aba6bc000-0000000aba6fffff 0x0004/0x0004 0x0020000
c54.c44:   0000000aba700000-00000201d856ffff 0x0001/0x0000 0x0000000
c54.c44:  *00000201d8570000-00000201d857ffff 0x0004/0x0004 0x0040000
c54.c44:  *00000201d8580000-00000201d8581fff 0x0002/0x0002 0x0040000
c54.c44:   00000201d8582000-00000201d858ffff 0x0001/0x0000 0x0000000
c54.c44:  *00000201d8590000-00000201d85acfff 0x0002/0x0002 0x0040000
c54.c44:   00000201d85ad000-00000201d85affff 0x0001/0x0000 0x0000000
c54.c44:  *00000201d85b0000-00000201d85b3fff 0x0002/0x0002 0x0040000
c54.c44:   00000201d85b4000-00000201d85bffff 0x0001/0x0000 0x0000000
c54.c44:  *00000201d85c0000-00000201d85c0fff 0x0002/0x0002 0x0040000
c54.c44:   00000201d85c1000-00000201d85cffff 0x0001/0x0000 0x0000000
c54.c44:  *00000201d85d0000-00000201d85d1fff 0x0004/0x0004 0x0020000
c54.c44:   00000201d85d2000-00000201d85dffff 0x0001/0x0000 0x0000000
c54.c44:  *00000201d85e0000-00000201d85e0fff 0x0004/0x0004 0x0020000
c54.c44:   00000201d85e1000-00000201d85eefff 0x0000/0x0004 0x0020000
c54.c44:   00000201d85ef000-00000201d85effff 0x0001/0x0000 0x0000000
c54.c44:  *00000201d85f0000-00000201d85f1fff 0x0002/0x0002 0x0040000
c54.c44:   00000201d85f2000-00000201d85fffff 0x0001/0x0000 0x0000000
c54.c44:  *00000201d8600000-00000201d8607fff 0x0004/0x0004 0x0020000
c54.c44:   00000201d8608000-00000201d86fffff 0x0000/0x0004 0x0020000
c54.c44:   00000201d8700000-00000201d8711fff 0x0004/0x0004 0x0020000
c54.c44:   00000201d8712000-00000201d8712fff 0x0000/0x0004 0x0020000
c54.c44:   00000201d8713000-00000201d872dfff 0x0004/0x0004 0x0020000
c54.c44:   00000201d872e000-00000201d872efff 0x0000/0x0004 0x0020000
c54.c44:   00000201d872f000-00000201d873cfff 0x0004/0x0004 0x0020000
c54.c44:   00000201d873d000-00000201d8745fff 0x0000/0x0004 0x0020000
c54.c44:   00000201d8746000-00000201d8748fff 0x0004/0x0004 0x0020000
c54.c44:   00000201d8749000-00000201d87fffff 0x0000/0x0004 0x0020000
c54.c44:  *00000201d8800000-00000201d88c8fff 0x0002/0x0002 0x0040000
c54.c44:   00000201d88c9000-00000201d88cffff 0x0001/0x0000 0x0000000
c54.c44:  *00000201d88d0000-00000201d88d0fff 0x0002/0x0002 0x0040000
c54.c44:   00000201d88d1000-00000201d88dffff 0x0001/0x0000 0x0000000
c54.c44:  *00000201d88e0000-00000201d88e0fff 0x0004/0x0004 0x0020000
c54.c44:   00000201d88e1000-00000201d88eefff 0x0000/0x0004 0x0020000
c54.c44:   00000201d88ef000-00000201d8ffffff 0x0001/0x0000 0x0000000
c54.c44:  *00000201d9000000-00000201d9001fff 0x0004/0x0004 0x0020000
c54.c44:   00000201d9002000-00000201d900ffff 0x0000/0x0004 0x0020000
c54.c44:   00000201d9010000-00000201d9207fff 0x0004/0x0004 0x0020000
c54.c44:   00000201d9208000-00000201d9ffffff 0x0000/0x0004 0x0020000
c54.c44:   00000201da000000-00007df4fcc5ffff 0x0001/0x0000 0x0000000
c54.c44:  *00007df4fcc60000-00007df4fcc64fff 0x0002/0x0002 0x0040000
c54.c44:   00007df4fcc65000-00007df4fcd5ffff 0x0000/0x0002 0x0040000
c54.c44:  *00007df4fcd60000-00007df500d9afff 0x0000/0x0004 0x0020000
c54.c44:   00007df500d9b000-00007df500d9bfff 0x0004/0x0004 0x0020000
c54.c44:   00007df500d9c000-00007df5fcd5ffff 0x0000/0x0004 0x0020000
c54.c44:   00007df5fcd60000-00007df5fcd60fff 0x0004/0x0004 0x0020000
c54.c44:   00007df5fcd61000-00007df5fcd7ffff 0x0000/0x0004 0x0020000
c54.c44:  *00007df5fcd80000-00007df5fcdfffff 0x0000/0x0004 0x0020000
c54.c44:   00007df5fce00000-00007df5fce00fff 0x0004/0x0004 0x0020000
c54.c44:   00007df5fce01000-00007df5fed7ffff 0x0000/0x0004 0x0020000
c54.c44:   00007df5fed80000-00007df5fed80fff 0x0004/0x0004 0x0020000
c54.c44:   00007df5fed81000-00007df5fed8ffff 0x0001/0x0000 0x0000000
c54.c44:  *00007df5fed90000-00007df5fed90fff 0x0002/0x0002 0x0040000
c54.c44:   00007df5fed91000-00007df5fed9ffff 0x0001/0x0000 0x0000000
c54.c44:  *00007df5feda0000-00007df5fedc2fff 0x0002/0x0002 0x0040000
c54.c44:   00007df5fedc3000-00007df5fedcffff 0x0001/0x0000 0x0000000
c54.c44:  *00007df5fedd0000-00007df600666fff 0x0000/0x0001 0x0040000
c54.c44:   00007df600667000-00007df60073dfff 0x0001/0x0001 0x0040000
c54.c44:   00007df60073e000-00007df600bb6fff 0x0000/0x0001 0x0040000
c54.c44:   00007df600bb7000-00007df600bb7fff 0x0001/0x0001 0x0040000
c54.c44:   00007df600bb8000-00007ff5db105fff 0x0000/0x0001 0x0040000
c54.c44:   00007ff5db106000-00007ff5db10afff 0x0002/0x0001 0x0040000
c54.c44:   00007ff5db10b000-00007ff5ea2bffff 0x0000/0x0001 0x0040000
c54.c44:   00007ff5ea2c0000-00007ff5ebdccfff 0x0001/0x0001 0x0040000
c54.c44:   00007ff5ebdcd000-00007ff5ebdd9fff 0x0002/0x0001 0x0040000
c54.c44:   00007ff5ebdda000-00007ff5ebe00fff 0x0001/0x0001 0x0040000
c54.c44:   00007ff5ebe01000-00007ff5ebe04fff 0x0002/0x0001 0x0040000
c54.c44:   00007ff5ebe05000-00007ff5ebe61fff 0x0001/0x0001 0x0040000
c54.c44:   00007ff5ebe62000-00007ff5ebe6afff 0x0002/0x0001 0x0040000
c54.c44:   00007ff5ebe6b000-00007ff5fedcffff 0x0000/0x0001 0x0040000
c54.c44:   00007ff5fedd0000-00007ff70cd7ffff 0x0001/0x0000 0x0000000
c54.c44:  *00007ff70cd80000-00007ff70cd80fff 0x0002/0x0080 0x1000000  \Device\HarddiskVolume1\Program Files\Oracle\VirtualBox\VirtualBoxVM.exe
c54.c44:   00007ff70cd81000-00007ff70cdecfff 0x0020/0x0080 0x1000000  \Device\HarddiskVolume1\Program Files\Oracle\VirtualBox\VirtualBoxVM.exe
c54.c44:   00007ff70cded000-00007ff70cdedfff 0x0080/0x0080 0x1000000  \Device\HarddiskVolume1\Program Files\Oracle\VirtualBox\VirtualBoxVM.exe
c54.c44:   00007ff70cdee000-00007ff70ce42fff 0x0002/0x0080 0x1000000  \Device\HarddiskVolume1\Program Files\Oracle\VirtualBox\VirtualBoxVM.exe
c54.c44:   00007ff70ce43000-00007ff70ce45fff 0x0004/0x0080 0x1000000  \Device\HarddiskVolume1\Program Files\Oracle\VirtualBox\VirtualBoxVM.exe
c54.c44:   00007ff70ce46000-00007ff70ce48fff 0x0008/0x0080 0x1000000  \Device\HarddiskVolume1\Program Files\Oracle\VirtualBox\VirtualBoxVM.exe
c54.c44:   00007ff70ce49000-00007ff70ce4efff 0x0004/0x0080 0x1000000  \Device\HarddiskVolume1\Program Files\Oracle\VirtualBox\VirtualBoxVM.exe
c54.c44:   00007ff70ce4f000-00007ff70ce4ffff 0x0008/0x0080 0x1000000  \Device\HarddiskVolume1\Program Files\Oracle\VirtualBox\VirtualBoxVM.exe
c54.c44:   00007ff70ce50000-00007ff70ce8afff 0x0002/0x0080 0x1000000  \Device\HarddiskVolume1\Program Files\Oracle\VirtualBox\VirtualBoxVM.exe
c54.c44:   00007ff70ce8b000-00007ffb3ff6ffff 0x0001/0x0000 0x0000000
c54.c44:  *00007ffb3ff70000-00007ffb3ff70fff 0x0002/0x0080 0x1000000  \Device\HarddiskVolume1\Windows\System32\KernelBase.dll
c54.c44:   00007ffb3ff71000-00007ffb400a1fff 0x0020/0x0080 0x1000000  \Device\HarddiskVolume1\Windows\System32\KernelBase.dll
c54.c44:   00007ffb400a2000-00007ffb40224fff 0x0002/0x0080 0x1000000  \Device\HarddiskVolume1\Windows\System32\KernelBase.dll
c54.c44:   00007ffb40225000-00007ffb40229fff 0x0004/0x0080 0x1000000  \Device\HarddiskVolume1\Windows\System32\KernelBase.dll
c54.c44:   00007ffb4022a000-00007ffb40265fff 0x0002/0x0080 0x1000000  \Device\HarddiskVolume1\Windows\System32\KernelBase.dll
c54.c44:   00007ffb40266000-00007ffb40c6ffff 0x0001/0x0000 0x0000000
c54.c44:  *00007ffb40c70000-00007ffb40c70fff 0x0002/0x0080 0x1000000  \Device\HarddiskVolume1\Windows\System32\kernel32.dll
c54.c44:   00007ffb40c71000-00007ffb40cf1fff 0x0020/0x0080 0x1000000  \Device\HarddiskVolume1\Windows\System32\kernel32.dll
c54.c44:   00007ffb40cf2000-00007ffb40d26fff 0x0002/0x0080 0x1000000  \Device\HarddiskVolume1\Windows\System32\kernel32.dll
c54.c44:   00007ffb40d27000-00007ffb40d28fff 0x0004/0x0080 0x1000000  \Device\HarddiskVolume1\Windows\System32\kernel32.dll
c54.c44:   00007ffb40d29000-00007ffb40d31fff 0x0002/0x0080 0x1000000  \Device\HarddiskVolume1\Windows\System32\kernel32.dll
c54.c44:   00007ffb40d32000-00007ffb4248ffff 0x0001/0x0000 0x0000000
c54.c44:  *00007ffb42490000-00007ffb42490fff 0x0002/0x0080 0x1000000  \Device\HarddiskVolume1\Windows\System32\ntdll.dll
c54.c44:   00007ffb42491000-00007ffb425acfff 0x0020/0x0080 0x1000000  \Device\HarddiskVolume1\Windows\System32\ntdll.dll
c54.c44:   00007ffb425ad000-00007ffb425f5fff 0x0002/0x0080 0x1000000  \Device\HarddiskVolume1\Windows\System32\ntdll.dll
c54.c44:   00007ffb425f6000-00007ffb425f6fff 0x0004/0x0080 0x1000000  \Device\HarddiskVolume1\Windows\System32\ntdll.dll
c54.c44:   00007ffb425f7000-00007ffb425f8fff 0x0008/0x0080 0x1000000  \Device\HarddiskVolume1\Windows\System32\ntdll.dll
c54.c44:   00007ffb425f9000-00007ffb42601fff 0x0004/0x0080 0x1000000  \Device\HarddiskVolume1\Windows\System32\ntdll.dll
c54.c44:   00007ffb42602000-00007ffb42687fff 0x0002/0x0080 0x1000000  \Device\HarddiskVolume1\Windows\System32\ntdll.dll
c54.c44:   00007ffb42688000-00007ffffffeffff 0x0001/0x0000 0x0000000
c54.c44: kernel32.dll: timestamp 0xeee0fc1a (rc=VINF_SUCCESS)
c54.c44: kernelbase.dll: timestamp 0x56511854 (rc=VINF_SUCCESS)
c54.c44: VirtualBoxVM.exe: timestamp 0x6a5a50e7 (rc=VINF_SUCCESS)
c54.c44: '\Device\HarddiskVolume1\Program Files\Oracle\VirtualBox\VirtualBoxVM.exe' has no imports
c54.c44: VirtualBoxVM.exe: Differences in section #7 (.0000cfg() between file and memory:
c54.c44:   00007ff70ce57000 / 0x00d7000: 30 != 60
c54.c44:   00007ff70ce57001 / 0x00d7001: 24 != cc
c54.c44:   00007ff70ce57002 / 0x00d7002: d8 != 51
c54.c44:   00007ff70ce57003 / 0x00d7003: 0c != 42
c54.c44:   00007ff70ce57004 / 0x00d7004: f7 != fb
c54.c44:   00007ff70ce57008 / 0x00d7008: 35 != 00
c54.c44:   00007ff70ce57009 / 0x00d7009: 24 != cd
c54.c44:   00007ff70ce5700a / 0x00d700a: d8 != 51
c54.c44:   00007ff70ce5700b / 0x00d700b: 0c != 42
c54.c44:   00007ff70ce5700c / 0x00d700c: f7 != fb
c54.c44:   Restored 0x28 bytes of original file content at 00007ff70ce57000
c54.c44: VirtualBoxVM.exe: Differences in section #8 (.rsrc) between file and memory:
c54.c44:   00007ff70ce88b70 / 0x0108b70: 00 != 50
c54.c44:   00007ff70ce88b71 / 0x0108b71: 00 != 41
c54.c44:   00007ff70ce88b72 / 0x0108b72: 00 != 44
c54.c44:   00007ff70ce88b73 / 0x0108b73: 00 != 44
c54.c44:   00007ff70ce88b74 / 0x0108b74: 00 != 49
c54.c44:   00007ff70ce88b75 / 0x0108b75: 00 != 4e
c54.c44:   00007ff70ce88b76 / 0x0108b76: 00 != 47
c54.c44:   00007ff70ce88b77 / 0x0108b77: 00 != 58
c54.c44:   00007ff70ce88b78 / 0x0108b78: 00 != 58
c54.c44:   00007ff70ce88b79 / 0x0108b79: 00 != 50
c54.c44:   00007ff70ce88b7a / 0x0108b7a: 00 != 41
c54.c44:   00007ff70ce88b7b / 0x0108b7b: 00 != 44
c54.c44:   00007ff70ce88b7c / 0x0108b7c: 00 != 44
c54.c44:   00007ff70ce88b7d / 0x0108b7d: 00 != 49
c54.c44:   00007ff70ce88b7e / 0x0108b7e: 00 != 4e
c54.c44:   00007ff70ce88b7f / 0x0108b7f: 00 != 47
c54.c44:   00007ff70ce88b80 / 0x0108b80: 00 != 50
c54.c44:   00007ff70ce88b81 / 0x0108b81: 00 != 41
c54.c44:   00007ff70ce88b82 / 0x0108b82: 00 != 44
c54.c44:   00007ff70ce88b83 / 0x0108b83: 00 != 44
c54.c44:   00007ff70ce88b84 / 0x0108b84: 00 != 49
c54.c44:   00007ff70ce88b85 / 0x0108b85: 00 != 4e
c54.c44:   00007ff70ce88b86 / 0x0108b86: 00 != 47
c54.c44:   00007ff70ce88b87 / 0x0108b87: 00 != 58
c54.c44:   00007ff70ce88b88 / 0x0108b88: 00 != 58
c54.c44:   00007ff70ce88b89 / 0x0108b89: 00 != 50
c54.c44:   00007ff70ce88b8a / 0x0108b8a: 00 != 41
c54.c44:   00007ff70ce88b8b / 0x0108b8b: 00 != 44
c54.c44:   00007ff70ce88b8c / 0x0108b8c: 00 != 44
c54.c44:   00007ff70ce88b8d / 0x0108b8d: 00 != 49
c54.c44:   00007ff70ce88b8e / 0x0108b8e: 00 != 4e
c54.c44:   00007ff70ce88b8f / 0x0108b8f: 00 != 47
c54.c44:   00007ff70ce88b90 / 0x0108b90: 00 != 50
c54.c44:   00007ff70ce88b91 / 0x0108b91: 00 != 41
c54.c44:   00007ff70ce88b92 / 0x0108b92: 00 != 44
c54.c44:   00007ff70ce88b93 / 0x0108b93: 00 != 44
c54.c44:   00007ff70ce88b94 / 0x0108b94: 00 != 49
c54.c44:   00007ff70ce88b95 / 0x0108b95: 00 != 4e
c54.c44:   00007ff70ce88b96 / 0x0108b96: 00 != 47
c54.c44:   00007ff70ce88b97 / 0x0108b97: 00 != 58
c54.c44:   00007ff70ce88b98 / 0x0108b98: 00 != 58
c54.c44:   00007ff70ce88b99 / 0x0108b99: 00 != 50
c54.c44:   00007ff70ce88b9a / 0x0108b9a: 00 != 41
c54.c44:   00007ff70ce88b9b / 0x0108b9b: 00 != 44
c54.c44:   00007ff70ce88b9c / 0x0108b9c: 00 != 44
c54.c44:   00007ff70ce88b9d / 0x0108b9d: 00 != 49
c54.c44:   00007ff70ce88b9e / 0x0108b9e: 00 != 4e
c54.c44:   00007ff70ce88b9f / 0x0108b9f: 00 != 47
c54.c44:   00007ff70ce88ba0 / 0x0108ba0: 00 != 50
c54.c44:   00007ff70ce88ba1 / 0x0108ba1: 00 != 41
c54.c44:   00007ff70ce88ba2 / 0x0108ba2: 00 != 44
c54.c44:   00007ff70ce88ba3 / 0x0108ba3: 00 != 44
c54.c44:   00007ff70ce88ba4 / 0x0108ba4: 00 != 49
c54.c44:   00007ff70ce88ba5 / 0x0108ba5: 00 != 4e
c54.c44:   00007ff70ce88ba6 / 0x0108ba6: 00 != 47
c54.c44:   00007ff70ce88ba7 / 0x0108ba7: 00 != 58
c54.c44:   00007ff70ce88ba8 / 0x0108ba8: 00 != 58
c54.c44:   00007ff70ce88ba9 / 0x0108ba9: 00 != 50
c54.c44:   00007ff70ce88baa / 0x0108baa: 00 != 41
c54.c44:   00007ff70ce88bab / 0x0108bab: 00 != 44
c54.c44:   00007ff70ce88bac / 0x0108bac: 00 != 44
c54.c44:   00007ff70ce88bad / 0x0108bad: 00 != 49
c54.c44:   00007ff70ce88bae / 0x0108bae: 00 != 4e
c54.c44:   00007ff70ce88baf / 0x0108baf: 00 != 47
c54.c44:   00007ff70ce88bb0 / 0x0108bb0: 00 != 50
c54.c44:   00007ff70ce88bb1 / 0x0108bb1: 00 != 41
c54.c44:   00007ff70ce88bb2 / 0x0108bb2: 00 != 44
c54.c44:   00007ff70ce88bb3 / 0x0108bb3: 00 != 44
c54.c44:   00007ff70ce88bb4 / 0x0108bb4: 00 != 49
c54.c44:   00007ff70ce88bb5 / 0x0108bb5: 00 != 4e
c54.c44:   00007ff70ce88bb6 / 0x0108bb6: 00 != 47
c54.c44:   00007ff70ce88bb7 / 0x0108bb7: 00 != 58
c54.c44:   00007ff70ce88bb8 / 0x0108bb8: 00 != 58
c54.c44:   00007ff70ce88bb9 / 0x0108bb9: 00 != 50
c54.c44:   00007ff70ce88bba / 0x0108bba: 00 != 41
c54.c44:   00007ff70ce88bbb / 0x0108bbb: 00 != 44
c54.c44:   00007ff70ce88bbc / 0x0108bbc: 00 != 44
c54.c44:   00007ff70ce88bbd / 0x0108bbd: 00 != 49
c54.c44:   00007ff70ce88bbe / 0x0108bbe: 00 != 4e
c54.c44:   00007ff70ce88bbf / 0x0108bbf: 00 != 47
c54.c44:   00007ff70ce88bc0 / 0x0108bc0: 00 != 50
c54.c44:   00007ff70ce88bc1 / 0x0108bc1: 00 != 41
c54.c44:   00007ff70ce88bc2 / 0x0108bc2: 00 != 44
c54.c44:   00007ff70ce88bc3 / 0x0108bc3: 00 != 44
c54.c44:   00007ff70ce88bc4 / 0x0108bc4: 00 != 49
c54.c44:   00007ff70ce88bc5 / 0x0108bc5: 00 != 4e
c54.c44:   00007ff70ce88bc6 / 0x0108bc6: 00 != 47
c54.c44:   00007ff70ce88bc7 / 0x0108bc7: 00 != 58
c54.c44:   00007ff70ce88bc8 / 0x0108bc8: 00 != 58
c54.c44:   00007ff70ce88bc9 / 0x0108bc9: 00 != 50
c54.c44:   00007ff70ce88bca / 0x0108bca: 00 != 41
c54.c44:   00007ff70ce88bcb / 0x0108bcb: 00 != 44
c54.c44:   00007ff70ce88bcc / 0x0108bcc: 00 != 44
c54.c44:   00007ff70ce88bcd / 0x0108bcd: 00 != 49
c54.c44:   00007ff70ce88bce / 0x0108bce: 00 != 4e
c54.c44:   00007ff70ce88bcf / 0x0108bcf: 00 != 47
c54.c44:   00007ff70ce88bd0 / 0x0108bd0: 00 != 50
c54.c44:   00007ff70ce88bd1 / 0x0108bd1: 00 != 41
c54.c44:   00007ff70ce88bd2 / 0x0108bd2: 00 != 44
c54.c44:   00007ff70ce88bd3 / 0x0108bd3: 00 != 44
c54.c44:   00007ff70ce88bd4 / 0x0108bd4: 00 != 49
c54.c44:   00007ff70ce88bd5 / 0x0108bd5: 00 != 4e
c54.c44:   00007ff70ce88bd6 / 0x0108bd6: 00 != 47
c54.c44:   00007ff70ce88bd7 / 0x0108bd7: 00 != 58
c54.c44:   00007ff70ce88bd8 / 0x0108bd8: 00 != 58
c54.c44:   00007ff70ce88bd9 / 0x0108bd9: 00 != 50
c54.c44:   00007ff70ce88bda / 0x0108bda: 00 != 41
c54.c44:   00007ff70ce88bdb / 0x0108bdb: 00 != 44
c54.c44:   00007ff70ce88bdc / 0x0108bdc: 00 != 44
c54.c44:   00007ff70ce88bdd / 0x0108bdd: 00 != 49
c54.c44:   00007ff70ce88bde / 0x0108bde: 00 != 4e
c54.c44:   00007ff70ce88bdf / 0x0108bdf: 00 != 47
c54.c44:   00007ff70ce88be0 / 0x0108be0: 00 != 50
c54.c44:   00007ff70ce88be1 / 0x0108be1: 00 != 41
c54.c44:   00007ff70ce88be2 / 0x0108be2: 00 != 44
c54.c44:   00007ff70ce88be3 / 0x0108be3: 00 != 44
c54.c44:   00007ff70ce88be4 / 0x0108be4: 00 != 49
c54.c44:   00007ff70ce88be5 / 0x0108be5: 00 != 4e
c54.c44:   00007ff70ce88be6 / 0x0108be6: 00 != 47
c54.c44:   00007ff70ce88be7 / 0x0108be7: 00 != 58
c54.c44:   00007ff70ce88be8 / 0x0108be8: 00 != 58
c54.c44:   00007ff70ce88be9 / 0x0108be9: 00 != 50
c54.c44:   00007ff70ce88bea / 0x0108bea: 00 != 41
c54.c44:   00007ff70ce88beb / 0x0108beb: 00 != 44
c54.c44:   00007ff70ce88bec / 0x0108bec: 00 != 44
c54.c44:   00007ff70ce88bed / 0x0108bed: 00 != 49
c54.c44:   00007ff70ce88bee / 0x0108bee: 00 != 4e
c54.c44:   00007ff70ce88bef / 0x0108bef: 00 != 47
c54.c44:   00007ff70ce88bf0 / 0x0108bf0: 00 != 50
c54.c44:   00007ff70ce88bf1 / 0x0108bf1: 00 != 41
c54.c44:   00007ff70ce88bf2 / 0x0108bf2: 00 != 44
c54.c44:   00007ff70ce88bf3 / 0x0108bf3: 00 != 44
c54.c44:   00007ff70ce88bf4 / 0x0108bf4: 00 != 49
c54.c44:   00007ff70ce88bf5 / 0x0108bf5: 00 != 4e
c54.c44:   00007ff70ce88bf6 / 0x0108bf6: 00 != 47
c54.c44:   00007ff70ce88bf7 / 0x0108bf7: 00 != 58
c54.c44:   00007ff70ce88bf8 / 0x0108bf8: 00 != 58
c54.c44:   00007ff70ce88bf9 / 0x0108bf9: 00 != 50
c54.c44:   00007ff70ce88bfa / 0x0108bfa: 00 != 41
c54.c44:   00007ff70ce88bfb / 0x0108bfb: 00 != 44
c54.c44:   00007ff70ce88bfc / 0x0108bfc: 00 != 44
c54.c44:   00007ff70ce88bfd / 0x0108bfd: 00 != 49
c54.c44:   00007ff70ce88bfe / 0x0108bfe: 00 != 4e
c54.c44:   00007ff70ce88bff / 0x0108bff: 00 != 47
c54.c44:   Restored 0x490 bytes of original file content at 00007ff70ce88b70
c54.c44: '\Device\HarddiskVolume1\Windows\System32\ntdll.dll' has no imports
c54.c44: ntdll.dll: Differences in section #8 (.00cfg) between file and memory:
c54.c44:   00007ffb42615000 / 0x0185000: b0 != 00
c54.c44:   00007ffb42615001 / 0x0185001: 10 != cd
c54.c44:   00007ffb42615002 / 0x0185002: 53 != 51
c54.c44:   Restored 0x8 bytes of original file content at 00007ffb42615000
c54.c44: kernel32.dll: Differences in section #2 (.rdata) between file and memory:
c54.c44:   00007ffb40cf6640 / 0x0086640: e0 != 60
c54.c44:   00007ffb40cf6641 / 0x0086641: 8e != cc
c54.c44:   00007ffb40cf6642 / 0x0086642: c9 != 51
c54.c44:   00007ffb40cf6643 / 0x0086643: 40 != 42
c54.c44:   00007ffb40cf6649 / 0x0086649: 91 != cd
c54.c44:   00007ffb40cf664a / 0x008664a: c9 != 51
c54.c44:   00007ffb40cf664b / 0x008664b: 40 != 42
c54.c44:   Restored 0x2000 bytes of original file content at 00007ffb40cf6000
c54.c44: kernelbase.dll: Differences in section #2 (.rdata) between file and memory:
c54.c44:   00007ffb40154100 / 0x01e4100: 50 != 60
c54.c44:   00007ffb40154101 / 0x01e4101: 6c != cc
c54.c44:   00007ffb40154102 / 0x01e4102: 02 != 51
c54.c44:   00007ffb40154103 / 0x01e4103: 40 != 42
c54.c44:   00007ffb40154109 / 0x01e4109: 70 != cd
c54.c44:   00007ffb4015410a / 0x01e410a: 02 != 51
c54.c44:   00007ffb4015410b / 0x01e410b: 40 != 42
c54.c44:   Restored 0x2000 bytes of original file content at 00007ffb40154000
c54.c44: supHardNtVpCheckHandles:
c54.c44: supR3HardenedWinInit: SUPHARDNTVPKIND_SELF_PURIFICATION_LIMITED -> VINF_SUCCESS, cFixes=5
c54.c44: '\Device\HarddiskVolume1\Program Files\Oracle\VirtualBox\VirtualBoxVM.exe' has no imports
c54.c44: supHardenedWinVerifyImageByHandle: -> 0 (\Device\HarddiskVolume1\Program Files\Oracle\VirtualBox\VirtualBoxVM.exe)
c54.c44: supR3HardNtEnableThreadCreationEx:
c54.c44: supR3HardNtDisableThreadCreation: pvLdrInitThunk=00007ffb42505c10 pvNtTerminateThread=00007ffb4252dff0 g_LdrInitThunkSelfBackup.cb=10
c54.c44: supR3HardenedWinDoReSpawn(1): New child 1c6c.cac [kernel32].
c54.c44: supR3HardNtChildGatherData: PebBaseAddress=00000045629f6000 cbPeb=0x388
c54.c44: supR3HardNtPuChFindNtdll: uNtDllParentAddr=00007ffb42490000 uNtDllChildAddr=00007ffb42490000
c54.c44: supR3HardenedWinSetupChildInit: uLdrInitThunk=00007ffb42505c10
c54.c44: supR3HardenedWinSetupChildInit: Initial context:
  rax=0000000000000000 rbx=0000000000000000 rcx=00007ff70cd8c2b0 rdx=00000045629f6000
  rsi=0000000000000000 rdi=0000000000000000 r8 =0000000000000000 r9 =0000000000000000
  r10=0000000000000000 r11=0000000000000000 r12=0000000000000000 r13=0000000000000000
  r14=0000000000000000 r15=0000000000000000  P1=0000000000000000  P2=0000000000000000
  rip=00007ffb424dcc70 rsp=000000456275fe98 rbp=0000000000000000    ctxflags=0010001b
  cs=0033 ss=002b ds=0000 es=0000 fs=0000 gs=0000    eflags=00000200   mxcrx=00001f80
   P3=0000000000000000  P4=0000000000000000  P5=0000000000000000  P6=0000000000000000
  dr0=0000000000000000 dr1=0000000000000000 dr2=0000000000000000 dr3=0000000000000000
  dr6=0000000000000000 dr7=0000000000000000 vcr=0000000000000000 dcr=0000000000000000
  lbt=0000000000000000 lbf=0000000000000000 lxt=0000000000000000 lxf=0000000000000000
c54.c44: supR3HardenedWinSetupChildInit: Start child.
c54.c44: supR3HardNtChildWaitFor: Found expected request 0 (PurifyChildAndCloseHandles) after 1 ms.
c54.c44: supR3HardNtChildPurify: Startup delay kludge #1/0: 263 ms, 17 sleeps
c54.c44: supHardNtVpScanVirtualMemory: enmKind=CHILD_PURIFICATION
c54.c44:  *0000000000000000-000000007ffdffff 0x0001/0x0000 0x0000000
c54.c44:  *000000007ffe0000-000000007ffe0fff 0x0002/0x0002 0x0020000
c54.c44:   000000007ffe1000-000000007ffe2fff 0x0001/0x0000 0x0000000
c54.c44:  *000000007ffe3000-000000007ffe3fff 0x0002/0x0002 0x0020000
c54.c44:   000000007ffe4000-000000456265ffff 0x0001/0x0000 0x0000000
c54.c44:  *0000004562660000-000000456275afff 0x0000/0x0004 0x0020000
c54.c44:   000000456275b000-000000456275dfff 0x0104/0x0004 0x0020000
c54.c44:   000000456275e000-000000456275ffff 0x0004/0x0004 0x0020000
c54.c44:   0000004562760000-00000045627fffff 0x0001/0x0000 0x0000000
c54.c44:  *0000004562800000-00000045629f5fff 0x0000/0x0004 0x0020000
c54.c44:   00000045629f6000-00000045629f8fff 0x0004/0x0004 0x0020000
c54.c44:   00000045629f9000-00000045629fffff 0x0000/0x0004 0x0020000
c54.c44:   0000004562a00000-000001e64377ffff 0x0001/0x0000 0x0000000
c54.c44:  *000001e643780000-000001e64379ffff 0x0004/0x0004 0x0020000
c54.c44:  *000001e6437a0000-000001e6437bcfff 0x0002/0x0002 0x0040000
c54.c44:   000001e6437bd000-000001e6437bffff 0x0001/0x0000 0x0000000
c54.c44:  *000001e6437c0000-000001e6437c3fff 0x0002/0x0002 0x0040000
c54.c44:   000001e6437c4000-000001e6437cffff 0x0001/0x0000 0x0000000
c54.c44:  *000001e6437d0000-000001e6437d0fff 0x0002/0x0002 0x0040000
c54.c44:   000001e6437d1000-000001e6437dffff 0x0001/0x0000 0x0000000
c54.c44:  *000001e6437e0000-000001e6437e1fff 0x0004/0x0004 0x0020000
c54.c44:   000001e6437e2000-00007df5179effff 0x0001/0x0000 0x0000000
c54.c44:  *00007df5179f0000-00007df5179f0fff 0x0002/0x0002 0x0040000
c54.c44:   00007df5179f1000-00007df5179fffff 0x0001/0x0000 0x0000000
c54.c44:  *00007df517a00000-00007df517a22fff 0x0002/0x0002 0x0040000
c54.c44:   00007df517a23000-00007df517a2ffff 0x0001/0x0000 0x0000000
c54.c44:  *00007df517a30000-00007df5192c6fff 0x0000/0x0001 0x0040000
c54.c44:   00007df5192c7000-00007df51939dfff 0x0001/0x0001 0x0040000
c54.c44:   00007df51939e000-00007df519816fff 0x0000/0x0001 0x0040000
c54.c44:   00007df519817000-00007df519817fff 0x0001/0x0001 0x0040000
c54.c44:   00007df519818000-00007ff4f3d65fff 0x0000/0x0001 0x0040000
c54.c44:   00007ff4f3d66000-00007ff4f3d6afff 0x0002/0x0001 0x0040000
c54.c44:   00007ff4f3d6b000-00007ff502f1ffff 0x0000/0x0001 0x0040000
c54.c44:   00007ff502f20000-00007ff504ac1fff 0x0001/0x0001 0x0040000
c54.c44:   00007ff504ac2000-00007ff504acafff 0x0002/0x0001 0x0040000
c54.c44:   00007ff504acb000-00007ff517a2ffff 0x0000/0x0001 0x0040000
c54.c44:   00007ff517a30000-00007ff70cd7ffff 0x0001/0x0000 0x0000000
c54.c44:  *00007ff70cd80000-00007ff70cd80fff 0x0002/0x0080 0x1000000  \Device\HarddiskVolume1\Program Files\Oracle\VirtualBox\VirtualBoxVM.exe
c54.c44:   00007ff70cd81000-00007ff70cdecfff 0x0020/0x0080 0x1000000  \Device\HarddiskVolume1\Program Files\Oracle\VirtualBox\VirtualBoxVM.exe
c54.c44:   00007ff70cded000-00007ff70cdedfff 0x0080/0x0080 0x1000000  \Device\HarddiskVolume1\Program Files\Oracle\VirtualBox\VirtualBoxVM.exe
c54.c44:   00007ff70cdee000-00007ff70ce42fff 0x0002/0x0080 0x1000000  \Device\HarddiskVolume1\Program Files\Oracle\VirtualBox\VirtualBoxVM.exe
c54.c44:   00007ff70ce43000-00007ff70ce43fff 0x0004/0x0080 0x1000000  \Device\HarddiskVolume1\Program Files\Oracle\VirtualBox\VirtualBoxVM.exe
c54.c44:   00007ff70ce44000-00007ff70ce44fff 0x0008/0x0080 0x1000000  \Device\HarddiskVolume1\Program Files\Oracle\VirtualBox\VirtualBoxVM.exe
c54.c44:   00007ff70ce45000-00007ff70ce49fff 0x0004/0x0080 0x1000000  \Device\HarddiskVolume1\Program Files\Oracle\VirtualBox\VirtualBoxVM.exe
c54.c44:   00007ff70ce4a000-00007ff70ce4ffff 0x0008/0x0080 0x1000000  \Device\HarddiskVolume1\Program Files\Oracle\VirtualBox\VirtualBoxVM.exe
c54.c44:   00007ff70ce50000-00007ff70ce8afff 0x0002/0x0080 0x1000000  \Device\HarddiskVolume1\Program Files\Oracle\VirtualBox\VirtualBoxVM.exe
c54.c44:   00007ff70ce8b000-00007ffb4248ffff 0x0001/0x0000 0x0000000
c54.c44:  *00007ffb42490000-00007ffb42490fff 0x0002/0x0080 0x1000000  \Device\HarddiskVolume1\Windows\System32\ntdll.dll
c54.c44:   00007ffb42491000-00007ffb425acfff 0x0020/0x0080 0x1000000  \Device\HarddiskVolume1\Windows\System32\ntdll.dll
c54.c44:   00007ffb425ad000-00007ffb425f5fff 0x0002/0x0080 0x1000000  \Device\HarddiskVolume1\Windows\System32\ntdll.dll
c54.c44:   00007ffb425f6000-00007ffb42601fff 0x0008/0x0080 0x1000000  \Device\HarddiskVolume1\Windows\System32\ntdll.dll
c54.c44:   00007ffb42602000-00007ffb42610fff 0x0002/0x0080 0x1000000  \Device\HarddiskVolume1\Windows\System32\ntdll.dll
c54.c44:   00007ffb42611000-00007ffb42611fff 0x0004/0x0080 0x1000000  \Device\HarddiskVolume1\Windows\System32\ntdll.dll
c54.c44:   00007ffb42612000-00007ffb42614fff 0x0008/0x0080 0x1000000  \Device\HarddiskVolume1\Windows\System32\ntdll.dll
c54.c44:   00007ffb42615000-00007ffb42687fff 0x0002/0x0080 0x1000000  \Device\HarddiskVolume1\Windows\System32\ntdll.dll
c54.c44:   00007ffb42688000-00007ffffffeffff 0x0001/0x0000 0x0000000
c54.c44: VirtualBoxVM.exe: Differences in section #8 (.rsrc) between file and memory:
c54.c44:   00007ff70ce88b70 / 0x0108b70: 00 != 50
c54.c44:   00007ff70ce88b71 / 0x0108b71: 00 != 41
c54.c44:   00007ff70ce88b72 / 0x0108b72: 00 != 44
c54.c44:   00007ff70ce88b73 / 0x0108b73: 00 != 44
c54.c44:   00007ff70ce88b74 / 0x0108b74: 00 != 49
c54.c44:   00007ff70ce88b75 / 0x0108b75: 00 != 4e
c54.c44:   00007ff70ce88b76 / 0x0108b76: 00 != 47
c54.c44:   00007ff70ce88b77 / 0x0108b77: 00 != 58
c54.c44:   00007ff70ce88b78 / 0x0108b78: 00 != 58
c54.c44:   00007ff70ce88b79 / 0x0108b79: 00 != 50
c54.c44:   00007ff70ce88b7a / 0x0108b7a: 00 != 41
c54.c44:   00007ff70ce88b7b / 0x0108b7b: 00 != 44
c54.c44:   00007ff70ce88b7c / 0x0108b7c: 00 != 44
c54.c44:   00007ff70ce88b7d / 0x0108b7d: 00 != 49
c54.c44:   00007ff70ce88b7e / 0x0108b7e: 00 != 4e
c54.c44:   00007ff70ce88b7f / 0x0108b7f: 00 != 47
c54.c44:   00007ff70ce88b80 / 0x0108b80: 00 != 50
c54.c44:   00007ff70ce88b81 / 0x0108b81: 00 != 41
c54.c44:   00007ff70ce88b82 / 0x0108b82: 00 != 44
c54.c44:   00007ff70ce88b83 / 0x0108b83: 00 != 44
c54.c44:   00007ff70ce88b84 / 0x0108b84: 00 != 49
c54.c44:   00007ff70ce88b85 / 0x0108b85: 00 != 4e
c54.c44:   00007ff70ce88b86 / 0x0108b86: 00 != 47
c54.c44:   00007ff70ce88b87 / 0x0108b87: 00 != 58
c54.c44:   00007ff70ce88b88 / 0x0108b88: 00 != 58
c54.c44:   00007ff70ce88b89 / 0x0108b89: 00 != 50
c54.c44:   00007ff70ce88b8a / 0x0108b8a: 00 != 41
c54.c44:   00007ff70ce88b8b / 0x0108b8b: 00 != 44
c54.c44:   00007ff70ce88b8c / 0x0108b8c: 00 != 44
c54.c44:   00007ff70ce88b8d / 0x0108b8d: 00 != 49
c54.c44:   00007ff70ce88b8e / 0x0108b8e: 00 != 4e
c54.c44:   00007ff70ce88b8f / 0x0108b8f: 00 != 47
c54.c44:   00007ff70ce88b90 / 0x0108b90: 00 != 50
c54.c44:   00007ff70ce88b91 / 0x0108b91: 00 != 41
c54.c44:   00007ff70ce88b92 / 0x0108b92: 00 != 44
c54.c44:   00007ff70ce88b93 / 0x0108b93: 00 != 44
c54.c44:   00007ff70ce88b94 / 0x0108b94: 00 != 49
c54.c44:   00007ff70ce88b95 / 0x0108b95: 00 != 4e
c54.c44:   00007ff70ce88b96 / 0x0108b96: 00 != 47
c54.c44:   00007ff70ce88b97 / 0x0108b97: 00 != 58
c54.c44:   00007ff70ce88b98 / 0x0108b98: 00 != 58
c54.c44:   00007ff70ce88b99 / 0x0108b99: 00 != 50
c54.c44:   00007ff70ce88b9a / 0x0108b9a: 00 != 41
c54.c44:   00007ff70ce88b9b / 0x0108b9b: 00 != 44
c54.c44:   00007ff70ce88b9c / 0x0108b9c: 00 != 44
c54.c44:   00007ff70ce88b9d / 0x0108b9d: 00 != 49
c54.c44:   00007ff70ce88b9e / 0x0108b9e: 00 != 4e
c54.c44:   00007ff70ce88b9f / 0x0108b9f: 00 != 47
c54.c44:   00007ff70ce88ba0 / 0x0108ba0: 00 != 50
c54.c44:   00007ff70ce88ba1 / 0x0108ba1: 00 != 41
c54.c44:   00007ff70ce88ba2 / 0x0108ba2: 00 != 44
c54.c44:   00007ff70ce88ba3 / 0x0108ba3: 00 != 44
c54.c44:   00007ff70ce88ba4 / 0x0108ba4: 00 != 49
c54.c44:   00007ff70ce88ba5 / 0x0108ba5: 00 != 4e
c54.c44:   00007ff70ce88ba6 / 0x0108ba6: 00 != 47
c54.c44:   00007ff70ce88ba7 / 0x0108ba7: 00 != 58
c54.c44:   00007ff70ce88ba8 / 0x0108ba8: 00 != 58
c54.c44:   00007ff70ce88ba9 / 0x0108ba9: 00 != 50
c54.c44:   00007ff70ce88baa / 0x0108baa: 00 != 41
c54.c44:   00007ff70ce88bab / 0x0108bab: 00 != 44
c54.c44:   00007ff70ce88bac / 0x0108bac: 00 != 44
c54.c44:   00007ff70ce88bad / 0x0108bad: 00 != 49
c54.c44:   00007ff70ce88bae / 0x0108bae: 00 != 4e
c54.c44:   00007ff70ce88baf / 0x0108baf: 00 != 47
c54.c44:   00007ff70ce88bb0 / 0x0108bb0: 00 != 50
c54.c44:   00007ff70ce88bb1 / 0x0108bb1: 00 != 41
c54.c44:   00007ff70ce88bb2 / 0x0108bb2: 00 != 44
c54.c44:   00007ff70ce88bb3 / 0x0108bb3: 00 != 44
c54.c44:   00007ff70ce88bb4 / 0x0108bb4: 00 != 49
c54.c44:   00007ff70ce88bb5 / 0x0108bb5: 00 != 4e
c54.c44:   00007ff70ce88bb6 / 0x0108bb6: 00 != 47
c54.c44:   00007ff70ce88bb7 / 0x0108bb7: 00 != 58
c54.c44:   00007ff70ce88bb8 / 0x0108bb8: 00 != 58
c54.c44:   00007ff70ce88bb9 / 0x0108bb9: 00 != 50
c54.c44:   00007ff70ce88bba / 0x0108bba: 00 != 41
c54.c44:   00007ff70ce88bbb / 0x0108bbb: 00 != 44
c54.c44:   00007ff70ce88bbc / 0x0108bbc: 00 != 44
c54.c44:   00007ff70ce88bbd / 0x0108bbd: 00 != 49
c54.c44:   00007ff70ce88bbe / 0x0108bbe: 00 != 4e
c54.c44:   00007ff70ce88bbf / 0x0108bbf: 00 != 47
c54.c44:   00007ff70ce88bc0 / 0x0108bc0: 00 != 50
c54.c44:   00007ff70ce88bc1 / 0x0108bc1: 00 != 41
c54.c44:   00007ff70ce88bc2 / 0x0108bc2: 00 != 44
c54.c44:   00007ff70ce88bc3 / 0x0108bc3: 00 != 44
c54.c44:   00007ff70ce88bc4 / 0x0108bc4: 00 != 49
c54.c44:   00007ff70ce88bc5 / 0x0108bc5: 00 != 4e
c54.c44:   00007ff70ce88bc6 / 0x0108bc6: 00 != 47
c54.c44:   00007ff70ce88bc7 / 0x0108bc7: 00 != 58
c54.c44:   00007ff70ce88bc8 / 0x0108bc8: 00 != 58
c54.c44:   00007ff70ce88bc9 / 0x0108bc9: 00 != 50
c54.c44:   00007ff70ce88bca / 0x0108bca: 00 != 41
c54.c44:   00007ff70ce88bcb / 0x0108bcb: 00 != 44
c54.c44:   00007ff70ce88bcc / 0x0108bcc: 00 != 44
c54.c44:   00007ff70ce88bcd / 0x0108bcd: 00 != 49
c54.c44:   00007ff70ce88bce / 0x0108bce: 00 != 4e
c54.c44:   00007ff70ce88bcf / 0x0108bcf: 00 != 47
c54.c44:   00007ff70ce88bd0 / 0x0108bd0: 00 != 50
c54.c44:   00007ff70ce88bd1 / 0x0108bd1: 00 != 41
c54.c44:   00007ff70ce88bd2 / 0x0108bd2: 00 != 44
c54.c44:   00007ff70ce88bd3 / 0x0108bd3: 00 != 44
c54.c44:   00007ff70ce88bd4 / 0x0108bd4: 00 != 49
c54.c44:   00007ff70ce88bd5 / 0x0108bd5: 00 != 4e
c54.c44:   00007ff70ce88bd6 / 0x0108bd6: 00 != 47
c54.c44:   00007ff70ce88bd7 / 0x0108bd7: 00 != 58
c54.c44:   00007ff70ce88bd8 / 0x0108bd8: 00 != 58
c54.c44:   00007ff70ce88bd9 / 0x0108bd9: 00 != 50
c54.c44:   00007ff70ce88bda / 0x0108bda: 00 != 41
c54.c44:   00007ff70ce88bdb / 0x0108bdb: 00 != 44
c54.c44:   00007ff70ce88bdc / 0x0108bdc: 00 != 44
c54.c44:   00007ff70ce88bdd / 0x0108bdd: 00 != 49
c54.c44:   00007ff70ce88bde / 0x0108bde: 00 != 4e
c54.c44:   00007ff70ce88bdf / 0x0108bdf: 00 != 47
c54.c44:   00007ff70ce88be0 / 0x0108be0: 00 != 50
c54.c44:   00007ff70ce88be1 / 0x0108be1: 00 != 41
c54.c44:   00007ff70ce88be2 / 0x0108be2: 00 != 44
c54.c44:   00007ff70ce88be3 / 0x0108be3: 00 != 44
c54.c44:   00007ff70ce88be4 / 0x0108be4: 00 != 49
c54.c44:   00007ff70ce88be5 / 0x0108be5: 00 != 4e
c54.c44:   00007ff70ce88be6 / 0x0108be6: 00 != 47
c54.c44:   00007ff70ce88be7 / 0x0108be7: 00 != 58
c54.c44:   00007ff70ce88be8 / 0x0108be8: 00 != 58
c54.c44:   00007ff70ce88be9 / 0x0108be9: 00 != 50
c54.c44:   00007ff70ce88bea / 0x0108bea: 00 != 41
c54.c44:   00007ff70ce88beb / 0x0108beb: 00 != 44
c54.c44:   00007ff70ce88bec / 0x0108bec: 00 != 44
c54.c44:   00007ff70ce88bed / 0x0108bed: 00 != 49
c54.c44:   00007ff70ce88bee / 0x0108bee: 00 != 4e
c54.c44:   00007ff70ce88bef / 0x0108bef: 00 != 47
c54.c44:   00007ff70ce88bf0 / 0x0108bf0: 00 != 50
c54.c44:   00007ff70ce88bf1 / 0x0108bf1: 00 != 41
c54.c44:   00007ff70ce88bf2 / 0x0108bf2: 00 != 44
c54.c44:   00007ff70ce88bf3 / 0x0108bf3: 00 != 44
c54.c44:   00007ff70ce88bf4 / 0x0108bf4: 00 != 49
c54.c44:   00007ff70ce88bf5 / 0x0108bf5: 00 != 4e
c54.c44:   00007ff70ce88bf6 / 0x0108bf6: 00 != 47
c54.c44:   00007ff70ce88bf7 / 0x0108bf7: 00 != 58
c54.c44:   00007ff70ce88bf8 / 0x0108bf8: 00 != 58
c54.c44:   00007ff70ce88bf9 / 0x0108bf9: 00 != 50
c54.c44:   00007ff70ce88bfa / 0x0108bfa: 00 != 41
c54.c44:   00007ff70ce88bfb / 0x0108bfb: 00 != 44
c54.c44:   00007ff70ce88bfc / 0x0108bfc: 00 != 44
c54.c44:   00007ff70ce88bfd / 0x0108bfd: 00 != 49
c54.c44:   00007ff70ce88bfe / 0x0108bfe: 00 != 4e
c54.c44:   00007ff70ce88bff / 0x0108bff: 00 != 47
c54.c44:   Restored 0x490 bytes of original file content at 00007ff70ce88b70
c54.c44: supR3HardNtChildPurify: cFixes=1 g_fSupAdversaries=0x80000000
c54.c44: supR3HardNtChildPurify: Startup delay kludge #1/1: 513 ms, 33 sleeps
c54.c44: supHardNtVpScanVirtualMemory: enmKind=CHILD_PURIFICATION
c54.c44:  *0000000000000000-000000007ffdffff 0x0001/0x0000 0x0000000
c54.c44:  *000000007ffe0000-000000007ffe0fff 0x0002/0x0002 0x0020000
c54.c44:   000000007ffe1000-000000007ffe2fff 0x0001/0x0000 0x0000000
c54.c44:  *000000007ffe3000-000000007ffe3fff 0x0002/0x0002 0x0020000
c54.c44:   000000007ffe4000-000000456265ffff 0x0001/0x0000 0x0000000
c54.c44:  *0000004562660000-000000456275afff 0x0000/0x0004 0x0020000
c54.c44:   000000456275b000-000000456275dfff 0x0104/0x0004 0x0020000
c54.c44:   000000456275e000-000000456275ffff 0x0004/0x0004 0x0020000
c54.c44:   0000004562760000-00000045627fffff 0x0001/0x0000 0x0000000
c54.c44:  *0000004562800000-00000045629f5fff 0x0000/0x0004 0x0020000
c54.c44:   00000045629f6000-00000045629f8fff 0x0004/0x0004 0x0020000
c54.c44:   00000045629f9000-00000045629fffff 0x0000/0x0004 0x0020000
c54.c44:   0000004562a00000-000001e64377ffff 0x0001/0x0000 0x0000000
c54.c44:  *000001e643780000-000001e64379ffff 0x0004/0x0004 0x0020000
c54.c44:  *000001e6437a0000-000001e6437bcfff 0x0002/0x0002 0x0040000
c54.c44:   000001e6437bd000-000001e6437bffff 0x0001/0x0000 0x0000000
c54.c44:  *000001e6437c0000-000001e6437c3fff 0x0002/0x0002 0x0040000
c54.c44:   000001e6437c4000-000001e6437cffff 0x0001/0x0000 0x0000000
c54.c44:  *000001e6437d0000-000001e6437d0fff 0x0002/0x0002 0x0040000
c54.c44:   000001e6437d1000-000001e6437dffff 0x0001/0x0000 0x0000000
c54.c44:  *000001e6437e0000-000001e6437e1fff 0x0004/0x0004 0x0020000
c54.c44:   000001e6437e2000-00007df5179effff 0x0001/0x0000 0x0000000
c54.c44:  *00007df5179f0000-00007df5179f0fff 0x0002/0x0002 0x0040000
c54.c44:   00007df5179f1000-00007df5179fffff 0x0001/0x0000 0x0000000
c54.c44:  *00007df517a00000-00007df517a22fff 0x0002/0x0002 0x0040000
c54.c44:   00007df517a23000-00007df517a2ffff 0x0001/0x0000 0x0000000
c54.c44:  *00007df517a30000-00007df5192c6fff 0x0000/0x0001 0x0040000
c54.c44:   00007df5192c7000-00007df51939dfff 0x0001/0x0001 0x0040000
c54.c44:   00007df51939e000-00007df519816fff 0x0000/0x0001 0x0040000
c54.c44:   00007df519817000-00007df519817fff 0x0001/0x0001 0x0040000
c54.c44:   00007df519818000-00007ff4f3d65fff 0x0000/0x0001 0x0040000
c54.c44:   00007ff4f3d66000-00007ff4f3d6afff 0x0002/0x0001 0x0040000
c54.c44:   00007ff4f3d6b000-00007ff502f1ffff 0x0000/0x0001 0x0040000
c54.c44:   00007ff502f20000-00007ff504ac1fff 0x0001/0x0001 0x0040000
c54.c44:   00007ff504ac2000-00007ff504acafff 0x0002/0x0001 0x0040000
c54.c44:   00007ff504acb000-00007ff517a2ffff 0x0000/0x0001 0x0040000
c54.c44:   00007ff517a30000-00007ff70cd7ffff 0x0001/0x0000 0x0000000
c54.c44:  *00007ff70cd80000-00007ff70cd80fff 0x0002/0x0080 0x1000000  \Device\HarddiskVolume1\Program Files\Oracle\VirtualBox\VirtualBoxVM.exe
c54.c44:   00007ff70cd81000-00007ff70cdecfff 0x0020/0x0080 0x1000000  \Device\HarddiskVolume1\Program Files\Oracle\VirtualBox\VirtualBoxVM.exe
c54.c44:   00007ff70cded000-00007ff70cdedfff 0x0040/0x0080 0x1000000  \Device\HarddiskVolume1\Program Files\Oracle\VirtualBox\VirtualBoxVM.exe
c54.c44:   00007ff70cdee000-00007ff70ce42fff 0x0002/0x0080 0x1000000  \Device\HarddiskVolume1\Program Files\Oracle\VirtualBox\VirtualBoxVM.exe
c54.c44:   00007ff70ce43000-00007ff70ce4ffff 0x0004/0x0080 0x1000000  \Device\HarddiskVolume1\Program Files\Oracle\VirtualBox\VirtualBoxVM.exe
c54.c44:   00007ff70ce50000-00007ff70ce8afff 0x0002/0x0080 0x1000000  \Device\HarddiskVolume1\Program Files\Oracle\VirtualBox\VirtualBoxVM.exe
c54.c44:   00007ff70ce8b000-00007ffb4248ffff 0x0001/0x0000 0x0000000
c54.c44:  *00007ffb42490000-00007ffb42490fff 0x0002/0x0080 0x1000000  \Device\HarddiskVolume1\Windows\System32\ntdll.dll
c54.c44:   00007ffb42491000-00007ffb425acfff 0x0020/0x0080 0x1000000  \Device\HarddiskVolume1\Windows\System32\ntdll.dll
c54.c44:   00007ffb425ad000-00007ffb425f5fff 0x0002/0x0080 0x1000000  \Device\HarddiskVolume1\Windows\System32\ntdll.dll
c54.c44:   00007ffb425f6000-00007ffb425f9fff 0x0008/0x0080 0x1000000  \Device\HarddiskVolume1\Windows\System32\ntdll.dll
c54.c44:   00007ffb425fa000-00007ffb42601fff 0x0004/0x0080 0x1000000  \Device\HarddiskVolume1\Windows\System32\ntdll.dll
c54.c44:   00007ffb42602000-00007ffb42610fff 0x0002/0x0080 0x1000000  \Device\HarddiskVolume1\Windows\System32\ntdll.dll
c54.c44:   00007ffb42611000-00007ffb42611fff 0x0004/0x0080 0x1000000  \Device\HarddiskVolume1\Windows\System32\ntdll.dll
c54.c44:   00007ffb42612000-00007ffb42614fff 0x0008/0x0080 0x1000000  \Device\HarddiskVolume1\Windows\System32\ntdll.dll
c54.c44:   00007ffb42615000-00007ffb42687fff 0x0002/0x0080 0x1000000  \Device\HarddiskVolume1\Windows\System32\ntdll.dll
c54.c44:   00007ffb42688000-00007ffffffeffff 0x0001/0x0000 0x0000000
c54.c44: supR3HardNtChildPurify: Done after 793 ms and 1 fixes (loop #1).
1c6c.cac: Log file opened: 7.2.14r174565 g_hStartupLog=0000000000000004 g_uNtVerCombined=0xa04a6500
1c6c.cac: supR3HardenedVmProcessInit: uNtDllAddr=00007ffb42490000 g_uNtVerCombined=0xa04a6500 (stack ~000000456275ec50)
1c6c.cac: ntdll.dll: timestamp 0x7ec9c15d (rc=VINF_SUCCESS)
1c6c.cac: New simple heap: #1 000001e6438f0000 LB 0x400000 (for 2064384 allocation)
c54.c44: supR3HardNtEnableThreadCreationEx:
1c6c.cac: supR3HardenedWinInitAppBin(0x0): '\Device\HarddiskVolume1\Program Files\Oracle\VirtualBox'
1c6c.cac: System32:  \Device\HarddiskVolume1\Windows\System32
1c6c.cac: WinSxS:    \Device\HarddiskVolume1\Windows\WinSxS
1c6c.cac: KnownDllPath: C:\Windows\System32
1c6c.cac: supR3HardenedVmProcessInit: Opening vboxsup stub...
1c6c.cac: supR3HardenedVmProcessInit: Restoring LdrInitializeThunk...
1c6c.cac: supR3HardenedVmProcessInit: Returning to LdrInitializeThunk...
1c6c.cac: Registered Dll notification callback with NTDLL.
1c6c.cac: supHardenedWinVerifyImageByHandle: -> 0 (\Device\HarddiskVolume1\Windows\System32\kernel32.dll)
1c6c.cac: supR3HardenedWinVerifyCacheInsert: \Device\HarddiskVolume1\Windows\System32\kernel32.dll
1c6c.cac: supR3HardenedMonitor_LdrLoadDll: pName=C:\Windows\System32\KERNEL32.DLL (Input=KERNEL32.DLL, rcNtResolve=0xc0150008) *pfFlags=0xffffffff pwszSearchPath=0000000000004001:<flags> [calling]
1c6c.cac: supR3HardenedDllNotificationCallback: load   00007ffb3ff70000 LB 0x002f6000 C:\Windows\System32\KERNELBASE.dll [fFlags=0x0]
1c6c.cac: supHardenedWinVerifyImageByHandle: -> 0 (\Device\HarddiskVolume1\Windows\System32\KernelBase.dll)
1c6c.cac: supR3HardenedWinVerifyCacheInsert: \Device\HarddiskVolume1\Windows\System32\KernelBase.dll
1c6c.cac: supR3HardenedDllNotificationCallback: load   00007ffb40c70000 LB 0x000c2000 C:\Windows\System32\KERNEL32.DLL [fFlags=0x0]
1c6c.cac: supR3HardenedScreenImage/LdrLoadDll: cache hit (VINF_SUCCESS) on \Device\HarddiskVolume1\Windows\System32\kernel32.dll [lacks WinVerifyTrust]
1c6c.cac: supR3HardenedMonitor_LdrLoadDll: returns rcNt=0x0 hMod=00007ffb40c70000 'C:\Windows\System32\KERNEL32.DLL'
1c6c.cac: supR3HardenedDllNotificationCallback: load   00007ff70cd80000 LB 0x0010b000 C:\Program Files\Oracle\VirtualBox\VirtualBoxVM.exe [fFlags=0x0]
1c6c.cac: '\Device\HarddiskVolume1\Program Files\Oracle\VirtualBox\VirtualBoxVM.exe' has no imports
1c6c.cac: supHardenedWinVerifyImageByHandle: -> 0 (\Device\HarddiskVolume1\Program Files\Oracle\VirtualBox\VirtualBoxVM.exe)
1c6c.cac: supR3HardenedWinVerifyCacheInsert: \Device\HarddiskVolume1\Program Files\Oracle\VirtualBox\VirtualBoxVM.exe
1c6c.cac: supR3HardNtDisableThreadCreation: pvLdrInitThunk=00007ffb42505c10 pvNtTerminateThread=00007ffb4252dff0 g_LdrInitThunkSelfBackup.cb=0
1c6c.cac: supR3HardNtDisableThreadCreationEx: Backup=40 53 48 83 ec 20 48 8b d9 e8 1a 00 00 00 b2 01
1c6c.cac: \SystemRoot\System32\ntdll.dll:
c54.c44: supR3HardNtChildWaitFor: Found expected request 1 (CloseEvents) after 90 ms.
1c6c.cac:     CreationTime:    2026-05-23T21:10:09.629567700Z
1c6c.cac:     LastWriteTime:   2026-05-23T21:10:09.682935600Z
1c6c.cac:     ChangeTime:      2026-05-23T21:17:06.702481900Z
1c6c.cac:     FileAttributes:  0x20
1c6c.cac:     Size:            0x1ef7b8
1c6c.cac:     NT Headers:      0xe8
1c6c.cac:     Timestamp:       0x7ec9c15d
1c6c.cac:     Machine:         0x8664 - amd64
1c6c.cac:     Timestamp:       0x7ec9c15d
1c6c.cac:     Image Version:   10.0
1c6c.cac:     SizeOfImage:     0x1f8000 (2064384)
1c6c.cac:     Resource Dir:    0x186000 LB 0x70508
1c6c.cac:     [Version info resource found at 0xd8! (ID/Name: 0x1; SubID/SubName: 0x409)]
1c6c.cac:     [Raw version resource data: 0x1860f0 LB 0x380, codepage 0x0 (reserved 0x0)]
1c6c.cac:     ProductName:     Microsoft® Windows® Operating System
1c6c.cac:     ProductVersion:  10.0.19041.6456
1c6c.cac:     FileVersion:     10.0.19041.6456 (WinBuild.160101.0800)
1c6c.cac:     FileDescription: NT Layer DLL
1c6c.cac: \SystemRoot\System32\kernel32.dll:
1c6c.cac:     CreationTime:    2026-05-23T21:10:25.605244800Z
1c6c.cac:     LastWriteTime:   2026-05-23T21:10:25.620866300Z
1c6c.cac:     ChangeTime:      2026-05-23T21:17:06.577510800Z
1c6c.cac:     FileAttributes:  0x20
1c6c.cac:     Size:            0xbf568
1c6c.cac:     NT Headers:      0xf8
1c6c.cac:     Timestamp:       0xeee0fc1a
1c6c.cac:     Machine:         0x8664 - amd64
1c6c.cac:     Timestamp:       0xeee0fc1a
1c6c.cac:     Image Version:   10.0
1c6c.cac:     SizeOfImage:     0xc2000 (794624)
1c6c.cac:     Resource Dir:    0xc0000 LB 0x520
1c6c.cac:     [Version info resource found at 0x90! (ID/Name: 0x1; SubID/SubName: 0x409)]
1c6c.cac:     [Raw version resource data: 0xc00b0 LB 0x3a4, codepage 0x0 (reserved 0x0)]
1c6c.cac:     ProductName:     Microsoft® Windows® Operating System
1c6c.cac:     ProductVersion:  10.0.19041.5915
1c6c.cac:     FileVersion:     10.0.19041.5915 (WinBuild.160101.0800)
1c6c.cac:     FileDescription: Windows NT BASE API Client DLL
1c6c.cac: \SystemRoot\System32\KernelBase.dll:
1c6c.cac:     CreationTime:    2026-05-23T21:10:10.842290200Z
1c6c.cac:     LastWriteTime:   2026-05-23T21:10:10.968660300Z
1c6c.cac:     ChangeTime:      2026-05-23T21:17:06.671238800Z
1c6c.cac:     FileAttributes:  0x20
1c6c.cac:     Size:            0x2f7a40
1c6c.cac:     NT Headers:      0x100
1c6c.cac:     Timestamp:       0x56511854
1c6c.cac:     Machine:         0x8664 - amd64
1c6c.cac:     Timestamp:       0x56511854
1c6c.cac:     Image Version:   10.0
1c6c.cac:     SizeOfImage:     0x2f6000 (3104768)
1c6c.cac:     Resource Dir:    0x2cc000 LB 0x548
1c6c.cac:     [Version info resource found at 0x90! (ID/Name: 0x1; SubID/SubName: 0x409)]
1c6c.cac:     [Raw version resource data: 0x2cc0b0 LB 0x3bc, codepage 0x0 (reserved 0x0)]
1c6c.cac:     ProductName:     Microsoft® Windows® Operating System
1c6c.cac:     ProductVersion:  10.0.19041.6280
1c6c.cac:     FileVersion:     10.0.19041.6280 (WinBuild.160101.0800)
1c6c.cac:     FileDescription: Windows NT BASE API Client DLL
1c6c.cac: \SystemRoot\System32\apisetschema.dll:
1c6c.cac:     CreationTime:    2026-05-23T21:09:30.760940300Z
1c6c.cac:     LastWriteTime:   2026-05-23T21:09:30.760940300Z
1c6c.cac:     ChangeTime:      2026-05-23T21:16:32.224220000Z
1c6c.cac:     FileAttributes:  0x20
1c6c.cac:     Size:            0x1f9c8
1c6c.cac:     NT Headers:      0xd0
1c6c.cac:     Timestamp:       0x85f6b378
1c6c.cac:     Machine:         0x8664 - amd64
1c6c.cac:     Timestamp:       0x85f6b378
1c6c.cac:     Image Version:   10.0
1c6c.cac:     SizeOfImage:     0x20000 (131072)
1c6c.cac:     Resource Dir:    0x1f000 LB 0x408
1c6c.cac:     [Version info resource found at 0x48! (ID/Name: 0x1; SubID/SubName: 0x409)]
1c6c.cac:     [Raw version resource data: 0x1f060 LB 0x3a8, codepage 0x0 (reserved 0x0)]
1c6c.cac:     ProductName:     Microsoft® Windows® Operating System
1c6c.cac:     ProductVersion:  10.0.19041.5915
1c6c.cac:     FileVersion:     10.0.19041.5915 (WinBuild.160101.0800)
1c6c.cac:     FileDescription: ApiSet Schema DLL
1c6c.cac: root name: type=Mutant name=PendingRenameMutex
1c6c.cac: root name: type=Directory name=ObjectTypes
1c6c.cac: root name: type=FilterConnectionPort name=storqosfltport
1c6c.cac: root name: type=FilterConnectionPort name=MicrosoftMalwareProtectionRemoteIoPortWD
1c6c.cac: root name: type=FilterConnectionPort name=MicrosoftDataLossPreventionPort
1c6c.cac: root name: type=SymbolicLink name=SystemRoot
1c6c.cac: root name: type=Directory name=Sessions
1c6c.cac: root name: type=FilterConnectionPort name=MicrosoftMalwareProtectionVeryLowIoPortWD
1c6c.cac: root name: type=Directory name=ArcName
1c6c.cac: root name: type=FilterConnectionPort name=WcifsPort
1c6c.cac: root name: type=Directory name=NLS
1c6c.cac: root name: type=Event name=LanmanServerAnnounceEvent
1c6c.cac: root name: type=ALPC Port name=ThemeApiPort
1c6c.cac: root name: type=Directory name=Windows
1c6c.cac: root name: type=Directory name=GLOBAL??
1c6c.cac: root name: type=FilterConnectionPort name=GameFltCommunicationPort
1c6c.cac: root name: type=Directory name=RPC Control
1c6c.cac: root name: type=FilterConnectionPort name=MicrosoftDataLossPreventionControlPort
1c6c.cac: root name: type=ALPC Port name=PdcPort
1c6c.cac: root name: type=Event name=EFSInitEvent
1c6c.cac: root name: type=SymbolicLink name=Dfs
1c6c.cac: root name: type=Device name=clfs
1c6c.cac: root name: type=FilterConnectionPort name=MicrosoftDataLossPreventionRemoteIoPort
1c6c.cac: root name: type=Event name=CsrSbSyncEvent
1c6c.cac: root name: type=ALPC Port name=SeRmCommandPort
1c6c.cac: root name: type=SymbolicLink name=DosDevices
1c6c.cac: root name: type=Directory name=KnownDlls32
1c6c.cac: root name: type=Key name=REGISTRY
1c6c.cac: root name: type=Job name=Container_Microsoft.GamingServices_37.114.26001.0_x64__8wekyb3d8bbwe-PackagedService
1c6c.cac: root name: type=Directory name=BaseNamedObjects
1c6c.cac: root name: type=Section name=Win32kCrossSessionGlobals
1c6c.cac: root name: type=FilterConnectionPort name=MicrosoftDataLossPreventionVeryLowIoPort
1c6c.cac: root name: type=ALPC Port name=PowerPort
1c6c.cac: root name: type=ALPC Port name=SmSsWinStationApiPort
1c6c.cac: root name: type=Event name=UniqueInteractiveSessionIdEvent
1c6c.cac: root name: type=Directory name=UMDFCommunicationPorts
1c6c.cac: root name: type=Device name=FatCdrom
1c6c.cac: root name: type=Device name=Fat
1c6c.cac: root name: type=Directory name=KnownDlls
1c6c.cac: root name: type=ALPC Port name=PowerMonitorPort
1c6c.cac: root name: type=Device name=Ntfs
1c6c.cac: root name: type=Directory name=FileSystem
1c6c.cac: root name: type=Directory name=KernelObjects
1c6c.cac: root name: type=FilterConnectionPort name=MicrosoftMalwareProtectionControlPortWD
1c6c.cac: root name: type=ALPC Port name=SeLsaCommandPort
1c6c.cac: root name: type=Directory name=Callback
1c6c.cac: root name: type=Job name=Container_Claude_1.21459.1.0_x64__pzs8sxrjxfjjc-PackagedService
1c6c.cac: root name: type=FilterConnectionPort name=MicrosoftDataLossPreventionAsyncPort
1c6c.cac: root name: type=FilterConnectionPort name=BindFltPort
1c6c.cac: root name: type=Directory name=Security
1c6c.cac: root name: type=FilterConnectionPort name=MicrosoftMalwareProtectionAsyncPortWD
1c6c.cac: root name: type=Directory name=Device
1c6c.cac: root name: type=SymbolicLink name=DriverData
1c6c.cac: root name: type=Event name=DSYSDBG.Debug.Trace.Memory.31c
1c6c.cac: root name: type=Section name=LsaPerformance
1c6c.cac: root name: type=ALPC Port name=SmApiPort
1c6c.cac: root name: type=FilterConnectionPort name=CLDMSGPORT
1c6c.cac: root name: type=FilterConnectionPort name=MicrosoftMalwareProtectionPortWD
1c6c.cac: root name: type=SymbolicLink name=OSDataRoot
1c6c.cac: root name: type=Event name=SAM_SERVICE_STARTED
1c6c.cac: root name: type=Event name=LSA_ISO_READY_D
1c6c.cac: root name: type=Directory name=Driver
1c6c.cac: root name: type=Directory name=DriverStores
1c6c.cac: NtOpenDirectoryObject failed on '\Driver': 0xc0000022
1c6c.cac: supR3HardenedWinFindAdversaries: 0x0
1c6c.cac: supR3HardenedWinInitAppBin(0x0): '\Device\HarddiskVolume1\Program Files\Oracle\VirtualBox'
1c6c.cac: Calling main()
1c6c.cac: SUPR3HardenedMain: pszProgName=VirtualBoxVM fFlags=0x2
1c6c.cac: supR3HardenedWinInitAppBin(0x2): '\Device\HarddiskVolume1\Program Files\Oracle\VirtualBox'
1c6c.cac: '\Device\HarddiskVolume1\Program Files\Oracle\VirtualBox\VirtualBoxVM.exe' has no imports
1c6c.cac: supHardenedWinVerifyImageByHandle: -> 0 (\Device\HarddiskVolume1\Program Files\Oracle\VirtualBox\VirtualBoxVM.exe)
1c6c.cac: SUPR3HardenedMain: Respawn #2
1c6c.cac: supR3HardNtEnableThreadCreationEx:
1c6c.cac: supR3HardenedDllNotificationCallback: load   00007ffb405f0000 LB 0x00120000 C:\Windows\System32\RPCRT4.dll [fFlags=0x0]
1c6c.cac: supHardenedWinVerifyImageByHandle: -> 0 (\Device\HarddiskVolume1\Windows\System32\rpcrt4.dll)
1c6c.cac: supR3HardenedWinVerifyCacheInsert: \Device\HarddiskVolume1\Windows\System32\rpcrt4.dll
1c6c.cac: supR3HardenedDllNotificationCallback: load   00007ffb3fe50000 LB 0x00027000 C:\Windows\System32\bcrypt.dll [fFlags=0x0]
1c6c.cac: supHardenedWinVerifyImageByHandle: -> 0 (\Device\HarddiskVolume1\Windows\System32\bcrypt.dll)
1c6c.cac: supR3HardenedWinVerifyCacheInsert: \Device\HarddiskVolume1\Windows\System32\bcrypt.dll
1c6c.cac: supR3HardenedDllNotificationCallback: load   00007ffb41000000 LB 0x0009f000 C:\Windows\System32\sechost.dll [fFlags=0x0]
1c6c.cac: supR3HardenedWinVerifyCacheScheduleImports: Import todo: #11 'rpcrt4.dll'.
1c6c.cac: supR3HardenedWinVerifyCacheScheduleImports: Import todo: #24 'bcrypt.dll'.
1c6c.cac: supHardenedWinVerifyImageByHandle: -> 0 (\Device\HarddiskVolume1\Windows\System32\sechost.dll)
1c6c.cac: supR3HardenedWinVerifyCacheInsert: \Device\HarddiskVolume1\Windows\System32\sechost.dll
1c6c.cac: '\Device\HarddiskVolume1\Windows\System32\ntdll.dll' has no imports
1c6c.cac: supHardenedWinVerifyImageByHandle: -> 0 (\Device\HarddiskVolume1\Windows\System32\ntdll.dll)
1c6c.cac: supR3HardenedWinVerifyCacheInsert: \Device\HarddiskVolume1\Windows\System32\ntdll.dll
1c6c.cac: supR3HardenedWinVerifyCacheProcessImportTodos: Processing 'bcrypt.dll'...
1c6c.cac: supR3HardenedWinVerifyCacheProcessImportTodos: 'bcrypt.dll' -> '\Device\HarddiskVolume1\Windows\System32\bcrypt.dll' [rcNtRedir=0xc0150008]
1c6c.cac: supR3HardenedScreenImage/Imports: cache hit (VINF_SUCCESS) on \Device\HarddiskVolume1\Windows\System32\bcrypt.dll [lacks WinVerifyTrust]
1c6c.cac: supR3HardenedWinVerifyCacheProcessImportTodos: Processing 'rpcrt4.dll'...
1c6c.cac: supR3HardenedWinVerifyCacheProcessImportTodos: 'rpcrt4.dll' -> '\Device\HarddiskVolume1\Windows\System32\rpcrt4.dll' [rcNtRedir=0xc0150008]
1c6c.cac: supR3HardenedScreenImage/Imports: cache hit (VINF_SUCCESS) on \Device\HarddiskVolume1\Windows\System32\rpcrt4.dll [lacks WinVerifyTrust]
1c6c.cac: supR3HardenedMonitor_LdrLoadDll: pName=C:\Windows\System32\ntdll.dll (Input=ntdll.dll, rcNtResolve=0xc0150008) *pfFlags=0x0 pwszSearchPath=0000000000000801:<flags> [calling]
1c6c.cac: supR3HardenedMonitor_LdrLoadDll: returns rcNt=0x0 hMod=00007ffb42490000 'C:\Windows\System32\ntdll.dll'
1c6c.cac: supR3HardNtDisableThreadCreation: pvLdrInitThunk=00007ffb42505c10 pvNtTerminateThread=00007ffb4252dff0 g_LdrInitThunkSelfBackup.cb=10
1c6c.cac: supR3HardenedWinDoReSpawn(2): New child b5c.1408 [kernel32].
1c6c.cac: supR3HardenedWinReSpawn: NtSetInformationThread/ThreadHideFromDebugger failed: 0xc0000022 (harmless)
1c6c.cac: supR3HardNtChildGatherData: PebBaseAddress=0000007b80882000 cbPeb=0x388
1c6c.cac: supR3HardNtPuChFindNtdll: uNtDllParentAddr=00007ffb42490000 uNtDllChildAddr=00007ffb42490000
1c6c.cac: supR3HardenedWinSetupChildInit: uLdrInitThunk=00007ffb42505c10
1c6c.cac: supR3HardenedWinSetupChildInit: Initial context:
  rax=0000000000000000 rbx=0000000000000000 rcx=00007ff70cd8c2b0 rdx=0000007b80882000
  rsi=0000000000000000 rdi=0000000000000000 r8 =0000000000000000 r9 =0000000000000000
  r10=0000000000000000 r11=0000000000000000 r12=0000000000000000 r13=0000000000000000
  r14=0000000000000000 r15=0000000000000000  P1=0000000000000000  P2=0000000000000000
  rip=00007ffb424dcc70 rsp=0000007b8078f8b8 rbp=0000000000000000    ctxflags=0010001b
  cs=0033 ss=002b ds=0000 es=0000 fs=0000 gs=0000    eflags=00000200   mxcrx=00001f80
   P3=0000000000000000  P4=0000000000000000  P5=0000000000000000  P6=0000000000000000
  dr0=0000000000000000 dr1=0000000000000000 dr2=0000000000000000 dr3=0000000000000000
  dr6=0000000000000000 dr7=0000000000000000 vcr=0000000000000000 dcr=0000000000000000
  lbt=0000000000000000 lbf=0000000000000000 lxt=0000000000000000 lxf=0000000000000000
1c6c.cac: kernel32.dll: timestamp 0xeee0fc1a (rc=VINF_SUCCESS)
1c6c.cac: supR3HardenedWinSetupChildInit: Start child.
1c6c.cac: supR3HardNtChildWaitFor: Found expected request 0 (PurifyChildAndCloseHandles) after 1 ms.
1c6c.cac: supR3HardNtChildPurify: Startup delay kludge #1/0: 272 ms, 17 sleeps
1c6c.cac: supHardNtVpScanVirtualMemory: enmKind=CHILD_PURIFICATION
1c6c.cac:  *0000000000000000-000000007ffdffff 0x0001/0x0000 0x0000000
1c6c.cac:  *000000007ffe0000-000000007ffe0fff 0x0002/0x0002 0x0020000
1c6c.cac:   000000007ffe1000-000000007ffe2fff 0x0001/0x0000 0x0000000
1c6c.cac:  *000000007ffe3000-000000007ffe3fff 0x0002/0x0002 0x0020000
1c6c.cac:   000000007ffe4000-0000007b8068ffff 0x0001/0x0000 0x0000000
1c6c.cac:  *0000007b80690000-0000007b8078afff 0x0000/0x0004 0x0020000
1c6c.cac:   0000007b8078b000-0000007b8078dfff 0x0104/0x0004 0x0020000
1c6c.cac:   0000007b8078e000-0000007b8078ffff 0x0004/0x0004 0x0020000
1c6c.cac:   0000007b80790000-0000007b807fffff 0x0001/0x0000 0x0000000
1c6c.cac:  *0000007b80800000-0000007b80881fff 0x0000/0x0004 0x0020000
1c6c.cac:   0000007b80882000-0000007b80884fff 0x0004/0x0004 0x0020000
1c6c.cac:   0000007b80885000-0000007b809fffff 0x0000/0x0004 0x0020000
1c6c.cac:   0000007b80a00000-000001d54e8dffff 0x0001/0x0000 0x0000000
1c6c.cac:  *000001d54e8e0000-000001d54e8fffff 0x0004/0x0004 0x0020000
1c6c.cac:  *000001d54e900000-000001d54e91cfff 0x0002/0x0002 0x0040000
1c6c.cac:   000001d54e91d000-000001d54e91ffff 0x0001/0x0000 0x0000000
1c6c.cac:  *000001d54e920000-000001d54e923fff 0x0002/0x0002 0x0040000
1c6c.cac:   000001d54e924000-000001d54e92ffff 0x0001/0x0000 0x0000000
1c6c.cac:  *000001d54e930000-000001d54e930fff 0x0002/0x0002 0x0040000
1c6c.cac:   000001d54e931000-000001d54e93ffff 0x0001/0x0000 0x0000000
1c6c.cac:  *000001d54e940000-000001d54e941fff 0x0004/0x0004 0x0020000
1c6c.cac:   000001d54e942000-00007df5bca9ffff 0x0001/0x0000 0x0000000
1c6c.cac:  *00007df5bcaa0000-00007df5bcaa0fff 0x0002/0x0002 0x0040000
1c6c.cac:   00007df5bcaa1000-00007df5bcaaffff 0x0001/0x0000 0x0000000
1c6c.cac:  *00007df5bcab0000-00007df5bcad2fff 0x0002/0x0002 0x0040000
1c6c.cac:   00007df5bcad3000-00007df5bcadffff 0x0001/0x0000 0x0000000
1c6c.cac:  *00007df5bcae0000-00007df5be376fff 0x0000/0x0001 0x0040000
1c6c.cac:   00007df5be377000-00007df5be44dfff 0x0001/0x0001 0x0040000
1c6c.cac:   00007df5be44e000-00007df5be8c6fff 0x0000/0x0001 0x0040000
1c6c.cac:   00007df5be8c7000-00007df5be8c7fff 0x0001/0x0001 0x0040000
1c6c.cac:   00007df5be8c8000-00007ff598e15fff 0x0000/0x0001 0x0040000
1c6c.cac:   00007ff598e16000-00007ff598e1afff 0x0002/0x0001 0x0040000
1c6c.cac:   00007ff598e1b000-00007ff5a7fcffff 0x0000/0x0001 0x0040000
1c6c.cac:   00007ff5a7fd0000-00007ff5a9b71fff 0x0001/0x0001 0x0040000
1c6c.cac:   00007ff5a9b72000-00007ff5a9b7afff 0x0002/0x0001 0x0040000
1c6c.cac:   00007ff5a9b7b000-00007ff5bcadffff 0x0000/0x0001 0x0040000
1c6c.cac:   00007ff5bcae0000-00007ff70cd7ffff 0x0001/0x0000 0x0000000
1c6c.cac:  *00007ff70cd80000-00007ff70cd80fff 0x0002/0x0080 0x1000000  \Device\HarddiskVolume1\Program Files\Oracle\VirtualBox\VirtualBoxVM.exe
1c6c.cac:   00007ff70cd81000-00007ff70cdecfff 0x0020/0x0080 0x1000000  \Device\HarddiskVolume1\Program Files\Oracle\VirtualBox\VirtualBoxVM.exe
1c6c.cac:   00007ff70cded000-00007ff70cdedfff 0x0080/0x0080 0x1000000  \Device\HarddiskVolume1\Program Files\Oracle\VirtualBox\VirtualBoxVM.exe
1c6c.cac:   00007ff70cdee000-00007ff70ce42fff 0x0002/0x0080 0x1000000  \Device\HarddiskVolume1\Program Files\Oracle\VirtualBox\VirtualBoxVM.exe
1c6c.cac:   00007ff70ce43000-00007ff70ce43fff 0x0004/0x0080 0x1000000  \Device\HarddiskVolume1\Program Files\Oracle\VirtualBox\VirtualBoxVM.exe
1c6c.cac:   00007ff70ce44000-00007ff70ce44fff 0x0008/0x0080 0x1000000  \Device\HarddiskVolume1\Program Files\Oracle\VirtualBox\VirtualBoxVM.exe
1c6c.cac:   00007ff70ce45000-00007ff70ce49fff 0x0004/0x0080 0x1000000  \Device\HarddiskVolume1\Program Files\Oracle\VirtualBox\VirtualBoxVM.exe
1c6c.cac:   00007ff70ce4a000-00007ff70ce4ffff 0x0008/0x0080 0x1000000  \Device\HarddiskVolume1\Program Files\Oracle\VirtualBox\VirtualBoxVM.exe
1c6c.cac:   00007ff70ce50000-00007ff70ce8afff 0x0002/0x0080 0x1000000  \Device\HarddiskVolume1\Program Files\Oracle\VirtualBox\VirtualBoxVM.exe
1c6c.cac:   00007ff70ce8b000-00007ffb4248ffff 0x0001/0x0000 0x0000000
1c6c.cac:  *00007ffb42490000-00007ffb42490fff 0x0002/0x0080 0x1000000  \Device\HarddiskVolume1\Windows\System32\ntdll.dll
1c6c.cac:   00007ffb42491000-00007ffb425acfff 0x0020/0x0080 0x1000000  \Device\HarddiskVolume1\Windows\System32\ntdll.dll
1c6c.cac:   00007ffb425ad000-00007ffb425f5fff 0x0002/0x0080 0x1000000  \Device\HarddiskVolume1\Windows\System32\ntdll.dll
1c6c.cac:   00007ffb425f6000-00007ffb42601fff 0x0008/0x0080 0x1000000  \Device\HarddiskVolume1\Windows\System32\ntdll.dll
1c6c.cac:   00007ffb42602000-00007ffb42610fff 0x0002/0x0080 0x1000000  \Device\HarddiskVolume1\Windows\System32\ntdll.dll
1c6c.cac:   00007ffb42611000-00007ffb42611fff 0x0004/0x0080 0x1000000  \Device\HarddiskVolume1\Windows\System32\ntdll.dll
1c6c.cac:   00007ffb42612000-00007ffb42614fff 0x0008/0x0080 0x1000000  \Device\HarddiskVolume1\Windows\System32\ntdll.dll
1c6c.cac:   00007ffb42615000-00007ffb42687fff 0x0002/0x0080 0x1000000  \Device\HarddiskVolume1\Windows\System32\ntdll.dll
1c6c.cac:   00007ffb42688000-00007ffffffeffff 0x0001/0x0000 0x0000000
1c6c.cac: VirtualBoxVM.exe: timestamp 0x6a5a50e7 (rc=VINF_SUCCESS)
1c6c.cac: '\Device\HarddiskVolume1\Program Files\Oracle\VirtualBox\VirtualBoxVM.exe' has no imports
1c6c.cac: VirtualBoxVM.exe: Differences in section #8 (.rsrc) between file and memory:
1c6c.cac:   00007ff70ce88b70 / 0x0108b70: 00 != 50
1c6c.cac:   00007ff70ce88b71 / 0x0108b71: 00 != 41
1c6c.cac:   00007ff70ce88b72 / 0x0108b72: 00 != 44
1c6c.cac:   00007ff70ce88b73 / 0x0108b73: 00 != 44
1c6c.cac:   00007ff70ce88b74 / 0x0108b74: 00 != 49
1c6c.cac:   00007ff70ce88b75 / 0x0108b75: 00 != 4e
1c6c.cac:   00007ff70ce88b76 / 0x0108b76: 00 != 47
1c6c.cac:   00007ff70ce88b77 / 0x0108b77: 00 != 58
1c6c.cac:   00007ff70ce88b78 / 0x0108b78: 00 != 58
1c6c.cac:   00007ff70ce88b79 / 0x0108b79: 00 != 50
1c6c.cac:   00007ff70ce88b7a / 0x0108b7a: 00 != 41
1c6c.cac:   00007ff70ce88b7b / 0x0108b7b: 00 != 44
1c6c.cac:   00007ff70ce88b7c / 0x0108b7c: 00 != 44
1c6c.cac:   00007ff70ce88b7d / 0x0108b7d: 00 != 49
1c6c.cac:   00007ff70ce88b7e / 0x0108b7e: 00 != 4e
1c6c.cac:   00007ff70ce88b7f / 0x0108b7f: 00 != 47
1c6c.cac:   00007ff70ce88b80 / 0x0108b80: 00 != 50
1c6c.cac:   00007ff70ce88b81 / 0x0108b81: 00 != 41
1c6c.cac:   00007ff70ce88b82 / 0x0108b82: 00 != 44
1c6c.cac:   00007ff70ce88b83 / 0x0108b83: 00 != 44
1c6c.cac:   00007ff70ce88b84 / 0x0108b84: 00 != 49
1c6c.cac:   00007ff70ce88b85 / 0x0108b85: 00 != 4e
1c6c.cac:   00007ff70ce88b86 / 0x0108b86: 00 != 47
1c6c.cac:   00007ff70ce88b87 / 0x0108b87: 00 != 58
1c6c.cac:   00007ff70ce88b88 / 0x0108b88: 00 != 58
1c6c.cac:   00007ff70ce88b89 / 0x0108b89: 00 != 50
1c6c.cac:   00007ff70ce88b8a / 0x0108b8a: 00 != 41
1c6c.cac:   00007ff70ce88b8b / 0x0108b8b: 00 != 44
1c6c.cac:   00007ff70ce88b8c / 0x0108b8c: 00 != 44
1c6c.cac:   00007ff70ce88b8d / 0x0108b8d: 00 != 49
1c6c.cac:   00007ff70ce88b8e / 0x0108b8e: 00 != 4e
1c6c.cac:   00007ff70ce88b8f / 0x0108b8f: 00 != 47
1c6c.cac:   00007ff70ce88b90 / 0x0108b90: 00 != 50
1c6c.cac:   00007ff70ce88b91 / 0x0108b91: 00 != 41
1c6c.cac:   00007ff70ce88b92 / 0x0108b92: 00 != 44
1c6c.cac:   00007ff70ce88b93 / 0x0108b93: 00 != 44
1c6c.cac:   00007ff70ce88b94 / 0x0108b94: 00 != 49
1c6c.cac:   00007ff70ce88b95 / 0x0108b95: 00 != 4e
1c6c.cac:   00007ff70ce88b96 / 0x0108b96: 00 != 47
1c6c.cac:   00007ff70ce88b97 / 0x0108b97: 00 != 58
1c6c.cac:   00007ff70ce88b98 / 0x0108b98: 00 != 58
1c6c.cac:   00007ff70ce88b99 / 0x0108b99: 00 != 50
1c6c.cac:   00007ff70ce88b9a / 0x0108b9a: 00 != 41
1c6c.cac:   00007ff70ce88b9b / 0x0108b9b: 00 != 44
1c6c.cac:   00007ff70ce88b9c / 0x0108b9c: 00 != 44
1c6c.cac:   00007ff70ce88b9d / 0x0108b9d: 00 != 49
1c6c.cac:   00007ff70ce88b9e / 0x0108b9e: 00 != 4e
1c6c.cac:   00007ff70ce88b9f / 0x0108b9f: 00 != 47
1c6c.cac:   00007ff70ce88ba0 / 0x0108ba0: 00 != 50
1c6c.cac:   00007ff70ce88ba1 / 0x0108ba1: 00 != 41
1c6c.cac:   00007ff70ce88ba2 / 0x0108ba2: 00 != 44
1c6c.cac:   00007ff70ce88ba3 / 0x0108ba3: 00 != 44
1c6c.cac:   00007ff70ce88ba4 / 0x0108ba4: 00 != 49
1c6c.cac:   00007ff70ce88ba5 / 0x0108ba5: 00 != 4e
1c6c.cac:   00007ff70ce88ba6 / 0x0108ba6: 00 != 47
1c6c.cac:   00007ff70ce88ba7 / 0x0108ba7: 00 != 58
1c6c.cac:   00007ff70ce88ba8 / 0x0108ba8: 00 != 58
1c6c.cac:   00007ff70ce88ba9 / 0x0108ba9: 00 != 50
1c6c.cac:   00007ff70ce88baa / 0x0108baa: 00 != 41
1c6c.cac:   00007ff70ce88bab / 0x0108bab: 00 != 44
1c6c.cac:   00007ff70ce88bac / 0x0108bac: 00 != 44
1c6c.cac:   00007ff70ce88bad / 0x0108bad: 00 != 49
1c6c.cac:   00007ff70ce88bae / 0x0108bae: 00 != 4e
1c6c.cac:   00007ff70ce88baf / 0x0108baf: 00 != 47
1c6c.cac:   00007ff70ce88bb0 / 0x0108bb0: 00 != 50
1c6c.cac:   00007ff70ce88bb1 / 0x0108bb1: 00 != 41
1c6c.cac:   00007ff70ce88bb2 / 0x0108bb2: 00 != 44
1c6c.cac:   00007ff70ce88bb3 / 0x0108bb3: 00 != 44
1c6c.cac:   00007ff70ce88bb4 / 0x0108bb4: 00 != 49
1c6c.cac:   00007ff70ce88bb5 / 0x0108bb5: 00 != 4e
1c6c.cac:   00007ff70ce88bb6 / 0x0108bb6: 00 != 47
1c6c.cac:   00007ff70ce88bb7 / 0x0108bb7: 00 != 58
1c6c.cac:   00007ff70ce88bb8 / 0x0108bb8: 00 != 58
1c6c.cac:   00007ff70ce88bb9 / 0x0108bb9: 00 != 50
1c6c.cac:   00007ff70ce88bba / 0x0108bba: 00 != 41
1c6c.cac:   00007ff70ce88bbb / 0x0108bbb: 00 != 44
1c6c.cac:   00007ff70ce88bbc / 0x0108bbc: 00 != 44
1c6c.cac:   00007ff70ce88bbd / 0x0108bbd: 00 != 49
1c6c.cac:   00007ff70ce88bbe / 0x0108bbe: 00 != 4e
1c6c.cac:   00007ff70ce88bbf / 0x0108bbf: 00 != 47
1c6c.cac:   00007ff70ce88bc0 / 0x0108bc0: 00 != 50
1c6c.cac:   00007ff70ce88bc1 / 0x0108bc1: 00 != 41
1c6c.cac:   00007ff70ce88bc2 / 0x0108bc2: 00 != 44
1c6c.cac:   00007ff70ce88bc3 / 0x0108bc3: 00 != 44
1c6c.cac:   00007ff70ce88bc4 / 0x0108bc4: 00 != 49
1c6c.cac:   00007ff70ce88bc5 / 0x0108bc5: 00 != 4e
1c6c.cac:   00007ff70ce88bc6 / 0x0108bc6: 00 != 47
1c6c.cac:   00007ff70ce88bc7 / 0x0108bc7: 00 != 58
1c6c.cac:   00007ff70ce88bc8 / 0x0108bc8: 00 != 58
1c6c.cac:   00007ff70ce88bc9 / 0x0108bc9: 00 != 50
1c6c.cac:   00007ff70ce88bca / 0x0108bca: 00 != 41
1c6c.cac:   00007ff70ce88bcb / 0x0108bcb: 00 != 44
1c6c.cac:   00007ff70ce88bcc / 0x0108bcc: 00 != 44
1c6c.cac:   00007ff70ce88bcd / 0x0108bcd: 00 != 49
1c6c.cac:   00007ff70ce88bce / 0x0108bce: 00 != 4e
1c6c.cac:   00007ff70ce88bcf / 0x0108bcf: 00 != 47
1c6c.cac:   00007ff70ce88bd0 / 0x0108bd0: 00 != 50
1c6c.cac:   00007ff70ce88bd1 / 0x0108bd1: 00 != 41
1c6c.cac:   00007ff70ce88bd2 / 0x0108bd2: 00 != 44
1c6c.cac:   00007ff70ce88bd3 / 0x0108bd3: 00 != 44
1c6c.cac:   00007ff70ce88bd4 / 0x0108bd4: 00 != 49
1c6c.cac:   00007ff70ce88bd5 / 0x0108bd5: 00 != 4e
1c6c.cac:   00007ff70ce88bd6 / 0x0108bd6: 00 != 47
1c6c.cac:   00007ff70ce88bd7 / 0x0108bd7: 00 != 58
1c6c.cac:   00007ff70ce88bd8 / 0x0108bd8: 00 != 58
1c6c.cac:   00007ff70ce88bd9 / 0x0108bd9: 00 != 50
1c6c.cac:   00007ff70ce88bda / 0x0108bda: 00 != 41
1c6c.cac:   00007ff70ce88bdb / 0x0108bdb: 00 != 44
1c6c.cac:   00007ff70ce88bdc / 0x0108bdc: 00 != 44
1c6c.cac:   00007ff70ce88bdd / 0x0108bdd: 00 != 49
1c6c.cac:   00007ff70ce88bde / 0x0108bde: 00 != 4e
1c6c.cac:   00007ff70ce88bdf / 0x0108bdf: 00 != 47
1c6c.cac:   00007ff70ce88be0 / 0x0108be0: 00 != 50
1c6c.cac:   00007ff70ce88be1 / 0x0108be1: 00 != 41
1c6c.cac:   00007ff70ce88be2 / 0x0108be2: 00 != 44
1c6c.cac:   00007ff70ce88be3 / 0x0108be3: 00 != 44
1c6c.cac:   00007ff70ce88be4 / 0x0108be4: 00 != 49
1c6c.cac:   00007ff70ce88be5 / 0x0108be5: 00 != 4e
1c6c.cac:   00007ff70ce88be6 / 0x0108be6: 00 != 47
1c6c.cac:   00007ff70ce88be7 / 0x0108be7: 00 != 58
1c6c.cac:   00007ff70ce88be8 / 0x0108be8: 00 != 58
1c6c.cac:   00007ff70ce88be9 / 0x0108be9: 00 != 50
1c6c.cac:   00007ff70ce88bea / 0x0108bea: 00 != 41
1c6c.cac:   00007ff70ce88beb / 0x0108beb: 00 != 44
1c6c.cac:   00007ff70ce88bec / 0x0108bec: 00 != 44
1c6c.cac:   00007ff70ce88bed / 0x0108bed: 00 != 49
1c6c.cac:   00007ff70ce88bee / 0x0108bee: 00 != 4e
1c6c.cac:   00007ff70ce88bef / 0x0108bef: 00 != 47
1c6c.cac:   00007ff70ce88bf0 / 0x0108bf0: 00 != 50
1c6c.cac:   00007ff70ce88bf1 / 0x0108bf1: 00 != 41
1c6c.cac:   00007ff70ce88bf2 / 0x0108bf2: 00 != 44
1c6c.cac:   00007ff70ce88bf3 / 0x0108bf3: 00 != 44
1c6c.cac:   00007ff70ce88bf4 / 0x0108bf4: 00 != 49
1c6c.cac:   00007ff70ce88bf5 / 0x0108bf5: 00 != 4e
1c6c.cac:   00007ff70ce88bf6 / 0x0108bf6: 00 != 47
1c6c.cac:   00007ff70ce88bf7 / 0x0108bf7: 00 != 58
1c6c.cac:   00007ff70ce88bf8 / 0x0108bf8: 00 != 58
1c6c.cac:   00007ff70ce88bf9 / 0x0108bf9: 00 != 50
1c6c.cac:   00007ff70ce88bfa / 0x0108bfa: 00 != 41
1c6c.cac:   00007ff70ce88bfb / 0x0108bfb: 00 != 44
1c6c.cac:   00007ff70ce88bfc / 0x0108bfc: 00 != 44
1c6c.cac:   00007ff70ce88bfd / 0x0108bfd: 00 != 49
1c6c.cac:   00007ff70ce88bfe / 0x0108bfe: 00 != 4e
1c6c.cac:   00007ff70ce88bff / 0x0108bff: 00 != 47
1c6c.cac:   Restored 0x490 bytes of original file content at 00007ff70ce88b70
1c6c.cac: '\Device\HarddiskVolume1\Windows\System32\ntdll.dll' has no imports
1c6c.cac: supR3HardNtChildPurify: cFixes=1 g_fSupAdversaries=0x80000000
1c6c.cac: supR3HardNtChildPurify: Startup delay kludge #1/1: 523 ms, 33 sleeps
1c6c.cac: supHardNtVpScanVirtualMemory: enmKind=CHILD_PURIFICATION
1c6c.cac:  *0000000000000000-000000007ffdffff 0x0001/0x0000 0x0000000
1c6c.cac:  *000000007ffe0000-000000007ffe0fff 0x0002/0x0002 0x0020000
1c6c.cac:   000000007ffe1000-000000007ffe2fff 0x0001/0x0000 0x0000000
1c6c.cac:  *000000007ffe3000-000000007ffe3fff 0x0002/0x0002 0x0020000
1c6c.cac:   000000007ffe4000-0000007b8068ffff 0x0001/0x0000 0x0000000
1c6c.cac:  *0000007b80690000-0000007b8078afff 0x0000/0x0004 0x0020000
1c6c.cac:   0000007b8078b000-0000007b8078dfff 0x0104/0x0004 0x0020000
1c6c.cac:   0000007b8078e000-0000007b8078ffff 0x0004/0x0004 0x0020000
1c6c.cac:   0000007b80790000-0000007b807fffff 0x0001/0x0000 0x0000000
1c6c.cac:  *0000007b80800000-0000007b80881fff 0x0000/0x0004 0x0020000
1c6c.cac:   0000007b80882000-0000007b80884fff 0x0004/0x0004 0x0020000
1c6c.cac:   0000007b80885000-0000007b809fffff 0x0000/0x0004 0x0020000
1c6c.cac:   0000007b80a00000-000001d54e8dffff 0x0001/0x0000 0x0000000
1c6c.cac:  *000001d54e8e0000-000001d54e8fffff 0x0004/0x0004 0x0020000
1c6c.cac:  *000001d54e900000-000001d54e91cfff 0x0002/0x0002 0x0040000
1c6c.cac:   000001d54e91d000-000001d54e91ffff 0x0001/0x0000 0x0000000
1c6c.cac:  *000001d54e920000-000001d54e923fff 0x0002/0x0002 0x0040000
1c6c.cac:   000001d54e924000-000001d54e92ffff 0x0001/0x0000 0x0000000
1c6c.cac:  *000001d54e930000-000001d54e930fff 0x0002/0x0002 0x0040000
1c6c.cac:   000001d54e931000-000001d54e93ffff 0x0001/0x0000 0x0000000
1c6c.cac:  *000001d54e940000-000001d54e941fff 0x0004/0x0004 0x0020000
1c6c.cac:   000001d54e942000-00007df5bca9ffff 0x0001/0x0000 0x0000000
1c6c.cac:  *00007df5bcaa0000-00007df5bcaa0fff 0x0002/0x0002 0x0040000
1c6c.cac:   00007df5bcaa1000-00007df5bcaaffff 0x0001/0x0000 0x0000000
1c6c.cac:  *00007df5bcab0000-00007df5bcad2fff 0x0002/0x0002 0x0040000
1c6c.cac:   00007df5bcad3000-00007df5bcadffff 0x0001/0x0000 0x0000000
1c6c.cac:  *00007df5bcae0000-00007df5be376fff 0x0000/0x0001 0x0040000
1c6c.cac:   00007df5be377000-00007df5be44dfff 0x0001/0x0001 0x0040000
1c6c.cac:   00007df5be44e000-00007df5be8c6fff 0x0000/0x0001 0x0040000
1c6c.cac:   00007df5be8c7000-00007df5be8c7fff 0x0001/0x0001 0x0040000
1c6c.cac:   00007df5be8c8000-00007ff598e15fff 0x0000/0x0001 0x0040000
1c6c.cac:   00007ff598e16000-00007ff598e1afff 0x0002/0x0001 0x0040000
1c6c.cac:   00007ff598e1b000-00007ff5a7fcffff 0x0000/0x0001 0x0040000
1c6c.cac:   00007ff5a7fd0000-00007ff5a9b71fff 0x0001/0x0001 0x0040000
1c6c.cac:   00007ff5a9b72000-00007ff5a9b7afff 0x0002/0x0001 0x0040000
1c6c.cac:   00007ff5a9b7b000-00007ff5bcadffff 0x0000/0x0001 0x0040000
1c6c.cac:   00007ff5bcae0000-00007ff70cd7ffff 0x0001/0x0000 0x0000000
1c6c.cac:  *00007ff70cd80000-00007ff70cd80fff 0x0002/0x0080 0x1000000  \Device\HarddiskVolume1\Program Files\Oracle\VirtualBox\VirtualBoxVM.exe
1c6c.cac:   00007ff70cd81000-00007ff70cdecfff 0x0020/0x0080 0x1000000  \Device\HarddiskVolume1\Program Files\Oracle\VirtualBox\VirtualBoxVM.exe
1c6c.cac:   00007ff70cded000-00007ff70cdedfff 0x0040/0x0080 0x1000000  \Device\HarddiskVolume1\Program Files\Oracle\VirtualBox\VirtualBoxVM.exe
1c6c.cac:   00007ff70cdee000-00007ff70ce42fff 0x0002/0x0080 0x1000000  \Device\HarddiskVolume1\Program Files\Oracle\VirtualBox\VirtualBoxVM.exe
1c6c.cac:   00007ff70ce43000-00007ff70ce4ffff 0x0004/0x0080 0x1000000  \Device\HarddiskVolume1\Program Files\Oracle\VirtualBox\VirtualBoxVM.exe
1c6c.cac:   00007ff70ce50000-00007ff70ce8afff 0x0002/0x0080 0x1000000  \Device\HarddiskVolume1\Program Files\Oracle\VirtualBox\VirtualBoxVM.exe
1c6c.cac:   00007ff70ce8b000-00007ffb4248ffff 0x0001/0x0000 0x0000000
1c6c.cac:  *00007ffb42490000-00007ffb42490fff 0x0002/0x0080 0x1000000  \Device\HarddiskVolume1\Windows\System32\ntdll.dll
1c6c.cac:   00007ffb42491000-00007ffb425acfff 0x0020/0x0080 0x1000000  \Device\HarddiskVolume1\Windows\System32\ntdll.dll
1c6c.cac:   00007ffb425ad000-00007ffb425f5fff 0x0002/0x0080 0x1000000  \Device\HarddiskVolume1\Windows\System32\ntdll.dll
1c6c.cac:   00007ffb425f6000-00007ffb425f9fff 0x0008/0x0080 0x1000000  \Device\HarddiskVolume1\Windows\System32\ntdll.dll
1c6c.cac:   00007ffb425fa000-00007ffb42601fff 0x0004/0x0080 0x1000000  \Device\HarddiskVolume1\Windows\System32\ntdll.dll
1c6c.cac:   00007ffb42602000-00007ffb42610fff 0x0002/0x0080 0x1000000  \Device\HarddiskVolume1\Windows\System32\ntdll.dll
1c6c.cac:   00007ffb42611000-00007ffb42611fff 0x0004/0x0080 0x1000000  \Device\HarddiskVolume1\Windows\System32\ntdll.dll
1c6c.cac:   00007ffb42612000-00007ffb42614fff 0x0008/0x0080 0x1000000  \Device\HarddiskVolume1\Windows\System32\ntdll.dll
1c6c.cac:   00007ffb42615000-00007ffb42687fff 0x0002/0x0080 0x1000000  \Device\HarddiskVolume1\Windows\System32\ntdll.dll
1c6c.cac:   00007ffb42688000-00007ffffffeffff 0x0001/0x0000 0x0000000
1c6c.cac: supR3HardNtChildPurify: Done after 873 ms and 1 fixes (loop #1).
b5c.1408: Log file opened: 7.2.14r174565 g_hStartupLog=0000000000000004 g_uNtVerCombined=0xa04a6500
b5c.1408: supR3HardenedVmProcessInit: uNtDllAddr=00007ffb42490000 g_uNtVerCombined=0xa04a6500 (stack ~0000007b8078e670)
1c6c.cac: supR3HardenedEarlyCompact: Removed heap 1 (0x0001e6438f0000 LB 0x400000)
b5c.1408: ntdll.dll: timestamp 0x7ec9c15d (rc=VINF_SUCCESS)
b5c.1408: New simple heap: #1 000001d54ea50000 LB 0x400000 (for 2064384 allocation)
1c6c.cac: supR3HardNtEnableThreadCreationEx:
b5c.1408: supR3HardenedWinInitAppBin(0x0): '\Device\HarddiskVolume1\Program Files\Oracle\VirtualBox'
b5c.1408: System32:  \Device\HarddiskVolume1\Windows\System32
b5c.1408: WinSxS:    \Device\HarddiskVolume1\Windows\WinSxS
b5c.1408: KnownDllPath: C:\Windows\System32
b5c.1408: supR3HardenedVmProcessInit: Opening vboxsup...
b5c.1408: supR3HardenedVmProcessInit: Restoring LdrInitializeThunk...
b5c.1408: supR3HardenedVmProcessInit: Returning to LdrInitializeThunk...
b5c.1408: Registered Dll notification callback with NTDLL.
b5c.1408: supHardenedWinVerifyImageByHandle: -> 0 (\Device\HarddiskVolume1\Windows\System32\kernel32.dll)
b5c.1408: supR3HardenedWinVerifyCacheInsert: \Device\HarddiskVolume1\Windows\System32\kernel32.dll
b5c.1408: supR3HardenedMonitor_LdrLoadDll: pName=C:\Windows\System32\KERNEL32.DLL (Input=KERNEL32.DLL, rcNtResolve=0xc0150008) *pfFlags=0xffffffff pwszSearchPath=0000000000004001:<flags> [calling]
b5c.1408: supR3HardenedDllNotificationCallback: load   00007ffb3ff70000 LB 0x002f6000 C:\Windows\System32\KERNELBASE.dll [fFlags=0x0]
b5c.1408: supHardenedWinVerifyImageByHandle: -> 0 (\Device\HarddiskVolume1\Windows\System32\KernelBase.dll)
b5c.1408: supR3HardenedWinVerifyCacheInsert: \Device\HarddiskVolume1\Windows\System32\KernelBase.dll
b5c.1408: supR3HardenedDllNotificationCallback: load   00007ffb40c70000 LB 0x000c2000 C:\Windows\System32\KERNEL32.DLL [fFlags=0x0]
b5c.1408: supR3HardenedScreenImage/LdrLoadDll: cache hit (VINF_SUCCESS) on \Device\HarddiskVolume1\Windows\System32\kernel32.dll [lacks WinVerifyTrust]
b5c.1408: supR3HardenedMonitor_LdrLoadDll: returns rcNt=0x0 hMod=00007ffb40c70000 'C:\Windows\System32\KERNEL32.DLL'
b5c.1408: supR3HardenedDllNotificationCallback: load   00007ff70cd80000 LB 0x0010b000 C:\Program Files\Oracle\VirtualBox\VirtualBoxVM.exe [fFlags=0x0]
b5c.1408: '\Device\HarddiskVolume1\Program Files\Oracle\VirtualBox\VirtualBoxVM.exe' has no imports
b5c.1408: supHardenedWinVerifyImageByHandle: -> 0 (\Device\HarddiskVolume1\Program Files\Oracle\VirtualBox\VirtualBoxVM.exe)
b5c.1408: supR3HardenedWinVerifyCacheInsert: \Device\HarddiskVolume1\Program Files\Oracle\VirtualBox\VirtualBoxVM.exe
b5c.1408: supR3HardNtDisableThreadCreation: pvLdrInitThunk=00007ffb42505c10 pvNtTerminateThread=00007ffb4252dff0 g_LdrInitThunkSelfBackup.cb=0
b5c.1408: supR3HardNtDisableThreadCreationEx: Backup=40 53 48 83 ec 20 48 8b d9 e8 1a 00 00 00 b2 01
b5c.1408: \SystemRoot\System32\ntdll.dll:
1c6c.cac: supR3HardNtChildWaitFor: Found expected request 1 (CloseEvents) after 84 ms.
b5c.1408:     CreationTime:    2026-05-23T21:10:09.629567700Z
b5c.1408:     LastWriteTime:   2026-05-23T21:10:09.682935600Z
b5c.1408:     ChangeTime:      2026-05-23T21:17:06.702481900Z
b5c.1408:     FileAttributes:  0x20
b5c.1408:     Size:            0x1ef7b8
b5c.1408:     NT Headers:      0xe8
b5c.1408:     Timestamp:       0x7ec9c15d
b5c.1408:     Machine:         0x8664 - amd64
b5c.1408:     Timestamp:       0x7ec9c15d
b5c.1408:     Image Version:   10.0
b5c.1408:     SizeOfImage:     0x1f8000 (2064384)
b5c.1408:     Resource Dir:    0x186000 LB 0x70508
b5c.1408:     [Version info resource found at 0xd8! (ID/Name: 0x1; SubID/SubName: 0x409)]
b5c.1408:     [Raw version resource data: 0x1860f0 LB 0x380, codepage 0x0 (reserved 0x0)]
b5c.1408:     ProductName:     Microsoft® Windows® Operating System
b5c.1408:     ProductVersion:  10.0.19041.6456
b5c.1408:     FileVersion:     10.0.19041.6456 (WinBuild.160101.0800)
b5c.1408:     FileDescription: NT Layer DLL
b5c.1408: \SystemRoot\System32\kernel32.dll:
b5c.1408:     CreationTime:    2026-05-23T21:10:25.605244800Z
b5c.1408:     LastWriteTime:   2026-05-23T21:10:25.620866300Z
b5c.1408:     ChangeTime:      2026-05-23T21:17:06.577510800Z
b5c.1408:     FileAttributes:  0x20
b5c.1408:     Size:            0xbf568
b5c.1408:     NT Headers:      0xf8
b5c.1408:     Timestamp:       0xeee0fc1a
b5c.1408:     Machine:         0x8664 - amd64
b5c.1408:     Timestamp:       0xeee0fc1a
b5c.1408:     Image Version:   10.0
b5c.1408:     SizeOfImage:     0xc2000 (794624)
b5c.1408:     Resource Dir:    0xc0000 LB 0x520
b5c.1408:     [Version info resource found at 0x90! (ID/Name: 0x1; SubID/SubName: 0x409)]
b5c.1408:     [Raw version resource data: 0xc00b0 LB 0x3a4, codepage 0x0 (reserved 0x0)]
b5c.1408:     ProductName:     Microsoft® Windows® Operating System
b5c.1408:     ProductVersion:  10.0.19041.5915
b5c.1408:     FileVersion:     10.0.19041.5915 (WinBuild.160101.0800)
b5c.1408:     FileDescription: Windows NT BASE API Client DLL
b5c.1408: \SystemRoot\System32\KernelBase.dll:
b5c.1408:     CreationTime:    2026-05-23T21:10:10.842290200Z
b5c.1408:     LastWriteTime:   2026-05-23T21:10:10.968660300Z
b5c.1408:     ChangeTime:      2026-05-23T21:17:06.671238800Z
b5c.1408:     FileAttributes:  0x20
b5c.1408:     Size:            0x2f7a40
b5c.1408:     NT Headers:      0x100
b5c.1408:     Timestamp:       0x56511854
b5c.1408:     Machine:         0x8664 - amd64
b5c.1408:     Timestamp:       0x56511854
b5c.1408:     Image Version:   10.0
b5c.1408:     SizeOfImage:     0x2f6000 (3104768)
b5c.1408:     Resource Dir:    0x2cc000 LB 0x548
b5c.1408:     [Version info resource found at 0x90! (ID/Name: 0x1; SubID/SubName: 0x409)]
b5c.1408:     [Raw version resource data: 0x2cc0b0 LB 0x3bc, codepage 0x0 (reserved 0x0)]
b5c.1408:     ProductName:     Microsoft® Windows® Operating System
b5c.1408:     ProductVersion:  10.0.19041.6280
b5c.1408:     FileVersion:     10.0.19041.6280 (WinBuild.160101.0800)
b5c.1408:     FileDescription: Windows NT BASE API Client DLL
b5c.1408: \SystemRoot\System32\apisetschema.dll:
b5c.1408:     CreationTime:    2026-05-23T21:09:30.760940300Z
b5c.1408:     LastWriteTime:   2026-05-23T21:09:30.760940300Z
b5c.1408:     ChangeTime:      2026-05-23T21:16:32.224220000Z
b5c.1408:     FileAttributes:  0x20
b5c.1408:     Size:            0x1f9c8
b5c.1408:     NT Headers:      0xd0
b5c.1408:     Timestamp:       0x85f6b378
b5c.1408:     Machine:         0x8664 - amd64
b5c.1408:     Timestamp:       0x85f6b378
b5c.1408:     Image Version:   10.0
b5c.1408:     SizeOfImage:     0x20000 (131072)
b5c.1408:     Resource Dir:    0x1f000 LB 0x408
b5c.1408:     [Version info resource found at 0x48! (ID/Name: 0x1; SubID/SubName: 0x409)]
b5c.1408:     [Raw version resource data: 0x1f060 LB 0x3a8, codepage 0x0 (reserved 0x0)]
b5c.1408:     ProductName:     Microsoft® Windows® Operating System
b5c.1408:     ProductVersion:  10.0.19041.5915
b5c.1408:     FileVersion:     10.0.19041.5915 (WinBuild.160101.0800)
b5c.1408:     FileDescription: ApiSet Schema DLL
b5c.1408: root name: type=Mutant name=PendingRenameMutex
b5c.1408: root name: type=Directory name=ObjectTypes
b5c.1408: root name: type=FilterConnectionPort name=storqosfltport
b5c.1408: root name: type=FilterConnectionPort name=MicrosoftMalwareProtectionRemoteIoPortWD
b5c.1408: root name: type=FilterConnectionPort name=MicrosoftDataLossPreventionPort
b5c.1408: root name: type=SymbolicLink name=SystemRoot
b5c.1408: root name: type=Directory name=Sessions
b5c.1408: root name: type=FilterConnectionPort name=MicrosoftMalwareProtectionVeryLowIoPortWD
b5c.1408: root name: type=Directory name=ArcName
b5c.1408: root name: type=FilterConnectionPort name=WcifsPort
b5c.1408: root name: type=Directory name=NLS
b5c.1408: root name: type=Event name=LanmanServerAnnounceEvent
b5c.1408: root name: type=ALPC Port name=ThemeApiPort
b5c.1408: root name: type=Directory name=Windows
b5c.1408: root name: type=Directory name=GLOBAL??
b5c.1408: root name: type=FilterConnectionPort name=GameFltCommunicationPort
b5c.1408: root name: type=Directory name=RPC Control
b5c.1408: root name: type=FilterConnectionPort name=MicrosoftDataLossPreventionControlPort
b5c.1408: root name: type=ALPC Port name=PdcPort
b5c.1408: root name: type=Event name=EFSInitEvent
b5c.1408: root name: type=SymbolicLink name=Dfs
b5c.1408: root name: type=Device name=clfs
b5c.1408: root name: type=FilterConnectionPort name=MicrosoftDataLossPreventionRemoteIoPort
b5c.1408: root name: type=Event name=CsrSbSyncEvent
b5c.1408: root name: type=ALPC Port name=SeRmCommandPort
b5c.1408: root name: type=SymbolicLink name=DosDevices
b5c.1408: root name: type=Directory name=KnownDlls32
b5c.1408: root name: type=Key name=REGISTRY
b5c.1408: root name: type=Job name=Container_Microsoft.GamingServices_37.114.26001.0_x64__8wekyb3d8bbwe-PackagedService
b5c.1408: root name: type=Directory name=BaseNamedObjects
b5c.1408: root name: type=Section name=Win32kCrossSessionGlobals
b5c.1408: root name: type=FilterConnectionPort name=MicrosoftDataLossPreventionVeryLowIoPort
b5c.1408: root name: type=ALPC Port name=PowerPort
b5c.1408: root name: type=ALPC Port name=SmSsWinStationApiPort
b5c.1408: root name: type=Event name=UniqueInteractiveSessionIdEvent
b5c.1408: root name: type=Directory name=UMDFCommunicationPorts
b5c.1408: root name: type=Device name=FatCdrom
b5c.1408: root name: type=Device name=Fat
b5c.1408: root name: type=Directory name=KnownDlls
b5c.1408: root name: type=ALPC Port name=PowerMonitorPort
b5c.1408: root name: type=Device name=Ntfs
b5c.1408: root name: type=Directory name=FileSystem
b5c.1408: root name: type=Directory name=KernelObjects
b5c.1408: root name: type=FilterConnectionPort name=MicrosoftMalwareProtectionControlPortWD
b5c.1408: root name: type=ALPC Port name=SeLsaCommandPort
b5c.1408: root name: type=Directory name=Callback
b5c.1408: root name: type=Job name=Container_Claude_1.21459.1.0_x64__pzs8sxrjxfjjc-PackagedService
b5c.1408: root name: type=FilterConnectionPort name=MicrosoftDataLossPreventionAsyncPort
b5c.1408: root name: type=FilterConnectionPort name=BindFltPort
b5c.1408: root name: type=Directory name=Security
b5c.1408: root name: type=FilterConnectionPort name=MicrosoftMalwareProtectionAsyncPortWD
b5c.1408: root name: type=Directory name=Device
b5c.1408: root name: type=SymbolicLink name=DriverData
b5c.1408: root name: type=Event name=DSYSDBG.Debug.Trace.Memory.31c
b5c.1408: root name: type=Section name=LsaPerformance
b5c.1408: root name: type=ALPC Port name=SmApiPort
b5c.1408: root name: type=FilterConnectionPort name=CLDMSGPORT
b5c.1408: root name: type=FilterConnectionPort name=MicrosoftMalwareProtectionPortWD
b5c.1408: root name: type=SymbolicLink name=OSDataRoot
b5c.1408: root name: type=Event name=SAM_SERVICE_STARTED
b5c.1408: root name: type=Event name=LSA_ISO_READY_D
b5c.1408: root name: type=Directory name=Driver
b5c.1408: root name: type=Directory name=DriverStores
b5c.1408: NtOpenDirectoryObject failed on '\Driver': 0xc0000022
b5c.1408: supR3HardenedWinFindAdversaries: 0x0
b5c.1408: supR3HardenedWinInitAppBin(0x0): '\Device\HarddiskVolume1\Program Files\Oracle\VirtualBox'
b5c.1408: Calling main()
b5c.1408: SUPR3HardenedMain: pszProgName=VirtualBoxVM fFlags=0x2
b5c.1408: supR3HardenedWinInitAppBin(0x2): '\Device\HarddiskVolume1\Program Files\Oracle\VirtualBox'
b5c.1408: '\Device\HarddiskVolume1\Program Files\Oracle\VirtualBox\VirtualBoxVM.exe' has no imports
b5c.1408: supHardenedWinVerifyImageByHandle: -> 0 (\Device\HarddiskVolume1\Program Files\Oracle\VirtualBox\VirtualBoxVM.exe)
b5c.1408: SUPR3HardenedMain: Final process, opening VBoxDrv...
b5c.1408: supR3HardenedEarlyCompact: Removed heap 1 (0x0001d54ea50000 LB 0x400000)
b5c.1408: supR3HardNtEnableThreadCreationEx:
b5c.1408: supHardenedWinVerifyImageByHandle: -> 0 (\Device\HarddiskVolume1\Program Files\Oracle\VirtualBox\VBoxSupLib.dll)
b5c.1408: supR3HardenedWinVerifyCacheInsert: \Device\HarddiskVolume1\Program Files\Oracle\VirtualBox\VBoxSupLib.dll
b5c.1408: supR3HardenedMonitor_LdrLoadDll: pName=C:\Program Files\Oracle\VirtualBox\VBoxSupLib.DLL (rcNtResolve=0xc0150008) *pfFlags=0x0 pwszSearchPath=0000000000000801:<flags> [calling]
b5c.1408: supR3HardenedScreenImage/NtCreateSection: cache hit (VINF_SUCCESS) on \Device\HarddiskVolume1\Program Files\Oracle\VirtualBox\VBoxSupLib.dll [lacks WinVerifyTrust]
b5c.1408: supR3HardenedDllNotificationCallback: load   00007ffb0d970000 LB 0x00005000 C:\Program Files\Oracle\VirtualBox\VBoxSupLib.DLL [fFlags=0x0]
b5c.1408: supR3HardenedScreenImage/LdrLoadDll: cache hit (VINF_SUCCESS) on \Device\HarddiskVolume1\Program Files\Oracle\VirtualBox\VBoxSupLib.dll [lacks WinVerifyTrust]
b5c.1408: supR3HardenedScreenImage/LdrLoadDll: cache hit (VINF_SUCCESS) on \Device\HarddiskVolume1\Program Files\Oracle\VirtualBox\VBoxSupLib.dll [lacks WinVerifyTrust]
b5c.1408: supR3HardenedMonitor_LdrLoadDll: pName=C:\Program Files\Oracle\VirtualBox\VBoxSupLib.DLL (rcNtResolve=0xc0150008) *pfFlags=0x0 pwszSearchPath=0000000000000001:<flags> [calling]
b5c.1408: supR3HardenedMonitor_LdrLoadDll: returns rcNt=0x0 hMod=00007ffb0d970000 'C:\Program Files\Oracle\VirtualBox\VBoxSupLib.DLL'
b5c.1408: supR3HardenedScreenImage/LdrLoadDll: cache hit (VINF_SUCCESS) on \Device\HarddiskVolume1\Program Files\Oracle\VirtualBox\VBoxSupLib.dll [lacks WinVerifyTrust]
b5c.1408: supR3HardenedMonitor_LdrLoadDll: pName=C:\Program Files\Oracle\VirtualBox\VBoxSupLib.DLL (rcNtResolve=0xc0150008) *pfFlags=0x0 pwszSearchPath=0000000000000001:<flags> [calling]
b5c.1408: supR3HardenedMonitor_LdrLoadDll: returns rcNt=0x0 hMod=00007ffb0d970000 'C:\Program Files\Oracle\VirtualBox\VBoxSupLib.DLL'
b5c.1408: supR3HardenedMonitor_LdrLoadDll: returns rcNt=0x0 hMod=00007ffb0d970000 'C:\Program Files\Oracle\VirtualBox\VBoxSupLib.DLL'
b5c.1408: supR3HardenedWinVerifyCacheScheduleImports: Import todo: #0 'msvcrt.dll'.
b5c.1408: supR3HardenedWinVerifyCacheScheduleImports: Import todo: #29 'rpcrt4.dll'.
b5c.1408: supHardenedWinVerifyImageByHandle: -> 0 (\Device\HarddiskVolume1\Windows\System32\wintrust.dll)
b5c.1408: supR3HardenedWinVerifyCacheInsert: \Device\HarddiskVolume1\Windows\System32\wintrust.dll
b5c.1408: supR3HardenedWinVerifyCacheProcessImportTodos: Processing 'rpcrt4.dll'...
b5c.1408: supR3HardenedWinVerifyCacheProcessImportTodos: 'rpcrt4.dll' -> '\Device\HarddiskVolume1\Windows\System32\rpcrt4.dll' [rcNtRedir=0xc0150008]
b5c.1408: supHardenedWinVerifyImageByHandle: -> 0 (\Device\HarddiskVolume1\Windows\System32\rpcrt4.dll)
b5c.1408: supR3HardenedWinVerifyCacheInsert: \Device\HarddiskVolume1\Windows\System32\rpcrt4.dll
b5c.1408: supR3HardenedWinVerifyCacheProcessImportTodos: Processing 'msvcrt.dll'...
b5c.1408: supR3HardenedWinVerifyCacheProcessImportTodos: 'msvcrt.dll' -> '\Device\HarddiskVolume1\Windows\System32\msvcrt.dll' [rcNtRedir=0xc0150008]
b5c.1408: supHardenedWinVerifyImageByHandle: -> 0 (\Device\HarddiskVolume1\Windows\System32\msvcrt.dll)
b5c.1408: supR3HardenedWinVerifyCacheInsert: \Device\HarddiskVolume1\Windows\System32\msvcrt.dll
b5c.1408: supR3HardenedMonitor_LdrLoadDll: pName=C:\Windows\system32\Wintrust.dll (rcNtResolve=0xc0150008) *pfFlags=0x0 pwszSearchPath=0000000000000801:<flags> [calling]
b5c.1408: supR3HardenedDllNotificationCallback: load   00007ffb411c0000 LB 0x0009e000 C:\Windows\System32\msvcrt.dll [fFlags=0x0]
b5c.1408: supR3HardenedScreenImage/LdrLoadDll: cache hit (VINF_SUCCESS) on \Device\HarddiskVolume1\Windows\System32\msvcrt.dll [lacks WinVerifyTrust]
b5c.1408: supR3HardenedDllNotificationCallback: load   00007ffb405f0000 LB 0x00120000 C:\Windows\System32\RPCRT4.dll [fFlags=0x0]
b5c.1408: supR3HardenedScreenImage/LdrLoadDll: cache hit (VINF_SUCCESS) on \Device\HarddiskVolume1\Windows\System32\rpcrt4.dll [lacks WinVerifyTrust]
b5c.1408: supR3HardenedDllNotificationCallback: load   00007ffb3fdd0000 LB 0x00073000 C:\Windows\System32\Wintrust.dll [fFlags=0x0]
b5c.1408: supR3HardenedScreenImage/LdrLoadDll: cache hit (VINF_SUCCESS) on \Device\HarddiskVolume1\Windows\System32\wintrust.dll [lacks WinVerifyTrust]
b5c.1408: supR3HardenedDllNotificationCallback: load   00007ffb3fb20000 LB 0x00100000 C:\Windows\System32\ucrtbase.dll [fFlags=0x0]
b5c.1408: supHardenedWinVerifyImageByHandle: -> 0 (\Device\HarddiskVolume1\Windows\System32\ucrtbase.dll)
b5c.1408: supR3HardenedWinVerifyCacheInsert: \Device\HarddiskVolume1\Windows\System32\ucrtbase.dll
b5c.1408: supR3HardenedDllNotificationCallback: load   00007ffb40320000 LB 0x0015d000 C:\Windows\System32\CRYPT32.dll [fFlags=0x0]
b5c.1408: supHardenedWinVerifyImageByHandle: -> 0 (\Device\HarddiskVolume1\Windows\System32\crypt32.dll)
b5c.1408: supR3HardenedWinVerifyCacheInsert: \Device\HarddiskVolume1\Windows\System32\crypt32.dll
b5c.1408: supR3HardenedIsApiSetDll: ApiSetQueryApiSetPresence(api-ms-win-core-synch-l1-2-0) -> 0x0, fPresent=1
b5c.1408: supR3HardenedMonitor_LdrLoadDll: pName=api-ms-win-core-synch-l1-2-0 (rcNtResolve=0x0) *pfFlags=0x0 pwszSearchPath=0000000000000801:<flags> [calling]
b5c.1408: supR3HardenedMonitor_LdrLoadDll: returns rcNt=0x0 hMod=00007ffb3ff70000 'api-ms-win-core-synch-l1-2-0'
b5c.1408: supR3HardenedIsApiSetDll: ApiSetQueryApiSetPresence(api-ms-win-core-fibers-l1-1-1) -> 0x0, fPresent=1
b5c.1408: supR3HardenedMonitor_LdrLoadDll: pName=api-ms-win-core-fibers-l1-1-1 (rcNtResolve=0x0) *pfFlags=0x0 pwszSearchPath=0000000000000801:<flags> [calling]
b5c.1408: supR3HardenedMonitor_LdrLoadDll: returns rcNt=0x0 hMod=00007ffb3ff70000 'api-ms-win-core-fibers-l1-1-1'
b5c.1408: supR3HardenedIsApiSetDll: ApiSetQueryApiSetPresence(api-ms-win-core-fibers-l1-1-1) -> 0x0, fPresent=1
b5c.1408: supR3HardenedMonitor_LdrLoadDll: pName=api-ms-win-core-fibers-l1-1-1 (rcNtResolve=0x0) *pfFlags=0x0 pwszSearchPath=0000000000000801:<flags> [calling]
b5c.1408: supR3HardenedMonitor_LdrLoadDll: returns rcNt=0x0 hMod=00007ffb3ff70000 'api-ms-win-core-fibers-l1-1-1'
b5c.1408: supR3HardenedIsApiSetDll: ApiSetQueryApiSetPresence(api-ms-win-core-synch-l1-2-0) -> 0x0, fPresent=1
b5c.1408: supR3HardenedMonitor_LdrLoadDll: pName=api-ms-win-core-synch-l1-2-0 (rcNtResolve=0x0) *pfFlags=0x0 pwszSearchPath=0000000000000801:<flags> [calling]
b5c.1408: supR3HardenedMonitor_LdrLoadDll: returns rcNt=0x0 hMod=00007ffb3ff70000 'api-ms-win-core-synch-l1-2-0'
b5c.1408: supHardenedWinVerifyImageByHandle: -> 0 (\Device\HarddiskVolume1\Windows\System32\msasn1.dll)
b5c.1408: supR3HardenedWinVerifyCacheInsert: \Device\HarddiskVolume1\Windows\System32\msasn1.dll
b5c.1408: supR3HardenedDllNotificationCallback: load   00007ffb3f850000 LB 0x00012000 C:\Windows\SYSTEM32\MSASN1.dll [fFlags=0x0]
b5c.1408: supR3HardenedScreenImage/LdrLoadDll: cache hit (VINF_SUCCESS) on \Device\HarddiskVolume1\Windows\System32\msasn1.dll [lacks WinVerifyTrust]
b5c.1408: supR3HardenedMonitor_LdrLoadDll: returns rcNt=0x0 hMod=00007ffb3fdd0000 'C:\Windows\system32\Wintrust.dll'
b5c.1408: supHardenedWinVerifyImageByHandle: -> 0 (\Device\HarddiskVolume1\Windows\System32\bcrypt.dll)
b5c.1408: supR3HardenedWinVerifyCacheInsert: \Device\HarddiskVolume1\Windows\System32\bcrypt.dll
b5c.1408: supR3HardenedMonitor_LdrLoadDll: pName=C:\Windows\system32\bcrypt.dll (rcNtResolve=0xc0150008) *pfFlags=0x0 pwszSearchPath=0000000000000801:<flags> [calling]
b5c.1408: supR3HardenedDllNotificationCallback: load   00007ffb3fe50000 LB 0x00027000 C:\Windows\System32\bcrypt.dll [fFlags=0x0]
b5c.1408: supR3HardenedScreenImage/LdrLoadDll: cache hit (VINF_SUCCESS) on \Device\HarddiskVolume1\Windows\System32\bcrypt.dll [lacks WinVerifyTrust]
b5c.1408: supR3HardenedMonitor_LdrLoadDll: returns rcNt=0x0 hMod=00007ffb3fe50000 'C:\Windows\system32\bcrypt.dll'
b5c.1408: bcrypt.dll loaded at 00007ffb3fe50000, BCryptOpenAlgorithmProvider at 00007ffb3fe55a60, preloading providers:
b5c.1408: supHardenedWinVerifyImageByHandle: -> 0 (\Device\HarddiskVolume1\Windows\System32\bcryptprimitives.dll)
b5c.1408: supR3HardenedWinVerifyCacheInsert: \Device\HarddiskVolume1\Windows\System32\bcryptprimitives.dll
b5c.1408: supR3HardenedMonitor_LdrLoadDll: pName=C:\Windows\system32\bcryptprimitives.dll (rcNtResolve=0xc0150008) *pfFlags=0x0 pwszSearchPath=0000000000000001:<flags> [calling]
b5c.1408: supR3HardenedDllNotificationCallback: load   00007ffb3fc20000 LB 0x00082000 C:\Windows\System32\bcryptprimitives.dll [fFlags=0x0]
b5c.1408: supR3HardenedScreenImage/LdrLoadDll: cache hit (VINF_SUCCESS) on \Device\HarddiskVolume1\Windows\System32\bcryptprimitives.dll [lacks WinVerifyTrust]
b5c.1408: supR3HardenedMonitor_LdrLoadDll: returns rcNt=0x0 hMod=00007ffb3fc20000 'C:\Windows\system32\bcryptprimitives.dll'
b5c.1408:     BCryptOpenAlgorithmProvider(,'MD2',0,0) -> 0x0 (hAlgo=000001d54f00d8f0)
b5c.1408:     BCryptOpenAlgorithmProvider(,'MD4',0,0) -> 0x0 (hAlgo=000001d54f00de80)
b5c.1408:     BCryptOpenAlgorithmProvider(,'MD5',0,0) -> 0x0 (hAlgo=000001d54f00e1b0)
b5c.1408:     BCryptOpenAlgorithmProvider(,'SHA1',0,0) -> 0x0 (hAlgo=000001d54f00e4e0)
b5c.1408:     BCryptOpenAlgorithmProvider(,'SHA256',0,0) -> 0x0 (hAlgo=000001d54f00e810)
b5c.1408:     BCryptOpenAlgorithmProvider(,'SHA512',0,0) -> 0x0 (hAlgo=000001d54f00eb40)
b5c.1408:     BCryptOpenAlgorithmProvider(,'RSA',0,0) -> 0x0 (hAlgo=000001d54f00ee70)
b5c.1408:     BCryptOpenAlgorithmProvider(,'DSA',0,0) -> 0x0 (hAlgo=000001d54f00f1a0)
b5c.1408: supHardenedWinVerifyImageByHandle: -> 0 (\Device\HarddiskVolume1\Windows\System32\cryptsp.dll)
b5c.1408: supR3HardenedWinVerifyCacheInsert: \Device\HarddiskVolume1\Windows\System32\cryptsp.dll
b5c.1408: supR3HardenedDllNotificationCallback: load   00007ffb3f7c0000 LB 0x00018000 C:\Windows\SYSTEM32\CRYPTSP.dll [fFlags=0x0]
b5c.1408: supR3HardenedScreenImage/LdrLoadDll: cache hit (VINF_SUCCESS) on \Device\HarddiskVolume1\Windows\System32\cryptsp.dll [lacks WinVerifyTrust]
b5c.1408: supR3HardenedWinVerifyCacheScheduleImports: Import todo: #18 'bcrypt.dll'.
b5c.1408: supHardenedWinVerifyImageByHandle: -> 0 (\Device\HarddiskVolume1\Windows\System32\rsaenh.dll)
b5c.1408: supR3HardenedWinVerifyCacheInsert: \Device\HarddiskVolume1\Windows\System32\rsaenh.dll
b5c.1408: supR3HardenedWinVerifyCacheProcessImportTodos: Processing 'bcrypt.dll'...
b5c.1408: supR3HardenedWinVerifyCacheProcessImportTodos: 'bcrypt.dll' -> '\Device\HarddiskVolume1\Windows\System32\bcrypt.dll' [rcNtRedir=0xc0150008]
b5c.1408: supR3HardenedScreenImage/Imports: cache hit (VINF_SUCCESS) on \Device\HarddiskVolume1\Windows\System32\bcrypt.dll [lacks WinVerifyTrust]
b5c.1408: supR3HardenedMonitor_LdrLoadDll: pName=C:\Windows\system32\rsaenh.dll (rcNtResolve=0xc0150008) *pfFlags=0x0 pwszSearchPath=0000000000000001:<flags> [calling]
b5c.1408: supR3HardenedScreenImage/NtCreateSection: cache hit (VINF_SUCCESS) on \Device\HarddiskVolume1\Windows\System32\rsaenh.dll [lacks WinVerifyTrust]
b5c.1408: supR3HardenedDllNotificationCallback: load   00007ffb3eb20000 LB 0x00038000 C:\Windows\system32\rsaenh.dll [fFlags=0x0]
b5c.1408: supR3HardenedScreenImage/LdrLoadDll: cache hit (VINF_SUCCESS) on \Device\HarddiskVolume1\Windows\System32\rsaenh.dll [lacks WinVerifyTrust]
b5c.1408: supR3HardenedMonitor_LdrLoadDll: returns rcNt=0x0 hMod=00007ffb3eb20000 'C:\Windows\system32\rsaenh.dll'
b5c.1408: supHardenedWinVerifyImageByHandle: -> 0 (\Device\HarddiskVolume1\Windows\System32\cryptbase.dll)
b5c.1408: supR3HardenedWinVerifyCacheInsert: \Device\HarddiskVolume1\Windows\System32\cryptbase.dll
b5c.1408: supR3HardenedDllNotificationCallback: load   00007ffb3f3e0000 LB 0x0000c000 C:\Windows\SYSTEM32\CRYPTBASE.dll [fFlags=0x0]
b5c.1408: supR3HardenedScreenImage/LdrLoadDll: cache hit (VINF_SUCCESS) on \Device\HarddiskVolume1\Windows\System32\cryptbase.dll [lacks WinVerifyTrust]
b5c.1408: supR3HardenedScreenImage/LdrLoadDll: cache hit (VINF_SUCCESS) on \Device\HarddiskVolume1\Windows\System32\kernel32.dll [lacks WinVerifyTrust]
b5c.1408: supR3HardenedMonitor_LdrLoadDll: pName=C:\Windows\System32\kernel32.dll (Input=kernel32.dll, rcNtResolve=0xc0150008) *pfFlags=0x0 pwszSearchPath=0000000000000001:<flags> [calling]
b5c.1408: supR3HardenedMonitor_LdrLoadDll: returns rcNt=0x0 hMod=00007ffb40c70000 'C:\Windows\System32\kernel32.dll'
b5c.1408: supR3HardenedScreenImage/LdrLoadDll: cache hit (VINF_SUCCESS) on \Device\HarddiskVolume1\Windows\System32\wintrust.dll [lacks WinVerifyTrust]
b5c.1408: supR3HardenedMonitor_LdrLoadDll: pName=C:\Windows\System32\WINTRUST.DLL (Input=WINTRUST.DLL, rcNtResolve=0xc0150008) *pfFlags=0x0 pwszSearchPath=0000000000000001:<flags> [calling]
b5c.1408: supR3HardenedMonitor_LdrLoadDll: returns rcNt=0x0 hMod=00007ffb3fdd0000 'C:\Windows\System32\WINTRUST.DLL'
b5c.1408: supR3HardenedScreenImage/LdrLoadDll: cache hit (VINF_SUCCESS) on \Device\HarddiskVolume1\Windows\System32\crypt32.dll [lacks WinVerifyTrust]
b5c.1408: supR3HardenedMonitor_LdrLoadDll: pName=C:\Windows\System32\CRYPT32.dll (rcNtResolve=0xc0150008) *pfFlags=0x2 pwszSearchPath=0000000000000001:<flags> [calling]
b5c.1408: supR3HardenedMonitor_LdrLoadDll: returns rcNt=0x0 hMod=00007ffb40320000 'C:\Windows\System32\CRYPT32.dll'
b5c.1408: supR3HardenedDllNotificationCallback: load   00007ffb40fb0000 LB 0x0001d000 C:\Windows\System32\imagehlp.dll [fFlags=0x0]
b5c.1408: supHardenedWinVerifyImageByHandle: -> 0 (\Device\HarddiskVolume1\Windows\System32\imagehlp.dll)
b5c.1408: supR3HardenedWinVerifyCacheInsert: \Device\HarddiskVolume1\Windows\System32\imagehlp.dll
b5c.1408: supR3HardenedScreenImage/LdrLoadDll: cache hit (VINF_SUCCESS) on \Device\HarddiskVolume1\Windows\System32\rsaenh.dll [lacks WinVerifyTrust]
b5c.1408: supR3HardenedMonitor_LdrLoadDll: pName=C:\Windows\system32\rsaenh.dll (rcNtResolve=0xc0150008) *pfFlags=0x0 pwszSearchPath=0000000000000001:<flags> [calling]
b5c.1408: supR3HardenedMonitor_LdrLoadDll: returns rcNt=0x0 hMod=00007ffb3eb20000 'C:\Windows\system32\rsaenh.dll'
b5c.1408: supR3HardenedScreenImage/LdrLoadDll: cache hit (VINF_SUCCESS) on \Device\HarddiskVolume1\Windows\System32\crypt32.dll [lacks WinVerifyTrust]
b5c.1408: supR3HardenedMonitor_LdrLoadDll: pName=C:\Windows\System32\crypt32.dll (Input=crypt32.dll, rcNtResolve=0xc0150008) *pfFlags=0x0 pwszSearchPath=0000000000000001:<flags> [calling]
b5c.1408: supR3HardenedMonitor_LdrLoadDll: returns rcNt=0x0 hMod=00007ffb40320000 'C:\Windows\System32\crypt32.dll'
b5c.1408: supR3HardenedDllNotificationCallback: load   00007ffb41000000 LB 0x0009f000 C:\Windows\System32\sechost.dll [fFlags=0x0]
b5c.1408: supR3HardenedWinVerifyCacheScheduleImports: Import todo: #11 'rpcrt4.dll'.
b5c.1408: supR3HardenedWinVerifyCacheScheduleImports: Import todo: #24 'bcrypt.dll'.
b5c.1408: supHardenedWinVerifyImageByHandle: -> 0 (\Device\HarddiskVolume1\Windows\System32\sechost.dll)
b5c.1408: supR3HardenedWinVerifyCacheInsert: \Device\HarddiskVolume1\Windows\System32\sechost.dll
b5c.1408: supR3HardenedWinVerifyCacheScheduleImports: Import todo: #0 'msvcrt.dll'.
b5c.1408: supR3HardenedWinVerifyCacheScheduleImports: Import todo: #10 'rpcrt4.dll'.
b5c.1408: supHardenedWinVerifyImageByHandle: -> 0 (\Device\HarddiskVolume1\Windows\System32\gpapi.dll)
b5c.1408: supR3HardenedWinVerifyCacheInsert: \Device\HarddiskVolume1\Windows\System32\gpapi.dll
b5c.1408: supR3HardenedDllNotificationCallback: load   00007ffb3e330000 LB 0x00023000 C:\Windows\SYSTEM32\gpapi.dll [fFlags=0x0]
b5c.1408: supR3HardenedScreenImage/LdrLoadDll: cache hit (VINF_SUCCESS) on \Device\HarddiskVolume1\Windows\System32\gpapi.dll [lacks WinVerifyTrust]
b5c.1408: supR3HardenedWinVerifyCacheScheduleImports: Import todo: #0 'msvcrt.dll'.
b5c.1408: supR3HardenedWinVerifyCacheScheduleImports: Import todo: #8 'crypt32.dll'.
b5c.1408: supHardenedWinVerifyImageByHandle: -> 0 (\Device\HarddiskVolume1\Windows\System32\cryptnet.dll)
b5c.1408: supR3HardenedWinVerifyCacheInsert: \Device\HarddiskVolume1\Windows\System32\cryptnet.dll
b5c.1408: supR3HardenedWinVerifyCacheProcessImportTodos: Processing 'crypt32.dll'...
b5c.1408: supR3HardenedWinVerifyCacheProcessImportTodos: 'crypt32.dll' -> '\Device\HarddiskVolume1\Windows\System32\crypt32.dll' [rcNtRedir=0xc0150008]
b5c.1408: supR3HardenedScreenImage/Imports: cache hit (VINF_SUCCESS) on \Device\HarddiskVolume1\Windows\System32\crypt32.dll [lacks WinVerifyTrust]
b5c.1408: supR3HardenedWinVerifyCacheProcessImportTodos: Processing 'msvcrt.dll'...
b5c.1408: supR3HardenedWinVerifyCacheProcessImportTodos: 'msvcrt.dll' -> '\Device\HarddiskVolume1\Windows\System32\msvcrt.dll' [rcNtRedir=0xc0150008]
b5c.1408: supR3HardenedScreenImage/Imports: cache hit (VINF_SUCCESS) on \Device\HarddiskVolume1\Windows\System32\msvcrt.dll [lacks WinVerifyTrust]
b5c.1408: supR3HardenedWinVerifyCacheProcessImportTodos: Processing 'rpcrt4.dll'...
b5c.1408: supR3HardenedWinVerifyCacheProcessImportTodos: 'rpcrt4.dll' -> '\Device\HarddiskVolume1\Windows\System32\rpcrt4.dll' [rcNtRedir=0xc0150008]
b5c.1408: supR3HardenedScreenImage/Imports: cache hit (VINF_SUCCESS) on \Device\HarddiskVolume1\Windows\System32\rpcrt4.dll [lacks WinVerifyTrust]
b5c.1408: supR3HardenedWinVerifyCacheProcessImportTodos: Processing 'msvcrt.dll'...
b5c.1408: supR3HardenedWinVerifyCacheProcessImportTodos: 'msvcrt.dll' -> '\Device\HarddiskVolume1\Windows\System32\msvcrt.dll' [rcNtRedir=0xc0150008]
b5c.1408: supR3HardenedScreenImage/Imports: cache hit (VINF_SUCCESS) on \Device\HarddiskVolume1\Windows\System32\msvcrt.dll [lacks WinVerifyTrust]
b5c.1408: supR3HardenedWinVerifyCacheProcessImportTodos: Processing 'bcrypt.dll'...
b5c.1408: supR3HardenedWinVerifyCacheProcessImportTodos: 'bcrypt.dll' -> '\Device\HarddiskVolume1\Windows\System32\bcrypt.dll' [rcNtRedir=0xc0150008]
b5c.1408: supR3HardenedScreenImage/Imports: cache hit (VINF_SUCCESS) on \Device\HarddiskVolume1\Windows\System32\bcrypt.dll [lacks WinVerifyTrust]
b5c.1408: supR3HardenedWinVerifyCacheProcessImportTodos: Processing 'rpcrt4.dll'...
b5c.1408: supR3HardenedWinVerifyCacheProcessImportTodos: 'rpcrt4.dll' -> '\Device\HarddiskVolume1\Windows\System32\rpcrt4.dll' [rcNtRedir=0xc0150008]
b5c.1408: supR3HardenedScreenImage/Imports: cache hit (VINF_SUCCESS) on \Device\HarddiskVolume1\Windows\System32\rpcrt4.dll [lacks WinVerifyTrust]
b5c.1408: supR3HardenedMonitor_LdrLoadDll: pName=C:\Windows\System32\cryptnet.dll (rcNtResolve=0xc0150008) *pfFlags=0x0 pwszSearchPath=0000000000000001:<flags> [calling]
b5c.1408: supR3HardenedScreenImage/NtCreateSection: cache hit (VINF_SUCCESS) on \Device\HarddiskVolume1\Windows\System32\cryptnet.dll [lacks WinVerifyTrust]
b5c.1408: supR3HardenedDllNotificationCallback: load   00007ffb36c20000 LB 0x00031000 C:\Windows\System32\cryptnet.dll [fFlags=0x0]
b5c.1408: supR3HardenedScreenImage/LdrLoadDll: cache hit (VINF_SUCCESS) on \Device\HarddiskVolume1\Windows\System32\cryptnet.dll [lacks WinVerifyTrust]
b5c.1408: supR3HardenedScreenImage/LdrLoadDll: cache hit (VINF_SUCCESS) on \Device\HarddiskVolume1\Windows\System32\cryptnet.dll [lacks WinVerifyTrust]
b5c.1408: supR3HardenedMonitor_LdrLoadDll: pName=C:\Windows\System32\cryptnet.dll (rcNtResolve=0xc0150008) *pfFlags=0x2 pwszSearchPath=0000000000000001:<flags> [calling]
b5c.1408: supR3HardenedMonitor_LdrLoadDll: returns rcNt=0x0 hMod=00007ffb36c20000 'C:\Windows\System32\cryptnet.dll'
b5c.1408: supR3HardenedScreenImage/LdrLoadDll: cache hit (VINF_SUCCESS) on \Device\HarddiskVolume1\Windows\System32\cryptnet.dll [lacks WinVerifyTrust]
b5c.1408: supR3HardenedMonitor_LdrLoadDll: pName=C:\Windows\System32\cryptnet.dll (rcNtResolve=0xc0150008) *pfFlags=0x2 pwszSearchPath=0000000000000001:<flags> [calling]
b5c.1408: supR3HardenedMonitor_LdrLoadDll: returns rcNt=0x0 hMod=00007ffb36c20000 'C:\Windows\System32\cryptnet.dll'
b5c.1408: supR3HardenedScreenImage/LdrLoadDll: cache hit (VINF_SUCCESS) on \Device\HarddiskVolume1\Windows\System32\cryptnet.dll [lacks WinVerifyTrust]
b5c.1408: supR3HardenedMonitor_LdrLoadDll: pName=C:\Windows\System32\cryptnet.dll (rcNtResolve=0xc0150008) *pfFlags=0x2 pwszSearchPath=0000000000000001:<flags> [calling]
b5c.1408: supR3HardenedMonitor_LdrLoadDll: returns rcNt=0x0 hMod=00007ffb36c20000 'C:\Windows\System32\cryptnet.dll'
b5c.1408: supR3HardenedScreenImage/LdrLoadDll: cache hit (VINF_SUCCESS) on \Device\HarddiskVolume1\Windows\System32\cryptnet.dll [lacks WinVerifyTrust]
b5c.1408: supR3HardenedMonitor_LdrLoadDll: pName=C:\Windows\System32\cryptnet.dll (rcNtResolve=0xc0150008) *pfFlags=0x2 pwszSearchPath=0000000000000001:<flags> [calling]
b5c.1408: supR3HardenedMonitor_LdrLoadDll: returns rcNt=0x0 hMod=00007ffb36c20000 'C:\Windows\System32\cryptnet.dll'
b5c.1408: supR3HardenedScreenImage/LdrLoadDll: cache hit (VINF_SUCCESS) on \Device\HarddiskVolume1\Windows\System32\cryptnet.dll [lacks WinVerifyTrust]
b5c.1408: supR3HardenedMonitor_LdrLoadDll: pName=C:\Windows\System32\cryptnet.dll (rcNtResolve=0xc0150008) *pfFlags=0x2 pwszSearchPath=0000000000000001:<flags> [calling]
b5c.1408: supR3HardenedMonitor_LdrLoadDll: returns rcNt=0x0 hMod=00007ffb36c20000 'C:\Windows\System32\cryptnet.dll'
b5c.1408: supR3HardenedScreenImage/LdrLoadDll: cache hit (VINF_SUCCESS) on \Device\HarddiskVolume1\Windows\System32\cryptnet.dll [lacks WinVerifyTrust]
b5c.1408: supR3HardenedMonitor_LdrLoadDll: pName=C:\Windows\System32\cryptnet.dll (rcNtResolve=0xc0150008) *pfFlags=0x2 pwszSearchPath=0000000000000001:<flags> [calling]
b5c.1408: supR3HardenedMonitor_LdrLoadDll: returns rcNt=0x0 hMod=00007ffb36c20000 'C:\Windows\System32\cryptnet.dll'
b5c.1408: supR3HardenedScreenImage/LdrLoadDll: cache hit (VINF_SUCCESS) on \Device\HarddiskVolume1\Windows\System32\cryptnet.dll [lacks WinVerifyTrust]
b5c.1408: supR3HardenedMonitor_LdrLoadDll: returns rcNt=0x0 hMod=00007ffb36c20000 'C:\Windows\System32\cryptnet.dll'
b5c.1408: supR3HardenedScreenImage/LdrLoadDll: cache hit (VINF_SUCCESS) on \Device\HarddiskVolume1\Windows\System32\cryptnet.dll [lacks WinVerifyTrust]
b5c.1408: supR3HardenedMonitor_LdrLoadDll: returns rcNt=0x0 hMod=00007ffb36c20000 'C:\Windows\System32\cryptnet.dll'
b5c.1408: supR3HardenedScreenImage/LdrLoadDll: cache hit (VINF_SUCCESS) on \Device\HarddiskVolume1\Windows\System32\cryptnet.dll [lacks WinVerifyTrust]
b5c.1408: supR3HardenedMonitor_LdrLoadDll: returns rcNt=0x0 hMod=00007ffb36c20000 'C:\Windows\System32\cryptnet.dll'
b5c.1408: supR3HardenedScreenImage/LdrLoadDll: cache hit (VINF_SUCCESS) on \Device\HarddiskVolume1\Windows\System32\cryptnet.dll [lacks WinVerifyTrust]
b5c.1408: supR3HardenedMonitor_LdrLoadDll: returns rcNt=0x0 hMod=00007ffb36c20000 'C:\Windows\System32\cryptnet.dll'
b5c.1408: supR3HardenedScreenImage/LdrLoadDll: cache hit (VINF_SUCCESS) on \Device\HarddiskVolume1\Windows\System32\cryptnet.dll [lacks WinVerifyTrust]
b5c.1408: supR3HardenedMonitor_LdrLoadDll: returns rcNt=0x0 hMod=00007ffb36c20000 'C:\Windows\System32\cryptnet.dll'
b5c.1408: supR3HardenedMonitor_LdrLoadDll: returns rcNt=0x0 hMod=00007ffb36c20000 'C:\Windows\System32\cryptnet.dll'
b5c.1408: supHardenedWinVerifyImageByHandle: -> 0 (\Device\HarddiskVolume1\Windows\System32\profapi.dll)
b5c.1408: supR3HardenedWinVerifyCacheInsert: \Device\HarddiskVolume1\Windows\System32\profapi.dll
b5c.1408: supR3HardenedDllNotificationCallback: load   00007ffb3fa50000 LB 0x00024000 C:\Windows\SYSTEM32\profapi.dll [fFlags=0x0]
b5c.1408: supR3HardenedScreenImage/LdrLoadDll: cache hit (VINF_SUCCESS) on \Device\HarddiskVolume1\Windows\System32\profapi.dll [lacks WinVerifyTrust]
b5c.1408: supR3HardenedDllNotificationCallback: load   00007ffb41990000 LB 0x000b1000 C:\Windows\System32\advapi32.dll [fFlags=0x0]
b5c.1408: supR3HardenedWinVerifyCacheScheduleImports: Import todo: #0 'msvcrt.dll'.
b5c.1408: supR3HardenedWinVerifyCacheScheduleImports: Import todo: #6 'sechost.dll'.
b5c.1408: supR3HardenedWinVerifyCacheScheduleImports: Import todo: #27 'rpcrt4.dll'.
b5c.1408: supHardenedWinVerifyImageByHandle: -> 0 (\Device\HarddiskVolume1\Windows\System32\advapi32.dll)
b5c.1408: supR3HardenedWinVerifyCacheInsert: \Device\HarddiskVolume1\Windows\System32\advapi32.dll
b5c.1408: supR3HardenedScreenImage/LdrLoadDll: cache hit (VINF_SUCCESS) on \Device\HarddiskVolume1\Windows\System32\rsaenh.dll [lacks WinVerifyTrust]
b5c.1408: supR3HardenedWinVerifyCacheProcessImportTodos: Processing 'rpcrt4.dll'...
b5c.1408: supR3HardenedWinVerifyCacheProcessImportTodos: 'rpcrt4.dll' -> '\Device\HarddiskVolume1\Windows\System32\rpcrt4.dll' [rcNtRedir=0xc0150008]
b5c.1408: supR3HardenedScreenImage/Imports: cache hit (VINF_SUCCESS) on \Device\HarddiskVolume1\Windows\System32\rpcrt4.dll [lacks WinVerifyTrust]
b5c.1408: supR3HardenedWinVerifyCacheProcessImportTodos: Processing 'sechost.dll'...
b5c.1408: supR3HardenedWinVerifyCacheProcessImportTodos: 'sechost.dll' -> '\Device\HarddiskVolume1\Windows\System32\sechost.dll' [rcNtRedir=0xc0150008]
b5c.1408: supR3HardenedScreenImage/Imports: cache hit (VINF_SUCCESS) on \Device\HarddiskVolume1\Windows\System32\sechost.dll [lacks WinVerifyTrust]
b5c.1408: supR3HardenedWinVerifyCacheProcessImportTodos: Processing 'msvcrt.dll'...
b5c.1408: supR3HardenedWinVerifyCacheProcessImportTodos: 'msvcrt.dll' -> '\Device\HarddiskVolume1\Windows\System32\msvcrt.dll' [rcNtRedir=0xc0150008]
b5c.1408: supR3HardenedScreenImage/Imports: cache hit (VINF_SUCCESS) on \Device\HarddiskVolume1\Windows\System32\msvcrt.dll [lacks WinVerifyTrust]
b5c.1408: supR3HardenedMonitor_LdrLoadDll: pName=C:\Windows\system32\rsaenh.dll (rcNtResolve=0xc0150008) *pfFlags=0x0 pwszSearchPath=0000000000000001:<flags> [calling]
b5c.1408: supR3HardenedMonitor_LdrLoadDll: returns rcNt=0x0 hMod=00007ffb3eb20000 'C:\Windows\system32\rsaenh.dll'
b5c.1408: supR3HardenedScreenImage/LdrLoadDll: cache hit (VINF_SUCCESS) on \Device\HarddiskVolume1\Windows\System32\crypt32.dll [lacks WinVerifyTrust]
b5c.1408: supR3HardenedMonitor_LdrLoadDll: pName=C:\Windows\System32\crypt32.dll (Input=crypt32.dll, rcNtResolve=0xc0150008) *pfFlags=0x0 pwszSearchPath=0000000000000001:<flags> [calling]
b5c.1408: supR3HardenedMonitor_LdrLoadDll: returns rcNt=0x0 hMod=00007ffb40320000 'C:\Windows\System32\crypt32.dll'
b5c.1408: supR3HardNtViCallWinVerifyTrustCatFile: hFile=0000000000000000 pwszName=\SystemRoot\System32\ntdll.dll
b5c.1408: supR3HardNtViCallWinVerifyTrustCatFile: New context 000001d54f07e0d0
b5c.1408: supR3HardNtViCallWinVerifyTrustCatFile: hCatAdmin=000001d54f07e0d0
b5c.1408: supR3HardNtViCallWinVerifyTrustCatFile: cbHash=20 wszDigest=0CF12AA3B29D7188F4DC9C1E151BA1AD50268E1A
b5c.1408: supR3HardenedScreenImage/LdrLoadDll: cache hit (VINF_SUCCESS) on \Device\HarddiskVolume1\Windows\System32\rpcrt4.dll [lacks WinVerifyTrust]
b5c.1408: supR3HardenedMonitor_LdrLoadDll: pName=C:\Windows\System32\rpcrt4.dll (Input=rpcrt4.dll, rcNtResolve=0xc0150008) *pfFlags=0x0 pwszSearchPath=0000000000000001:<flags> [calling]
b5c.1408: supR3HardenedMonitor_LdrLoadDll: returns rcNt=0x0 hMod=00007ffb405f0000 'C:\Windows\System32\rpcrt4.dll'
b5c.1408: supR3HardenedScreenImage/LdrLoadDll: cache hit (VINF_SUCCESS) on \Device\HarddiskVolume1\Windows\System32\rsaenh.dll [lacks WinVerifyTrust]
b5c.1408: supR3HardenedMonitor_LdrLoadDll: pName=C:\Windows\system32\rsaenh.dll (rcNtResolve=0xc0150008) *pfFlags=0x0 pwszSearchPath=0000000000000001:<flags> [calling]
b5c.1408: supR3HardenedMonitor_LdrLoadDll: returns rcNt=0x0 hMod=00007ffb3eb20000 'C:\Windows\system32\rsaenh.dll'
b5c.1408: supR3HardenedScreenImage/LdrLoadDll: cache hit (VINF_SUCCESS) on \Device\HarddiskVolume1\Windows\System32\crypt32.dll [lacks WinVerifyTrust]
b5c.1408: supR3HardenedMonitor_LdrLoadDll: pName=C:\Windows\System32\crypt32.dll (Input=crypt32.dll, rcNtResolve=0xc0150008) *pfFlags=0x0 pwszSearchPath=0000000000000001:<flags> [calling]
b5c.1408: supR3HardenedMonitor_LdrLoadDll: returns rcNt=0x0 hMod=00007ffb40320000 'C:\Windows\System32\crypt32.dll'
b5c.1408: supR3HardNtViCallWinVerifyTrustCatFile: WinVerifyTrust => 0x0; cat='C:\Windows\system32\CatRoot\{F750E6C3-38EE-11D1-85E5-00C04FC295EE}\Microsoft-Windows-Client-Desktop-Required-Package0516~31bf3856ad364e35~amd64~~10.0.19041.6456.cat'; file='\SystemRoot\System32\ntdll.dll'
b5c.1408: g_pfnWinVerifyTrust=00007ffb3fdd3d10
b5c.1408: supR3HardenedScreenImage/preload: cache hit (VINF_SUCCESS) on \Device\HarddiskVolume1\Windows\System32\crypt32.dll [redoing WinVerifyTrust]
b5c.1408: supR3HardenedScreenImage/LdrLoadDll: cache hit (VINF_SUCCESS) on \Device\HarddiskVolume1\Windows\System32\rsaenh.dll [lacks WinVerifyTrust]
b5c.1408: supR3HardenedMonitor_LdrLoadDll: pName=C:\Windows\system32\rsaenh.dll (rcNtResolve=0xc0150008) *pfFlags=0x0 pwszSearchPath=0000000000000001:<flags> [calling]
b5c.1408: supR3HardenedMonitor_LdrLoadDll: returns rcNt=0x0 hMod=00007ffb3eb20000 'C:\Windows\system32\rsaenh.dll'
b5c.1408: supR3HardenedScreenImage/LdrLoadDll: cache hit (VINF_SUCCESS) on \Device\HarddiskVolume1\Windows\System32\crypt32.dll [lacks WinVerifyTrust]
b5c.1408: supR3HardenedMonitor_LdrLoadDll: pName=C:\Windows\System32\crypt32.dll (Input=crypt32.dll, rcNtResolve=0xc0150008) *pfFlags=0x0 pwszSearchPath=0000000000000001:<flags> [calling]
b5c.1408: supR3HardenedMonitor_LdrLoadDll: returns rcNt=0x0 hMod=00007ffb40320000 'C:\Windows\System32\crypt32.dll'
b5c.1408: supR3HardenedScreenImage/preload: 0 (was 0) fWinVerifyTrust=1 for '\Device\HarddiskVolume1\Windows\System32\crypt32.dll'
b5c.1408: supR3HardenedScreenImage/preload: cache hit (VINF_SUCCESS) on \Device\HarddiskVolume1\Windows\System32\wintrust.dll [redoing WinVerifyTrust]
b5c.1408: supR3HardenedScreenImage/LdrLoadDll: cache hit (VINF_SUCCESS) on \Device\HarddiskVolume1\Windows\System32\rsaenh.dll [lacks WinVerifyTrust]
b5c.1408: supR3HardenedMonitor_LdrLoadDll: pName=C:\Windows\system32\rsaenh.dll (rcNtResolve=0xc0150008) *pfFlags=0x0 pwszSearchPath=0000000000000001:<flags> [calling]
b5c.1408: supR3HardenedMonitor_LdrLoadDll: returns rcNt=0x0 hMod=00007ffb3eb20000 'C:\Windows\system32\rsaenh.dll'
b5c.1408: supR3HardenedScreenImage/LdrLoadDll: cache hit (VINF_SUCCESS) on \Device\HarddiskVolume1\Windows\System32\crypt32.dll
b5c.1408: supR3HardenedMonitor_LdrLoadDll: pName=C:\Windows\System32\crypt32.dll (Input=crypt32.dll, rcNtResolve=0xc0150008) *pfFlags=0x0 pwszSearchPath=0000000000000001:<flags> [calling]
b5c.1408: supR3HardenedMonitor_LdrLoadDll: returns rcNt=0x0 hMod=00007ffb40320000 'C:\Windows\System32\crypt32.dll'
b5c.1408: supR3HardenedScreenImage/preload: 0 (was 0) fWinVerifyTrust=1 for '\Device\HarddiskVolume1\Windows\System32\wintrust.dll'
b5c.1408: supR3HardenedScreenImage/LdrLoadDll: cache hit (VINF_SUCCESS) on \Device\HarddiskVolume1\Windows\System32\rsaenh.dll [lacks WinVerifyTrust]
b5c.1408: supR3HardenedMonitor_LdrLoadDll: pName=C:\Windows\system32\rsaenh.dll (rcNtResolve=0xc0150008) *pfFlags=0x0 pwszSearchPath=0000000000000001:<flags> [calling]
b5c.1408: supR3HardenedMonitor_LdrLoadDll: returns rcNt=0x0 hMod=00007ffb3eb20000 'C:\Windows\system32\rsaenh.dll'
b5c.1408: supR3HardenedMonitor_LdrLoadDll: returns rcNt=0x0 hMod=00007ffb40320000 'C:\Windows\System32\crypt32.dll'
b5c.1408: supR3HardenedWinVerifyCacheProcessWvtTodos: 0 (was 0) fWinVerifyTrust=1 for '\Device\HarddiskVolume1\Windows\System32\advapi32.dll'
b5c.1408: supR3HardenedScreenImage/LdrLoadDll: cache hit (VINF_SUCCESS) on \Device\HarddiskVolume1\Windows\System32\rsaenh.dll [lacks WinVerifyTrust]
b5c.1408: supR3HardenedMonitor_LdrLoadDll: returns rcNt=0x0 hMod=00007ffb3eb20000 'C:\Windows\system32\rsaenh.dll'
b5c.1408: supR3HardenedMonitor_LdrLoadDll: returns rcNt=0x0 hMod=00007ffb40320000 'C:\Windows\System32\crypt32.dll'
b5c.1408: supR3HardenedWinVerifyCacheProcessWvtTodos: 0 (was 0) fWinVerifyTrust=1 for '\Device\HarddiskVolume1\Windows\System32\profapi.dll'
b5c.1408: supR3HardenedScreenImage/LdrLoadDll: cache hit (VINF_SUCCESS) on \Device\HarddiskVolume1\Windows\System32\rsaenh.dll [lacks WinVerifyTrust]
b5c.1408: supR3HardenedMonitor_LdrLoadDll: returns rcNt=0x0 hMod=00007ffb3eb20000 'C:\Windows\system32\rsaenh.dll'
b5c.1408: supR3HardenedMonitor_LdrLoadDll: returns rcNt=0x0 hMod=00007ffb40320000 'C:\Windows\System32\crypt32.dll'
b5c.1408: supR3HardenedWinVerifyCacheProcessWvtTodos: 0 (was 0) fWinVerifyTrust=1 for '\Device\HarddiskVolume1\Windows\System32\cryptnet.dll'
b5c.1408: supR3HardenedScreenImage/LdrLoadDll: cache hit (VINF_SUCCESS) on \Device\HarddiskVolume1\Windows\System32\rsaenh.dll [lacks WinVerifyTrust]
b5c.1408: supR3HardenedMonitor_LdrLoadDll: returns rcNt=0x0 hMod=00007ffb3eb20000 'C:\Windows\system32\rsaenh.dll'
b5c.1408: supR3HardenedMonitor_LdrLoadDll: returns rcNt=0x0 hMod=00007ffb40320000 'C:\Windows\System32\crypt32.dll'
b5c.1408: supR3HardenedWinVerifyCacheProcessWvtTodos: 0 (was 0) fWinVerifyTrust=1 for '\Device\HarddiskVolume1\Windows\System32\gpapi.dll'
b5c.1408: supR3HardenedScreenImage/LdrLoadDll: cache hit (VINF_SUCCESS) on \Device\HarddiskVolume1\Windows\System32\rsaenh.dll [lacks WinVerifyTrust]
b5c.1408: supR3HardenedMonitor_LdrLoadDll: returns rcNt=0x0 hMod=00007ffb3eb20000 'C:\Windows\system32\rsaenh.dll'
b5c.1408: supR3HardenedMonitor_LdrLoadDll: returns rcNt=0x0 hMod=00007ffb40320000 'C:\Windows\System32\crypt32.dll'
b5c.1408: supR3HardenedWinVerifyCacheProcessWvtTodos: 0 (was 0) fWinVerifyTrust=1 for '\Device\HarddiskVolume1\Windows\System32\sechost.dll'
b5c.1408: supR3HardenedScreenImage/LdrLoadDll: cache hit (VINF_SUCCESS) on \Device\HarddiskVolume1\Windows\System32\rsaenh.dll [lacks WinVerifyTrust]
b5c.1408: supR3HardenedMonitor_LdrLoadDll: returns rcNt=0x0 hMod=00007ffb3eb20000 'C:\Windows\system32\rsaenh.dll'
b5c.1408: supR3HardenedMonitor_LdrLoadDll: returns rcNt=0x0 hMod=00007ffb40320000 'C:\Windows\System32\crypt32.dll'
b5c.1408: supR3HardenedWinVerifyCacheProcessWvtTodos: 0 (was 0) fWinVerifyTrust=1 for '\Device\HarddiskVolume1\Windows\System32\imagehlp.dll'
b5c.1408: supR3HardenedScreenImage/LdrLoadDll: cache hit (VINF_SUCCESS) on \Device\HarddiskVolume1\Windows\System32\rsaenh.dll [lacks WinVerifyTrust]
b5c.1408: supR3HardenedMonitor_LdrLoadDll: returns rcNt=0x0 hMod=00007ffb3eb20000 'C:\Windows\system32\rsaenh.dll'
b5c.1408: supR3HardenedMonitor_LdrLoadDll: returns rcNt=0x0 hMod=00007ffb40320000 'C:\Windows\System32\crypt32.dll'
b5c.1408: supR3HardenedWinVerifyCacheProcessWvtTodos: 0 (was 0) fWinVerifyTrust=1 for '\Device\HarddiskVolume1\Windows\System32\cryptbase.dll'
b5c.1408: supR3HardenedScreenImage/LdrLoadDll: cache hit (VINF_SUCCESS) on \Device\HarddiskVolume1\Windows\System32\rsaenh.dll [lacks WinVerifyTrust]
b5c.1408: supR3HardenedMonitor_LdrLoadDll: returns rcNt=0x0 hMod=00007ffb3eb20000 'C:\Windows\system32\rsaenh.dll'
b5c.1408: supR3HardenedScreenImage/LdrLoadDll: cache hit (VINF_SUCCESS) on \Device\HarddiskVolume1\Windows\System32\crypt32.dll
b5c.1408: supR3HardenedMonitor_LdrLoadDll: pName=C:\Windows\System32\crypt32.dll (Input=crypt32.dll, rcNtResolve=0xc0150008) *pfFlags=0x0 pwszSearchPath=0000000000000001:<flags> [calling]
b5c.1408: supR3HardenedMonitor_LdrLoadDll: returns rcNt=0x0 hMod=00007ffb40320000 'C:\Windows\System32\crypt32.dll'
b5c.1408: supR3HardenedWinVerifyCacheProcessWvtTodos: 0 (was 0) fWinVerifyTrust=1 for '\Device\HarddiskVolume1\Windows\System32\rsaenh.dll'
b5c.1408: supR3HardenedScreenImage/LdrLoadDll: cache hit (VINF_SUCCESS) on \Device\HarddiskVolume1\Windows\System32\rsaenh.dll
b5c.1408: supR3HardenedMonitor_LdrLoadDll: pName=C:\Windows\system32\rsaenh.dll (rcNtResolve=0xc0150008) *pfFlags=0x0 pwszSearchPath=0000000000000001:<flags> [calling]
b5c.1408: supR3HardenedMonitor_LdrLoadDll: returns rcNt=0x0 hMod=00007ffb3eb20000 'C:\Windows\system32\rsaenh.dll'
b5c.1408: supR3HardenedMonitor_LdrLoadDll: returns rcNt=0x0 hMod=00007ffb40320000 'C:\Windows\System32\crypt32.dll'
b5c.1408: supR3HardenedWinVerifyCacheProcessWvtTodos: 0 (was 0) fWinVerifyTrust=1 for '\Device\HarddiskVolume1\Windows\System32\cryptsp.dll'
b5c.1408: supR3HardenedMonitor_LdrLoadDll: returns rcNt=0x0 hMod=00007ffb3eb20000 'C:\Windows\system32\rsaenh.dll'
b5c.1408: supR3HardenedMonitor_LdrLoadDll: returns rcNt=0x0 hMod=00007ffb40320000 'C:\Windows\System32\crypt32.dll'
b5c.1408: supR3HardenedWinVerifyCacheProcessWvtTodos: 0 (was 0) fWinVerifyTrust=1 for '\Device\HarddiskVolume1\Windows\System32\bcryptprimitives.dll'
b5c.1408: supR3HardenedMonitor_LdrLoadDll: returns rcNt=0x0 hMod=00007ffb3eb20000 'C:\Windows\system32\rsaenh.dll'
b5c.1408: supR3HardenedMonitor_LdrLoadDll: returns rcNt=0x0 hMod=00007ffb40320000 'C:\Windows\System32\crypt32.dll'
b5c.1408: supR3HardenedWinVerifyCacheProcessWvtTodos: 0 (was 0) fWinVerifyTrust=1 for '\Device\HarddiskVolume1\Windows\System32\bcrypt.dll'
b5c.1408: supR3HardenedMonitor_LdrLoadDll: returns rcNt=0x0 hMod=00007ffb3eb20000 'C:\Windows\system32\rsaenh.dll'
b5c.1408: supR3HardenedMonitor_LdrLoadDll: returns rcNt=0x0 hMod=00007ffb40320000 'C:\Windows\System32\crypt32.dll'
b5c.1408: supR3HardenedWinVerifyCacheProcessWvtTodos: 0 (was 0) fWinVerifyTrust=1 for '\Device\HarddiskVolume1\Windows\System32\msasn1.dll'
b5c.1408: supR3HardenedMonitor_LdrLoadDll: returns rcNt=0x0 hMod=00007ffb3eb20000 'C:\Windows\system32\rsaenh.dll'
b5c.1408: supR3HardenedMonitor_LdrLoadDll: returns rcNt=0x0 hMod=00007ffb40320000 'C:\Windows\System32\crypt32.dll'
b5c.1408: supR3HardenedWinVerifyCacheProcessWvtTodos: 0 (was 0) fWinVerifyTrust=1 for '\Device\HarddiskVolume1\Windows\System32\ucrtbase.dll'
b5c.1408: supR3HardenedMonitor_LdrLoadDll: returns rcNt=0x0 hMod=00007ffb3eb20000 'C:\Windows\system32\rsaenh.dll'
b5c.1408: supR3HardenedMonitor_LdrLoadDll: returns rcNt=0x0 hMod=00007ffb40320000 'C:\Windows\System32\crypt32.dll'
b5c.1408: supR3HardenedWinVerifyCacheProcessWvtTodos: 0 (was 0) fWinVerifyTrust=1 for '\Device\HarddiskVolume1\Windows\System32\msvcrt.dll'
b5c.1408: supR3HardenedMonitor_LdrLoadDll: returns rcNt=0x0 hMod=00007ffb3eb20000 'C:\Windows\system32\rsaenh.dll'
b5c.1408: supR3HardenedMonitor_LdrLoadDll: returns rcNt=0x0 hMod=00007ffb40320000 'C:\Windows\System32\crypt32.dll'
b5c.1408: supR3HardenedWinVerifyCacheProcessWvtTodos: 0 (was 0) fWinVerifyTrust=1 for '\Device\HarddiskVolume1\Windows\System32\rpcrt4.dll'
b5c.1408: supR3HardenedMonitor_LdrLoadDll: returns rcNt=0x0 hMod=00007ffb3eb20000 'C:\Windows\system32\rsaenh.dll'
b5c.1408: supR3HardenedMonitor_LdrLoadDll: returns rcNt=0x0 hMod=00007ffb40320000 'C:\Windows\System32\crypt32.dll'
b5c.1408: supR3HardenedWinVerifyCacheProcessWvtTodos: 0 (was 0) fWinVerifyTrust=1 for '\Device\HarddiskVolume1\Program Files\Oracle\VirtualBox\VBoxSupLib.dll'
b5c.1408: supR3HardenedMonitor_LdrLoadDll: returns rcNt=0x0 hMod=00007ffb3eb20000 'C:\Windows\system32\rsaenh.dll'
b5c.1408: supR3HardenedMonitor_LdrLoadDll: returns rcNt=0x0 hMod=00007ffb40320000 'C:\Windows\System32\crypt32.dll'
b5c.1408: supR3HardenedWinVerifyCacheProcessWvtTodos: 0 (was 0) fWinVerifyTrust=1 for '\Device\HarddiskVolume1\Program Files\Oracle\VirtualBox\VirtualBoxVM.exe'
b5c.1408: supR3HardenedMonitor_LdrLoadDll: returns rcNt=0x0 hMod=00007ffb3eb20000 'C:\Windows\system32\rsaenh.dll'
b5c.1408: supR3HardenedMonitor_LdrLoadDll: returns rcNt=0x0 hMod=00007ffb40320000 'C:\Windows\System32\crypt32.dll'
b5c.1408: supR3HardenedWinVerifyCacheProcessWvtTodos: 0 (was 0) fWinVerifyTrust=1 for '\Device\HarddiskVolume1\Windows\System32\KernelBase.dll'
b5c.1408: supR3HardenedMonitor_LdrLoadDll: returns rcNt=0x0 hMod=00007ffb3eb20000 'C:\Windows\system32\rsaenh.dll'
b5c.1408: supR3HardenedMonitor_LdrLoadDll: returns rcNt=0x0 hMod=00007ffb40320000 'C:\Windows\System32\crypt32.dll'
b5c.1408: supR3HardenedWinVerifyCacheProcessWvtTodos: 0 (was 0) fWinVerifyTrust=1 for '\Device\HarddiskVolume1\Windows\System32\kernel32.dll'
b5c.1408: supR3HardenedMonitor_LdrLoadDll: returns rcNt=0x0 hMod=00007ffb40320000 'C:\Windows\system32\crypt32.dll'
b5c.1408: supR3HardenedWinIsDesiredRootCA: Adding 0x5ad46780fa5df300 DC=com, DC=microsoft, CN=Microsoft Root Certificate Authority
b5c.1408: supR3HardenedWinIsDesiredRootCA: Adding 0xea5386456178582b C=ZA, ST=Western Cape, L=Durbanville, O=Thawte, OU=Thawte Certification, CN=Thawte Timestamping CA
b5c.1408: supR3HardenedWinIsDesiredRootCA: Adding 0x3be670c1bd02a900 OU=Copyright (c) 1997 Microsoft Corp., OU=Microsoft Corporation, CN=Microsoft Root Authority
b5c.1408: supR3HardenedWinIsDesiredRootCA: Adding 0xe991ee72b03db500 C=US, O=Symantec Corporation, CN=Symantec Enterprise Mobile Root for Microsoft
b5c.1408: supR3HardenedWinIsDesiredRootCA: Adding 0x4d3835aa4180b200 C=US, ST=Washington, L=Redmond, O=Microsoft Corporation, CN=Microsoft Root Certificate Authority 2011
b5c.1408: supR3HardenedWinIsDesiredRootCA: Adding 0x646e3fe3ba08df00 C=US, O=MSFT, CN=Microsoft Authenticode(tm) Root Authority
b5c.1408: supR3HardenedWinIsDesiredRootCA: Adding 0xece4e4289e08b900 C=US, ST=Washington, L=Redmond, O=Microsoft Corporation, CN=Microsoft Root Certificate Authority 2010
b5c.1408: supR3HardenedWinIsDesiredRootCA: Adding 0xf3bb4d7e894b420 C=US, ST=Washington, L=Redmond, O=Microsoft Corporation, CN=Microsoft ECC TS Root Certificate Authority 2018
b5c.1408: supR3HardenedWinIsDesiredRootCA: Adding 0x43a9cc371ff5385a O=Microsoft Trust Network, OU=Microsoft Corporation, OU=Microsoft Time Stamping Service Root, OU=Copyright (c) 1997 Microsoft Corp.
b5c.1408: supR3HardenedWinIsDesiredRootCA: Adding 0x2e2d2c7c68f0202e O=VeriSign Trust Network, OU=VeriSign, Inc., OU=VeriSign Time Stamping Service Root, OU=NO LIABILITY ACCEPTED, (c)97 VeriSign, Inc.
b5c.1408: supR3HardenedWinIsDesiredRootCA: Adding 0x740651ddaba0c8f CN=ASTA
b5c.1408: supR3HardenedWinIsDesiredRootCA: Adding 0xcec3d46562b9be8e C=US, ST=Washington, L=Redmond, O=Microsoft Corporation, CN=Microsoft ECC Product Root Certificate Authority 2018
b5c.1408: supR3HardenedWinIsDesiredRootCA: Adding 0xca58a05dd401ae00 C=US, ST=Washington, L=Redmond, O=Microsoft Corporation, CN=Microsoft Time Stamp Root Certificate Authority 2014
b5c.1408: supR3HardenedWinIsDesiredRootCA: Adding 0x670683072a91b300 C=US, O=Microsoft Corporation, CN=Microsoft Identity Verification Root Certificate Authority 2020
b5c.1408: supR3HardenedWinIsDesiredRootCA: Adding 0x6b7bdc34cd37bb00 C=US, O=DigiCert Inc, OU=www.digicert.com, CN=DigiCert Global Root G2
b5c.1408: supR3HardenedWinIsDesiredRootCA: Adding 0xbbde687390e6bf00 C=US, O=DigiCert Inc, OU=www.digicert.com, CN=DigiCert Trusted Root G4
b5c.1408: supR3HardenedWinIsDesiredRootCA: Adding 0x780679907625cc00 OU=GlobalSign Root CA - R3, O=GlobalSign, CN=GlobalSign
b5c.1408: supR3HardenedWinIsDesiredRootCA: Adding 0xeae16ef49d40be00 C=GB, ST=Greater Manchester, L=Salford, O=Comodo CA Limited, CN=AAA Certificate Services
b5c.1408: supR3HardenedWinIsDesiredRootCA: Adding 0xc6536f24d57ae723 C=US, ST=New Jersey, L=Jersey City, O=The USERTRUST Network, CN=USERTrust ECC Certification Authority
b5c.1408: supR3HardenedWinIsDesiredRootCA: Adding 0x3714f47324e8ad00 C=US, O=Internet Security Research Group, CN=ISRG Root X1
b5c.1408: supR3HardenedWinIsDesiredRootCA: Adding 0x96cb178d285f9e36 C=US, ST=Texas, L=Houston, O=SSL Corporation, CN=SSL.com Root Certification Authority ECC
b5c.1408: supR3HardenedWinIsDesiredRootCA: Adding 0xcb7d2ba3dd0ff900 C=US, ST=Texas, L=Houston, O=SSL Corporation, CN=SSL.com Root Certification Authority RSA
b5c.1408: supR3HardenedWinIsDesiredRootCA: Adding 0x8ff6fc03c1edbd00 C=US, ST=Arizona, L=Scottsdale, O=Starfield Technologies, Inc., CN=Starfield Root Certificate Authority - G2
b5c.1408: supR3HardenedWinIsDesiredRootCA: Adding 0xa3ce8d99e60eda00 C=BE, O=GlobalSign nv-sa, OU=Root CA, CN=GlobalSign Root CA
b5c.1408: supR3HardenedWinIsDesiredRootCA: Adding 0x560ad29254e89100 C=GB, ST=Greater Manchester, L=Salford, O=COMODO CA Limited, CN=COMODO RSA Certification Authority
b5c.1408: supR3HardenedWinIsDesiredRootCA: Adding 0xa8de7211e13be200 C=US, O=DigiCert Inc, OU=www.digicert.com, CN=DigiCert Global Root CA
b5c.1408: supR3HardenedWinIsDesiredRootCA: Adding 0x4ef92ac43a0cd500 C=US, ST=Arizona, L=Scottsdale, O=Starfield Technologies, Inc., CN=Starfield Services Root Certificate Authority - G2
b5c.1408: supR3HardenedWinIsDesiredRootCA: Adding 0xd45980fbf0a0ac00 C=US, O=thawte, Inc., OU=Certification Services Division, OU=(c) 2006 thawte, Inc. - For authorized use only, CN=thawte Primary Root CA
b5c.1408: supR3HardenedWinIsDesiredRootCA: Adding 0x9338e8604d352102 C=US, O=DigiCert, Inc., CN=DigiCert CS ECC P384 Root G5
b5c.1408: supR3HardenedWinIsDesiredRootCA: Adding 0xf966ca73e8079500 OU=GlobalSign Root CA - R6, O=GlobalSign, CN=GlobalSign
b5c.1408: supR3HardenedWinIsDesiredRootCA: Adding 0xbebef0d2217f0bfb C=US, O=DigiCert Inc, OU=www.digicert.com, CN=DigiCert Global Root G3
b5c.1408: supR3HardenedWinIsDesiredRootCA: Adding 0x4dd6e14065368f00 C=US, ST=Texas, L=Houston, O=SSL Corporation, CN=SSL.com EV Root Certification Authority RSA R2
b5c.1408: supR3HardenedWinIsDesiredRootCA: Adding 0x14018a1bf29e595c C=US, O=VeriSign, Inc., OU=Class 3 Public Primary Certification Authority
b5c.1408: supR3HardenedWinIsDesiredRootCA: Adding 0xd4fbe673e5ccc600 C=US, O=DigiCert Inc, OU=www.digicert.com, CN=DigiCert High Assurance EV Root CA
b5c.1408: supR3HardenedWinIsDesiredRootCA: Adding 0x362d8807333b600 C=US, O=DigiCert, Inc., CN=DigiCert CS RSA4096 Root G5
b5c.1408: supR3HardenedWinIsDesiredRootCA: Adding 0x1b8578514b74ac00 C=US, O=WFA Hotspot 2.0, CN=Hotspot 2.0 Trust Root CA - 03
b5c.1408: supR3HardenedWinIsDesiredRootCA: Adding 0xb28612a94b4dad00 O=Entrust.net, OU=www.entrust.net/CPS_2048 incorp. by ref. (limits liab.), OU=(c) 1999 Entrust.net Limited, CN=Entrust.net Certification Authority (2048)
b5c.1408: supR3HardenedWinIsDesiredRootCA: Adding 0xe87add30c52db600 C=BE, O=GlobalSign nv-sa, CN=GlobalSign Code Signing Root R45
b5c.1408: supR3HardenedWinIsDesiredRootCA: Adding 0x357a29080824af00 C=US, O=VeriSign, Inc., OU=VeriSign Trust Network, OU=(c) 2006 VeriSign, Inc. - For authorized use only, CN=VeriSign Class 3 Public Primary Certification Authority - G5
b5c.1408: supR3HardenedWinIsDesiredRootCA: Adding 0x3401b15e3761c700 C=US, O=VeriSign, Inc., OU=VeriSign Trust Network, OU=(c) 2008 VeriSign, Inc. - For authorized use only, CN=VeriSign Universal Root Certification Authority
b5c.1408: supR3HardenedWinIsDesiredRootCA: Adding 0x373c4b28515db900 C=US, ST=Illinois, L=Chicago, O=Trustwave Holdings, Inc., CN=Trustwave Global Certification Authority
b5c.1408: supR3HardenedWinIsDesiredRootCA: Adding 0xc30e361765128000 C=US, ST=New Jersey, L=Jersey City, O=The USERTRUST Network, CN=USERTrust RSA Certification Authority
b5c.1408: supR3HardenedWinIsDesiredRootCA: Adding 0xc2ba72a37dfbe300 C=PL, O=Unizeto Technologies S.A., OU=Certum Certification Authority, CN=Certum Trusted Network CA
b5c.1408: supR3HardenedWinIsDesiredRootCA: Adding 0x8043e4ce150ead00 C=US, O=DigiCert Inc, OU=www.digicert.com, CN=DigiCert Assured ID Root CA
b5c.1408: supR3HardenedWinRetrieveTrustedRootCAs: cAdded=44
b5c.1408: SUPR3HardenedMain: Load Runtime...
b5c.1408: supR3HardenedMonitor_LdrLoadDll: returns rcNt=0x0 hMod=00007ffb3eb20000 'C:\Windows\system32\rsaenh.dll'
b5c.1408: supR3HardenedMonitor_LdrLoadDll: returns rcNt=0x0 hMod=00007ffb40320000 'C:\Windows\System32\crypt32.dll'
b5c.1408: supR3HardenedWinVerifyCacheScheduleImports: Import todo: #1 'rpcrt4.dll'.
b5c.1408: supR3HardenedWinVerifyCacheScheduleImports: Import todo: #13 'vcruntime140.dll'.
b5c.1408: supR3HardenedWinVerifyCacheScheduleImports: Import todo: #14 'vcruntime140_1.dll'.
b5c.1408: supR3HardenedWinVerifyCacheScheduleImports: Import todo: #15 'msvcp140.dll'.
b5c.1408: supR3HardenedWinVerifyCacheScheduleImports: Import todo: #16 'ws2_32.dll'.
b5c.1408: supHardenedWinVerifyImageByHandle: -> 0 (\Device\HarddiskVolume1\Program Files\Oracle\VirtualBox\VBoxRT.dll) WinVerifyTrust
b5c.1408: supR3HardenedWinVerifyCacheInsert: \Device\HarddiskVolume1\Program Files\Oracle\VirtualBox\VBoxRT.dll
b5c.1408: supR3HardenedWinVerifyCacheProcessImportTodos: Processing 'ws2_32.dll'...
b5c.1408: supR3HardenedWinVerifyCacheProcessImportTodos: 'ws2_32.dll' -> '\Device\HarddiskVolume1\Windows\System32\ws2_32.dll' [rcNtRedir=0xc0150008]
b5c.1408: supR3HardenedMonitor_LdrLoadDll: returns rcNt=0x0 hMod=00007ffb3eb20000 'C:\Windows\system32\rsaenh.dll'
b5c.1408: supR3HardenedMonitor_LdrLoadDll: returns rcNt=0x0 hMod=00007ffb40320000 'C:\Windows\System32\crypt32.dll'
b5c.1408: supR3HardenedWinVerifyCacheScheduleImports: Import todo: #26 'rpcrt4.dll'.
b5c.1408: supHardenedWinVerifyImageByHandle: -> 0 (\Device\HarddiskVolume1\Windows\System32\ws2_32.dll) WinVerifyTrust
b5c.1408: supR3HardenedWinVerifyCacheInsert: \Device\HarddiskVolume1\Windows\System32\ws2_32.dll
b5c.1408: supR3HardenedWinVerifyCacheProcessImportTodos: Processing 'msvcp140.dll'...
b5c.1408: supR3HardenedWinVerifyCacheProcessImportTodos: 'msvcp140.dll' -> '\Device\HarddiskVolume1\Windows\System32\msvcp140.dll' [rcNtRedir=0xc0150008]
b5c.1408: supR3HardenedWinVerifyCacheProcessImportTodos: Processing 'rpcrt4.dll'...
b5c.1408: supR3HardenedWinVerifyCacheProcessImportTodos: 'rpcrt4.dll' -> '\Device\HarddiskVolume1\Windows\System32\rpcrt4.dll' [rcNtRedir=0xc0150008]
b5c.1408: supR3HardenedScreenImage/Imports: cache hit (VINF_SUCCESS) on \Device\HarddiskVolume1\Windows\System32\rpcrt4.dll
b5c.1408: supR3HardenedMonitor_LdrLoadDll: returns rcNt=0x0 hMod=00007ffb3eb20000 'C:\Windows\system32\rsaenh.dll'
b5c.1408: supR3HardenedMonitor_LdrLoadDll: returns rcNt=0x0 hMod=00007ffb40320000 'C:\Windows\System32\crypt32.dll'
b5c.1408: supR3HardenedWinVerifyCacheScheduleImports: Import todo: #0 'vcruntime140.dll'.
b5c.1408: supR3HardenedWinVerifyCacheScheduleImports: Import todo: #1 'vcruntime140_1.dll'.
b5c.1408: supHardenedWinVerifyImageByHandle: -> 0 (\Device\HarddiskVolume1\Windows\System32\msvcp140.dll) WinVerifyTrust
b5c.1408: supR3HardenedWinVerifyCacheInsert: \Device\HarddiskVolume1\Windows\System32\msvcp140.dll
b5c.1408: supR3HardenedWinVerifyCacheProcessImportTodos: Processing 'vcruntime140_1.dll'...
b5c.1408: supR3HardenedWinVerifyCacheProcessImportTodos: 'vcruntime140_1.dll' -> '\Device\HarddiskVolume1\Windows\System32\vcruntime140_1.dll' [rcNtRedir=0xc0150008]
b5c.1408: supR3HardenedWinVerifyCacheProcessImportTodos: Processing 'vcruntime140_1.dll'...
b5c.1408: supR3HardenedWinVerifyCacheProcessImportTodos: 'vcruntime140_1.dll' -> '\Device\HarddiskVolume1\Windows\System32\vcruntime140_1.dll' [rcNtRedir=0xc0150008]
b5c.1408: Detected WinVerifyTrust recursion: rc=VINF_SUCCESS '\Device\HarddiskVolume1\Windows\System32\vcruntime140_1.dll'.
b5c.1408: supR3HardenedWinVerifyCacheScheduleImports: Import todo: #3 'vcruntime140.dll'.
b5c.1408: supHardenedWinVerifyImageByHandle: -> 0 (\Device\HarddiskVolume1\Windows\System32\vcruntime140_1.dll)
b5c.1408: supR3HardenedWinVerifyCacheInsert: \Device\HarddiskVolume1\Windows\System32\vcruntime140_1.dll
b5c.1408: supR3HardenedWinVerifyCacheProcessImportTodos: Processing 'vcruntime140.dll'...
b5c.1408: supR3HardenedWinVerifyCacheProcessImportTodos: 'vcruntime140.dll' -> '\Device\HarddiskVolume1\Windows\System32\vcruntime140.dll' [rcNtRedir=0xc0150008]
b5c.1408: Detected WinVerifyTrust recursion: rc=VINF_SUCCESS '\Device\HarddiskVolume1\Windows\System32\vcruntime140.dll'.
b5c.1408: supHardenedWinVerifyImageByHandle: -> 0 (\Device\HarddiskVolume1\Windows\System32\vcruntime140.dll)
b5c.1408: supR3HardenedWinVerifyCacheInsert: \Device\HarddiskVolume1\Windows\System32\vcruntime140.dll
b5c.1408: supR3HardenedWinVerifyCacheProcessImportTodos: Processing 'vcruntime140.dll'...
b5c.1408: supR3HardenedWinVerifyCacheProcessImportTodos: 'vcruntime140.dll' -> '\Device\HarddiskVolume1\Windows\System32\vcruntime140.dll' [rcNtRedir=0xc0150008]
b5c.1408: supR3HardenedScreenImage/Imports: cache hit (VINF_SUCCESS) on \Device\HarddiskVolume1\Windows\System32\vcruntime140.dll [lacks WinVerifyTrust]
b5c.1408: supR3HardenedMonitor_LdrLoadDll: returns rcNt=0x0 hMod=00007ffb3eb20000 'C:\Windows\system32\rsaenh.dll'
b5c.1408: supR3HardenedScreenImage/LdrLoadDll: cache hit (VINF_SUCCESS) on \Device\HarddiskVolume1\Windows\System32\crypt32.dll
b5c.1408: supR3HardenedMonitor_LdrLoadDll: pName=C:\Windows\System32\crypt32.dll (Input=crypt32.dll, rcNtResolve=0xc0150008) *pfFlags=0x0 pwszSearchPath=0000000000000001:<flags> [calling]
b5c.1408: supR3HardenedMonitor_LdrLoadDll: returns rcNt=0x0 hMod=00007ffb40320000 'C:\Windows\System32\crypt32.dll'
b5c.1408: supR3HardenedWinVerifyCacheScheduleImports: Import todo: #3 'vcruntime140.dll'.
b5c.1408: supHardenedWinVerifyImageByHandle: -> 0 (\Device\HarddiskVolume1\Windows\System32\vcruntime140_1.dll) WinVerifyTrust
b5c.1408: supR3HardenedWinVerifyCacheProcessImportTodos: Processing 'vcruntime140.dll'...
b5c.1408: supR3HardenedWinVerifyCacheProcessImportTodos: 'vcruntime140.dll' -> '\Device\HarddiskVolume1\Windows\System32\vcruntime140.dll' [rcNtRedir=0xc0150008]
b5c.1408: supR3HardenedScreenImage/Imports: cache hit (VINF_SUCCESS) on \Device\HarddiskVolume1\Windows\System32\vcruntime140.dll [redoing WinVerifyTrust]
b5c.1408: supR3HardenedWinVerifyCacheProcessImportTodos: Processing 'vcruntime140.dll'...
b5c.1408: supR3HardenedWinVerifyCacheProcessImportTodos: 'vcruntime140.dll' -> '\Device\HarddiskVolume1\Windows\System32\vcruntime140.dll' [rcNtRedir=0xc0150008]
b5c.1408: supR3HardenedScreenImage/Imports: cache hit (VINF_SUCCESS) on \Device\HarddiskVolume1\Windows\System32\vcruntime140.dll [lacks WinVerifyTrust]
b5c.1408: supR3HardenedMonitor_LdrLoadDll: returns rcNt=0x0 hMod=00007ffb3eb20000 'C:\Windows\system32\rsaenh.dll'
b5c.1408: supR3HardenedMonitor_LdrLoadDll: returns rcNt=0x0 hMod=00007ffb40320000 'C:\Windows\System32\crypt32.dll'
b5c.1408: supR3HardenedScreenImage/Imports: 0 (was 0) fWinVerifyTrust=1 for '\Device\HarddiskVolume1\Windows\System32\vcruntime140.dll'
b5c.1408: supR3HardenedWinVerifyCacheProcessImportTodos: Processing 'rpcrt4.dll'...
b5c.1408: supR3HardenedWinVerifyCacheProcessImportTodos: 'rpcrt4.dll' -> '\Device\HarddiskVolume1\Windows\System32\rpcrt4.dll' [rcNtRedir=0xc0150008]
b5c.1408: supR3HardenedScreenImage/Imports: cache hit (VINF_SUCCESS) on \Device\HarddiskVolume1\Windows\System32\rpcrt4.dll
b5c.1408: supR3HardenedMonitor_LdrLoadDll: pName=C:\Program Files\Oracle\VirtualBox\VBoxRT.dll (rcNtResolve=0xc0150008) *pfFlags=0x0 pwszSearchPath=0000000000000a01:<flags> [calling]
b5c.1408: supR3HardenedScreenImage/NtCreateSection: cache hit (VINF_SUCCESS) on \Device\HarddiskVolume1\Program Files\Oracle\VirtualBox\VBoxRT.dll
b5c.1408: supR3HardenedScreenImage/NtCreateSection: cache hit (VINF_SUCCESS) on \Device\HarddiskVolume1\Windows\System32\vcruntime140.dll
b5c.1408: supR3HardenedScreenImage/NtCreateSection: cache hit (VINF_SUCCESS) on \Device\HarddiskVolume1\Windows\System32\vcruntime140_1.dll [avoiding WinVerifyTrust]
b5c.1408: supR3HardenedScreenImage/NtCreateSection: cache hit (VINF_SUCCESS) on \Device\HarddiskVolume1\Windows\System32\msvcp140.dll
b5c.1408: supR3HardenedDllNotificationCallback: load   00007ffb15b90000 LB 0x0002c000 C:\Windows\SYSTEM32\VCRUNTIME140.dll [fFlags=0x0]
b5c.1408: supR3HardenedScreenImage/LdrLoadDll: cache hit (VINF_SUCCESS) on \Device\HarddiskVolume1\Windows\System32\vcruntime140.dll
b5c.1408: supR3HardenedDllNotificationCallback: load   00007ffb156b0000 LB 0x0000c000 C:\Windows\SYSTEM32\VCRUNTIME140_1.dll [fFlags=0x0]
b5c.1408: supR3HardenedScreenImage/LdrLoadDll: cache hit (VINF_SUCCESS) on \Device\HarddiskVolume1\Windows\System32\vcruntime140_1.dll [avoiding WinVerifyTrust]
b5c.1408: supR3HardenedDllNotificationCallback: load   00007ffb14260000 LB 0x0009d000 C:\Windows\SYSTEM32\MSVCP140.dll [fFlags=0x0]
b5c.1408: supR3HardenedScreenImage/LdrLoadDll: cache hit (VINF_SUCCESS) on \Device\HarddiskVolume1\Windows\System32\msvcp140.dll
b5c.1408: supR3HardenedDllNotificationCallback: load   00007ffb40d40000 LB 0x0006b000 C:\Windows\System32\WS2_32.dll [fFlags=0x0]
b5c.1408: supR3HardenedScreenImage/LdrLoadDll: cache hit (VINF_SUCCESS) on \Device\HarddiskVolume1\Windows\System32\ws2_32.dll
b5c.1408: supR3HardenedDllNotificationCallback: load   00007ffb0bc40000 LB 0x00785000 C:\Program Files\Oracle\VirtualBox\VBoxRT.dll [fFlags=0x0]
b5c.1408: supR3HardenedScreenImage/LdrLoadDll: cache hit (VINF_SUCCESS) on \Device\HarddiskVolume1\Program Files\Oracle\VirtualBox\VBoxRT.dll
b5c.1408: Detected loader lock ownership: rc=VINF_SUCCESS '\Device\HarddiskVolume1\Windows\System32\vcruntime140_1.dll'.
b5c.1408: supR3HardenedWinVerifyCacheProcessWvtTodos: 0 (was 0) fWinVerifyTrust=0 for '\Device\HarddiskVolume1\Windows\System32\vcruntime140_1.dll' [rescheduled]
b5c.1408: supR3HardenedScreenImage/LdrLoadDll: cache hit (VINF_SUCCESS) on \Device\HarddiskVolume1\Windows\System32\kernel32.dll
b5c.1408: supR3HardenedMonitor_LdrLoadDll: pName=C:\Windows\System32\kernel32.dll (Input=kernel32, rcNtResolve=0xc0150008) *pfFlags=0x0 pwszSearchPath=0000000000000801:<flags> [calling]
b5c.1408: supR3HardenedMonitor_LdrLoadDll: returns rcNt=0x0 hMod=00007ffb40c70000 'C:\Windows\System32\kernel32.dll'
b5c.1408: Detected loader lock ownership: rc=VINF_SUCCESS '\Device\HarddiskVolume1\Windows\System32\vcruntime140_1.dll'.
b5c.1408: supR3HardenedWinVerifyCacheProcessWvtTodos: 0 (was 0) fWinVerifyTrust=0 for '\Device\HarddiskVolume1\Windows\System32\vcruntime140_1.dll' [rescheduled]
b5c.1408: Detected loader lock ownership: rc=VINF_SUCCESS '\Device\HarddiskVolume1\Windows\System32\vcruntime140_1.dll'.
b5c.1408: supR3HardenedWinVerifyCacheProcessWvtTodos: 0 (was 0) fWinVerifyTrust=0 for '\Device\HarddiskVolume1\Windows\System32\vcruntime140_1.dll' [rescheduled]
b5c.1408: supR3HardenedIsApiSetDll: ApiSetQueryApiSetPresence(api-ms-win-core-string-l1-1-0) -> 0x0, fPresent=1
b5c.1408: supR3HardenedMonitor_LdrLoadDll: pName=api-ms-win-core-string-l1-1-0 (rcNtResolve=0x0) *pfFlags=0x0 pwszSearchPath=0000000000000801:<flags> [calling]
b5c.1408: supR3HardenedMonitor_LdrLoadDll: returns rcNt=0x0 hMod=00007ffb3ff70000 'api-ms-win-core-string-l1-1-0'
b5c.1408: Detected loader lock ownership: rc=VINF_SUCCESS '\Device\HarddiskVolume1\Windows\System32\vcruntime140_1.dll'.
b5c.1408: supR3HardenedWinVerifyCacheProcessWvtTodos: 0 (was 0) fWinVerifyTrust=0 for '\Device\HarddiskVolume1\Windows\System32\vcruntime140_1.dll' [rescheduled]
b5c.1408: Detected loader lock ownership: rc=VINF_SUCCESS '\Device\HarddiskVolume1\Windows\System32\vcruntime140_1.dll'.
b5c.1408: supR3HardenedWinVerifyCacheProcessWvtTodos: 0 (was 0) fWinVerifyTrust=0 for '\Device\HarddiskVolume1\Windows\System32\vcruntime140_1.dll' [rescheduled]
b5c.1408: supR3HardenedIsApiSetDll: ApiSetQueryApiSetPresence(api-ms-win-core-localization-l1-2-1) -> 0x0, fPresent=1
b5c.1408: supR3HardenedMonitor_LdrLoadDll: pName=api-ms-win-core-localization-l1-2-1 (rcNtResolve=0x0) *pfFlags=0x0 pwszSearchPath=0000000000000801:<flags> [calling]
b5c.1408: supR3HardenedMonitor_LdrLoadDll: returns rcNt=0x0 hMod=00007ffb3ff70000 'api-ms-win-core-localization-l1-2-1'
b5c.1408: Detected loader lock ownership: rc=VINF_SUCCESS '\Device\HarddiskVolume1\Windows\System32\vcruntime140_1.dll'.
b5c.1408: supR3HardenedWinVerifyCacheProcessWvtTodos: 0 (was 0) fWinVerifyTrust=0 for '\Device\HarddiskVolume1\Windows\System32\vcruntime140_1.dll' [rescheduled]
b5c.1408: Detected loader lock ownership: rc=VINF_SUCCESS '\Device\HarddiskVolume1\Windows\System32\vcruntime140_1.dll'.
b5c.1408: supR3HardenedWinVerifyCacheProcessWvtTodos: 0 (was 0) fWinVerifyTrust=0 for '\Device\HarddiskVolume1\Windows\System32\vcruntime140_1.dll' [rescheduled]
b5c.1408: supR3HardenedIsApiSetDll: ApiSetQueryApiSetPresence(api-ms-win-core-datetime-l1-1-1) -> 0x0, fPresent=1
b5c.1408: supR3HardenedMonitor_LdrLoadDll: pName=api-ms-win-core-datetime-l1-1-1 (rcNtResolve=0x0) *pfFlags=0x0 pwszSearchPath=0000000000000801:<flags> [calling]
b5c.1408: supR3HardenedMonitor_LdrLoadDll: returns rcNt=0x0 hMod=00007ffb3ff70000 'api-ms-win-core-datetime-l1-1-1'
b5c.1408: Detected loader lock ownership: rc=VINF_SUCCESS '\Device\HarddiskVolume1\Windows\System32\vcruntime140_1.dll'.
b5c.1408: supR3HardenedWinVerifyCacheProcessWvtTodos: 0 (was 0) fWinVerifyTrust=0 for '\Device\HarddiskVolume1\Windows\System32\vcruntime140_1.dll' [rescheduled]
b5c.1408: Detected loader lock ownership: rc=VINF_SUCCESS '\Device\HarddiskVolume1\Windows\System32\vcruntime140_1.dll'.
b5c.1408: supR3HardenedWinVerifyCacheProcessWvtTodos: 0 (was 0) fWinVerifyTrust=0 for '\Device\HarddiskVolume1\Windows\System32\vcruntime140_1.dll' [rescheduled]
b5c.1408: supR3HardenedIsApiSetDll: ApiSetQueryApiSetPresence(api-ms-win-core-localization-obsolete-l1-2-0) -> 0x0, fPresent=1
b5c.1408: supR3HardenedMonitor_LdrLoadDll: pName=api-ms-win-core-localization-obsolete-l1-2-0 (rcNtResolve=0x0) *pfFlags=0x0 pwszSearchPath=0000000000000801:<flags> [calling]
b5c.1408: supR3HardenedMonitor_LdrLoadDll: returns rcNt=0x0 hMod=00007ffb3ff70000 'api-ms-win-core-localization-obsolete-l1-2-0'
b5c.1408: Detected loader lock ownership: rc=VINF_SUCCESS '\Device\HarddiskVolume1\Windows\System32\vcruntime140_1.dll'.
b5c.1408: supR3HardenedWinVerifyCacheProcessWvtTodos: 0 (was 0) fWinVerifyTrust=0 for '\Device\HarddiskVolume1\Windows\System32\vcruntime140_1.dll' [rescheduled]
b5c.1408: Detected loader lock ownership: rc=VINF_SUCCESS '\Device\HarddiskVolume1\Windows\System32\vcruntime140_1.dll'.
b5c.1408: supR3HardenedWinVerifyCacheProcessWvtTodos: 0 (was 0) fWinVerifyTrust=0 for '\Device\HarddiskVolume1\Windows\System32\vcruntime140_1.dll' [rescheduled]
b5c.1408: supR3HardenedScreenImage/LdrLoadDll: cache hit (VINF_SUCCESS) on \Device\HarddiskVolume1\Program Files\Oracle\VirtualBox\VBoxRT.dll
b5c.1408: supR3HardenedMonitor_LdrLoadDll: pName=C:\Program Files\Oracle\VirtualBox\VBoxRT.dll (rcNtResolve=0xc0150008) *pfFlags=0x0 pwszSearchPath=0000000000000001:<flags> [calling]
b5c.1408: supR3HardenedMonitor_LdrLoadDll: returns rcNt=0x0 hMod=00007ffb0bc40000 'C:\Program Files\Oracle\VirtualBox\VBoxRT.dll'
b5c.1408: Detected loader lock ownership: rc=VINF_SUCCESS '\Device\HarddiskVolume1\Windows\System32\vcruntime140_1.dll'.
b5c.1408: supR3HardenedWinVerifyCacheProcessWvtTodos: 0 (was 0) fWinVerifyTrust=0 for '\Device\HarddiskVolume1\Windows\System32\vcruntime140_1.dll' [rescheduled]
b5c.1408: Detected loader lock ownership: rc=VINF_SUCCESS '\Device\HarddiskVolume1\Windows\System32\vcruntime140_1.dll'.
b5c.1408: supR3HardenedWinVerifyCacheProcessWvtTodos: 0 (was 0) fWinVerifyTrust=0 for '\Device\HarddiskVolume1\Windows\System32\vcruntime140_1.dll' [rescheduled]
b5c.1408: supR3HardenedScreenImage/LdrLoadDll: cache hit (VINF_SUCCESS) on \Device\HarddiskVolume1\Program Files\Oracle\VirtualBox\VBoxRT.dll
b5c.1408: supR3HardenedMonitor_LdrLoadDll: pName=C:\Program Files\Oracle\VirtualBox\VBoxRT.dll (rcNtResolve=0xc0150008) *pfFlags=0x0 pwszSearchPath=0000000000000001:<flags> [calling]
b5c.1408: supR3HardenedMonitor_LdrLoadDll: returns rcNt=0x0 hMod=00007ffb0bc40000 'C:\Program Files\Oracle\VirtualBox\VBoxRT.dll'
b5c.1408: Detected loader lock ownership: rc=VINF_SUCCESS '\Device\HarddiskVolume1\Windows\System32\vcruntime140_1.dll'.
b5c.1408: supR3HardenedWinVerifyCacheProcessWvtTodos: 0 (was 0) fWinVerifyTrust=0 for '\Device\HarddiskVolume1\Windows\System32\vcruntime140_1.dll' [rescheduled]
b5c.1408: Detected loader lock ownership: rc=VINF_SUCCESS '\Device\HarddiskVolume1\Windows\System32\vcruntime140_1.dll'.
b5c.1408: supR3HardenedWinVerifyCacheProcessWvtTodos: 0 (was 0) fWinVerifyTrust=0 for '\Device\HarddiskVolume1\Windows\System32\vcruntime140_1.dll' [rescheduled]
b5c.1408: supR3HardenedScreenImage/LdrLoadDll: cache hit (VINF_SUCCESS) on \Device\HarddiskVolume1\Program Files\Oracle\VirtualBox\VBoxRT.dll
b5c.1408: supR3HardenedMonitor_LdrLoadDll: pName=C:\Program Files\Oracle\VirtualBox\VBoxRT.dll (rcNtResolve=0xc0150008) *pfFlags=0x0 pwszSearchPath=0000000000000001:<flags> [calling]
b5c.1408: supR3HardenedMonitor_LdrLoadDll: returns rcNt=0x0 hMod=00007ffb0bc40000 'C:\Program Files\Oracle\VirtualBox\VBoxRT.dll'
b5c.1408: Detected loader lock ownership: rc=VINF_SUCCESS '\Device\HarddiskVolume1\Windows\System32\vcruntime140_1.dll'.
b5c.1408: supR3HardenedWinVerifyCacheProcessWvtTodos: 0 (was 0) fWinVerifyTrust=0 for '\Device\HarddiskVolume1\Windows\System32\vcruntime140_1.dll' [rescheduled]
b5c.1408: Detected loader lock ownership: rc=VINF_SUCCESS '\Device\HarddiskVolume1\Windows\System32\vcruntime140_1.dll'.
b5c.1408: supR3HardenedWinVerifyCacheProcessWvtTodos: 0 (was 0) fWinVerifyTrust=0 for '\Device\HarddiskVolume1\Windows\System32\vcruntime140_1.dll' [rescheduled]
b5c.1408: supR3HardenedScreenImage/LdrLoadDll: cache hit (VINF_SUCCESS) on \Device\HarddiskVolume1\Program Files\Oracle\VirtualBox\VBoxRT.dll
b5c.1408: supR3HardenedMonitor_LdrLoadDll: pName=C:\Program Files\Oracle\VirtualBox\VBoxRT.dll (rcNtResolve=0xc0150008) *pfFlags=0x0 pwszSearchPath=0000000000000001:<flags> [calling]
b5c.1408: supR3HardenedMonitor_LdrLoadDll: returns rcNt=0x0 hMod=00007ffb0bc40000 'C:\Program Files\Oracle\VirtualBox\VBoxRT.dll'
b5c.1408: Detected loader lock ownership: rc=VINF_SUCCESS '\Device\HarddiskVolume1\Windows\System32\vcruntime140_1.dll'.
b5c.1408: supR3HardenedWinVerifyCacheProcessWvtTodos: 0 (was 0) fWinVerifyTrust=0 for '\Device\HarddiskVolume1\Windows\System32\vcruntime140_1.dll' [rescheduled]
b5c.1408: Detected loader lock ownership: rc=VINF_SUCCESS '\Device\HarddiskVolume1\Windows\System32\vcruntime140_1.dll'.
b5c.1408: supR3HardenedWinVerifyCacheProcessWvtTodos: 0 (was 0) fWinVerifyTrust=0 for '\Device\HarddiskVolume1\Windows\System32\vcruntime140_1.dll' [rescheduled]
b5c.1408: supR3HardenedScreenImage/LdrLoadDll: cache hit (VINF_SUCCESS) on \Device\HarddiskVolume1\Program Files\Oracle\VirtualBox\VBoxRT.dll
b5c.1408: supR3HardenedMonitor_LdrLoadDll: pName=C:\Program Files\Oracle\VirtualBox\VBoxRT.dll (rcNtResolve=0xc0150008) *pfFlags=0x0 pwszSearchPath=0000000000000001:<flags> [calling]
b5c.1408: supR3HardenedMonitor_LdrLoadDll: returns rcNt=0x0 hMod=00007ffb0bc40000 'C:\Program Files\Oracle\VirtualBox\VBoxRT.dll'
b5c.1408: Detected loader lock ownership: rc=VINF_SUCCESS '\Device\HarddiskVolume1\Windows\System32\vcruntime140_1.dll'.
b5c.1408: supR3HardenedWinVerifyCacheProcessWvtTodos: 0 (was 0) fWinVerifyTrust=0 for '\Device\HarddiskVolume1\Windows\System32\vcruntime140_1.dll' [rescheduled]
b5c.1408: Detected loader lock ownership: rc=VINF_SUCCESS '\Device\HarddiskVolume1\Windows\System32\vcruntime140_1.dll'.
b5c.1408: supR3HardenedWinVerifyCacheProcessWvtTodos: 0 (was 0) fWinVerifyTrust=0 for '\Device\HarddiskVolume1\Windows\System32\vcruntime140_1.dll' [rescheduled]
b5c.1408: supR3HardenedScreenImage/LdrLoadDll: cache hit (VINF_SUCCESS) on \Device\HarddiskVolume1\Program Files\Oracle\VirtualBox\VBoxRT.dll
b5c.1408: supR3HardenedMonitor_LdrLoadDll: pName=C:\Program Files\Oracle\VirtualBox\VBoxRT.dll (rcNtResolve=0xc0150008) *pfFlags=0x0 pwszSearchPath=0000000000000001:<flags> [calling]
b5c.1408: supR3HardenedMonitor_LdrLoadDll: returns rcNt=0x0 hMod=00007ffb0bc40000 'C:\Program Files\Oracle\VirtualBox\VBoxRT.dll'
b5c.1408: Detected loader lock ownership: rc=VINF_SUCCESS '\Device\HarddiskVolume1\Windows\System32\vcruntime140_1.dll'.
b5c.1408: supR3HardenedWinVerifyCacheProcessWvtTodos: 0 (was 0) fWinVerifyTrust=0 for '\Device\HarddiskVolume1\Windows\System32\vcruntime140_1.dll' [rescheduled]
b5c.1408: Detected loader lock ownership: rc=VINF_SUCCESS '\Device\HarddiskVolume1\Windows\System32\vcruntime140_1.dll'.
b5c.1408: supR3HardenedWinVerifyCacheProcessWvtTodos: 0 (was 0) fWinVerifyTrust=0 for '\Device\HarddiskVolume1\Windows\System32\vcruntime140_1.dll' [rescheduled]
b5c.1408: supR3HardenedMonitor_LdrLoadDll: returns rcNt=0x0 hMod=00007ffb0bc40000 'C:\Program Files\Oracle\VirtualBox\VBoxRT.dll'
b5c.1408: Detected loader lock ownership: rc=VINF_SUCCESS '\Device\HarddiskVolume1\Windows\System32\vcruntime140_1.dll'.
b5c.1408: supR3HardenedWinVerifyCacheProcessWvtTodos: 0 (was 0) fWinVerifyTrust=0 for '\Device\HarddiskVolume1\Windows\System32\vcruntime140_1.dll' [rescheduled]
b5c.1408: Detected loader lock ownership: rc=VINF_SUCCESS '\Device\HarddiskVolume1\Windows\System32\vcruntime140_1.dll'.
b5c.1408: supR3HardenedWinVerifyCacheProcessWvtTodos: 0 (was 0) fWinVerifyTrust=0 for '\Device\HarddiskVolume1\Windows\System32\vcruntime140_1.dll' [rescheduled]
b5c.1408: supR3HardenedMonitor_LdrLoadDll: returns rcNt=0x0 hMod=00007ffb0bc40000 'C:\Program Files\Oracle\VirtualBox\VBoxRT.dll'
b5c.1408: Detected loader lock ownership: rc=VINF_SUCCESS '\Device\HarddiskVolume1\Windows\System32\vcruntime140_1.dll'.
b5c.1408: supR3HardenedWinVerifyCacheProcessWvtTodos: 0 (was 0) fWinVerifyTrust=0 for '\Device\HarddiskVolume1\Windows\System32\vcruntime140_1.dll' [rescheduled]
b5c.1408: Detected loader lock ownership: rc=VINF_SUCCESS '\Device\HarddiskVolume1\Windows\System32\vcruntime140_1.dll'.
b5c.1408: supR3HardenedWinVerifyCacheProcessWvtTodos: 0 (was 0) fWinVerifyTrust=0 for '\Device\HarddiskVolume1\Windows\System32\vcruntime140_1.dll' [rescheduled]
b5c.1408: supR3HardenedMonitor_LdrLoadDll: returns rcNt=0x0 hMod=00007ffb0bc40000 'C:\Program Files\Oracle\VirtualBox\VBoxRT.dll'
b5c.1408: Detected loader lock ownership: rc=VINF_SUCCESS '\Device\HarddiskVolume1\Windows\System32\vcruntime140_1.dll'.
b5c.1408: supR3HardenedWinVerifyCacheProcessWvtTodos: 0 (was 0) fWinVerifyTrust=0 for '\Device\HarddiskVolume1\Windows\System32\vcruntime140_1.dll' [rescheduled]
b5c.1408: Detected loader lock ownership: rc=VINF_SUCCESS '\Device\HarddiskVolume1\Windows\System32\vcruntime140_1.dll'.
b5c.1408: supR3HardenedWinVerifyCacheProcessWvtTodos: 0 (was 0) fWinVerifyTrust=0 for '\Device\HarddiskVolume1\Windows\System32\vcruntime140_1.dll' [rescheduled]
b5c.1408: supR3HardenedMonitor_LdrLoadDll: returns rcNt=0x0 hMod=00007ffb0bc40000 'C:\Program Files\Oracle\VirtualBox\VBoxRT.dll'
b5c.1408: Detected loader lock ownership: rc=VINF_SUCCESS '\Device\HarddiskVolume1\Windows\System32\vcruntime140_1.dll'.
b5c.1408: supR3HardenedWinVerifyCacheProcessWvtTodos: 0 (was 0) fWinVerifyTrust=0 for '\Device\HarddiskVolume1\Windows\System32\vcruntime140_1.dll' [rescheduled]
b5c.1408: Detected loader lock ownership: rc=VINF_SUCCESS '\Device\HarddiskVolume1\Windows\System32\vcruntime140_1.dll'.
b5c.1408: supR3HardenedWinVerifyCacheProcessWvtTodos: 0 (was 0) fWinVerifyTrust=0 for '\Device\HarddiskVolume1\Windows\System32\vcruntime140_1.dll' [rescheduled]
b5c.1408: supR3HardenedMonitor_LdrLoadDll: returns rcNt=0x0 hMod=00007ffb0bc40000 'C:\Program Files\Oracle\VirtualBox\VBoxRT.dll'
b5c.1408: Detected loader lock ownership: rc=VINF_SUCCESS '\Device\HarddiskVolume1\Windows\System32\vcruntime140_1.dll'.
b5c.1408: supR3HardenedWinVerifyCacheProcessWvtTodos: 0 (was 0) fWinVerifyTrust=0 for '\Device\HarddiskVolume1\Windows\System32\vcruntime140_1.dll' [rescheduled]
b5c.1408: Detected loader lock ownership: rc=VINF_SUCCESS '\Device\HarddiskVolume1\Windows\System32\vcruntime140_1.dll'.
b5c.1408: supR3HardenedWinVerifyCacheProcessWvtTodos: 0 (was 0) fWinVerifyTrust=0 for '\Device\HarddiskVolume1\Windows\System32\vcruntime140_1.dll' [rescheduled]
b5c.1408: supR3HardenedMonitor_LdrLoadDll: returns rcNt=0x0 hMod=00007ffb0bc40000 'C:\Program Files\Oracle\VirtualBox\VBoxRT.dll'
b5c.1408: Detected loader lock ownership: rc=VINF_SUCCESS '\Device\HarddiskVolume1\Windows\System32\vcruntime140_1.dll'.
b5c.1408: supR3HardenedWinVerifyCacheProcessWvtTodos: 0 (was 0) fWinVerifyTrust=0 for '\Device\HarddiskVolume1\Windows\System32\vcruntime140_1.dll' [rescheduled]
b5c.1408: Detected loader lock ownership: rc=VINF_SUCCESS '\Device\HarddiskVolume1\Windows\System32\vcruntime140_1.dll'.
b5c.1408: supR3HardenedWinVerifyCacheProcessWvtTodos: 0 (was 0) fWinVerifyTrust=0 for '\Device\HarddiskVolume1\Windows\System32\vcruntime140_1.dll' [rescheduled]
b5c.1408: supR3HardenedMonitor_LdrLoadDll: returns rcNt=0x0 hMod=00007ffb0bc40000 'C:\Program Files\Oracle\VirtualBox\VBoxRT.dll'
b5c.1408: Detected loader lock ownership: rc=VINF_SUCCESS '\Device\HarddiskVolume1\Windows\System32\vcruntime140_1.dll'.
b5c.1408: supR3HardenedWinVerifyCacheProcessWvtTodos: 0 (was 0) fWinVerifyTrust=0 for '\Device\HarddiskVolume1\Windows\System32\vcruntime140_1.dll' [rescheduled]
b5c.1408: Detected loader lock ownership: rc=VINF_SUCCESS '\Device\HarddiskVolume1\Windows\System32\vcruntime140_1.dll'.
b5c.1408: supR3HardenedWinVerifyCacheProcessWvtTodos: 0 (was 0) fWinVerifyTrust=0 for '\Device\HarddiskVolume1\Windows\System32\vcruntime140_1.dll' [rescheduled]
b5c.1408: supR3HardenedScreenImage/LdrLoadDll: cache hit (VINF_SUCCESS) on \Device\HarddiskVolume1\Program Files\Oracle\VirtualBox\VBoxRT.dll
b5c.1408: supR3HardenedMonitor_LdrLoadDll: pName=C:\Program Files\Oracle\VirtualBox\VBoxRT.dll (rcNtResolve=0xc0150008) *pfFlags=0x0 pwszSearchPath=0000000000000001:<flags> [calling]
b5c.1408: supR3HardenedMonitor_LdrLoadDll: returns rcNt=0x0 hMod=00007ffb0bc40000 'C:\Program Files\Oracle\VirtualBox\VBoxRT.dll'
b5c.1408: Detected loader lock ownership: rc=VINF_SUCCESS '\Device\HarddiskVolume1\Windows\System32\vcruntime140_1.dll'.
b5c.1408: supR3HardenedWinVerifyCacheProcessWvtTodos: 0 (was 0) fWinVerifyTrust=0 for '\Device\HarddiskVolume1\Windows\System32\vcruntime140_1.dll' [rescheduled]
b5c.1408: Detected loader lock ownership: rc=VINF_SUCCESS '\Device\HarddiskVolume1\Windows\System32\vcruntime140_1.dll'.
b5c.1408: supR3HardenedWinVerifyCacheProcessWvtTodos: 0 (was 0) fWinVerifyTrust=0 for '\Device\HarddiskVolume1\Windows\System32\vcruntime140_1.dll' [rescheduled]
b5c.1408: supR3HardenedMonitor_LdrLoadDll: returns rcNt=0x0 hMod=00007ffb0bc40000 'C:\Program Files\Oracle\VirtualBox\VBoxRT.dll'
b5c.1408: Detected loader lock ownership: rc=VINF_SUCCESS '\Device\HarddiskVolume1\Windows\System32\vcruntime140_1.dll'.
b5c.1408: supR3HardenedWinVerifyCacheProcessWvtTodos: 0 (was 0) fWinVerifyTrust=0 for '\Device\HarddiskVolume1\Windows\System32\vcruntime140_1.dll' [rescheduled]
b5c.1408: Detected loader lock ownership: rc=VINF_SUCCESS '\Device\HarddiskVolume1\Windows\System32\vcruntime140_1.dll'.
b5c.1408: supR3HardenedWinVerifyCacheProcessWvtTodos: 0 (was 0) fWinVerifyTrust=0 for '\Device\HarddiskVolume1\Windows\System32\vcruntime140_1.dll' [rescheduled]
b5c.1408: supR3HardenedMonitor_LdrLoadDll: returns rcNt=0x0 hMod=00007ffb0bc40000 'C:\Program Files\Oracle\VirtualBox\VBoxRT.dll'
b5c.1408: Detected loader lock ownership: rc=VINF_SUCCESS '\Device\HarddiskVolume1\Windows\System32\vcruntime140_1.dll'.
b5c.1408: supR3HardenedWinVerifyCacheProcessWvtTodos: 0 (was 0) fWinVerifyTrust=0 for '\Device\HarddiskVolume1\Windows\System32\vcruntime140_1.dll' [rescheduled]
b5c.1408: Detected loader lock ownership: rc=VINF_SUCCESS '\Device\HarddiskVolume1\Windows\System32\vcruntime140_1.dll'.
b5c.1408: supR3HardenedWinVerifyCacheProcessWvtTodos: 0 (was 0) fWinVerifyTrust=0 for '\Device\HarddiskVolume1\Windows\System32\vcruntime140_1.dll' [rescheduled]
b5c.1408: supR3HardenedMonitor_LdrLoadDll: returns rcNt=0x0 hMod=00007ffb0bc40000 'C:\Program Files\Oracle\VirtualBox\VBoxRT.dll'
b5c.1408: Detected loader lock ownership: rc=VINF_SUCCESS '\Device\HarddiskVolume1\Windows\System32\vcruntime140_1.dll'.
b5c.1408: supR3HardenedWinVerifyCacheProcessWvtTodos: 0 (was 0) fWinVerifyTrust=0 for '\Device\HarddiskVolume1\Windows\System32\vcruntime140_1.dll' [rescheduled]
b5c.1408: Detected loader lock ownership: rc=VINF_SUCCESS '\Device\HarddiskVolume1\Windows\System32\vcruntime140_1.dll'.
b5c.1408: supR3HardenedWinVerifyCacheProcessWvtTodos: 0 (was 0) fWinVerifyTrust=0 for '\Device\HarddiskVolume1\Windows\System32\vcruntime140_1.dll' [rescheduled]
b5c.1408: supR3HardenedMonitor_LdrLoadDll: returns rcNt=0x0 hMod=00007ffb0bc40000 'C:\Program Files\Oracle\VirtualBox\VBoxRT.dll'
b5c.1408: Detected loader lock ownership: rc=VINF_SUCCESS '\Device\HarddiskVolume1\Windows\System32\vcruntime140_1.dll'.
b5c.1408: supR3HardenedWinVerifyCacheProcessWvtTodos: 0 (was 0) fWinVerifyTrust=0 for '\Device\HarddiskVolume1\Windows\System32\vcruntime140_1.dll' [rescheduled]
b5c.1408: Detected loader lock ownership: rc=VINF_SUCCESS '\Device\HarddiskVolume1\Windows\System32\vcruntime140_1.dll'.
b5c.1408: supR3HardenedWinVerifyCacheProcessWvtTodos: 0 (was 0) fWinVerifyTrust=0 for '\Device\HarddiskVolume1\Windows\System32\vcruntime140_1.dll' [rescheduled]
b5c.1408: supR3HardenedMonitor_LdrLoadDll: returns rcNt=0x0 hMod=00007ffb0bc40000 'C:\Program Files\Oracle\VirtualBox\VBoxRT.dll'
b5c.1408: Detected loader lock ownership: rc=VINF_SUCCESS '\Device\HarddiskVolume1\Windows\System32\vcruntime140_1.dll'.
b5c.1408: supR3HardenedWinVerifyCacheProcessWvtTodos: 0 (was 0) fWinVerifyTrust=0 for '\Device\HarddiskVolume1\Windows\System32\vcruntime140_1.dll' [rescheduled]
b5c.1408: Detected loader lock ownership: rc=VINF_SUCCESS '\Device\HarddiskVolume1\Windows\System32\vcruntime140_1.dll'.
b5c.1408: supR3HardenedWinVerifyCacheProcessWvtTodos: 0 (was 0) fWinVerifyTrust=0 for '\Device\HarddiskVolume1\Windows\System32\vcruntime140_1.dll' [rescheduled]
b5c.1408: supR3HardenedMonitor_LdrLoadDll: returns rcNt=0x0 hMod=00007ffb0bc40000 'C:\Program Files\Oracle\VirtualBox\VBoxRT.dll'
b5c.1408: Detected loader lock ownership: rc=VINF_SUCCESS '\Device\HarddiskVolume1\Windows\System32\vcruntime140_1.dll'.
b5c.1408: supR3HardenedWinVerifyCacheProcessWvtTodos: 0 (was 0) fWinVerifyTrust=0 for '\Device\HarddiskVolume1\Windows\System32\vcruntime140_1.dll' [rescheduled]
b5c.1408: Detected loader lock ownership: rc=VINF_SUCCESS '\Device\HarddiskVolume1\Windows\System32\vcruntime140_1.dll'.
b5c.1408: supR3HardenedWinVerifyCacheProcessWvtTodos: 0 (was 0) fWinVerifyTrust=0 for '\Device\HarddiskVolume1\Windows\System32\vcruntime140_1.dll' [rescheduled]
b5c.1408: supR3HardenedMonitor_LdrLoadDll: returns rcNt=0x0 hMod=00007ffb0bc40000 'C:\Program Files\Oracle\VirtualBox\VBoxRT.dll'
b5c.1408: Detected loader lock ownership: rc=VINF_SUCCESS '\Device\HarddiskVolume1\Windows\System32\vcruntime140_1.dll'.
b5c.1408: supR3HardenedWinVerifyCacheProcessWvtTodos: 0 (was 0) fWinVerifyTrust=0 for '\Device\HarddiskVolume1\Windows\System32\vcruntime140_1.dll' [rescheduled]
b5c.1408: Detected loader lock ownership: rc=VINF_SUCCESS '\Device\HarddiskVolume1\Windows\System32\vcruntime140_1.dll'.
b5c.1408: supR3HardenedWinVerifyCacheProcessWvtTodos: 0 (was 0) fWinVerifyTrust=0 for '\Device\HarddiskVolume1\Windows\System32\vcruntime140_1.dll' [rescheduled]
b5c.1408: supR3HardenedMonitor_LdrLoadDll: returns rcNt=0x0 hMod=00007ffb0bc40000 'C:\Program Files\Oracle\VirtualBox\VBoxRT.dll'
b5c.1408: Detected loader lock ownership: rc=VINF_SUCCESS '\Device\HarddiskVolume1\Windows\System32\vcruntime140_1.dll'.
b5c.1408: supR3HardenedWinVerifyCacheProcessWvtTodos: 0 (was 0) fWinVerifyTrust=0 for '\Device\HarddiskVolume1\Windows\System32\vcruntime140_1.dll' [rescheduled]
b5c.1408: Detected loader lock ownership: rc=VINF_SUCCESS '\Device\HarddiskVolume1\Windows\System32\vcruntime140_1.dll'.
b5c.1408: supR3HardenedWinVerifyCacheProcessWvtTodos: 0 (was 0) fWinVerifyTrust=0 for '\Device\HarddiskVolume1\Windows\System32\vcruntime140_1.dll' [rescheduled]
b5c.1408: supR3HardenedMonitor_LdrLoadDll: returns rcNt=0x0 hMod=00007ffb0bc40000 'C:\Program Files\Oracle\VirtualBox\VBoxRT.dll'
b5c.1408: Detected loader lock ownership: rc=VINF_SUCCESS '\Device\HarddiskVolume1\Windows\System32\vcruntime140_1.dll'.
b5c.1408: supR3HardenedWinVerifyCacheProcessWvtTodos: 0 (was 0) fWinVerifyTrust=0 for '\Device\HarddiskVolume1\Windows\System32\vcruntime140_1.dll' [rescheduled]
b5c.1408: Detected loader lock ownership: rc=VINF_SUCCESS '\Device\HarddiskVolume1\Windows\System32\vcruntime140_1.dll'.
b5c.1408: supR3HardenedWinVerifyCacheProcessWvtTodos: 0 (was 0) fWinVerifyTrust=0 for '\Device\HarddiskVolume1\Windows\System32\vcruntime140_1.dll' [rescheduled]
b5c.1408: supR3HardenedMonitor_LdrLoadDll: returns rcNt=0x0 hMod=00007ffb0bc40000 'C:\Program Files\Oracle\VirtualBox\VBoxRT.dll'
b5c.1408: Detected loader lock ownership: rc=VINF_SUCCESS '\Device\HarddiskVolume1\Windows\System32\vcruntime140_1.dll'.
b5c.1408: supR3HardenedWinVerifyCacheProcessWvtTodos: 0 (was 0) fWinVerifyTrust=0 for '\Device\HarddiskVolume1\Windows\System32\vcruntime140_1.dll' [rescheduled]
b5c.1408: Detected loader lock ownership: rc=VINF_SUCCESS '\Device\HarddiskVolume1\Windows\System32\vcruntime140_1.dll'.
b5c.1408: supR3HardenedWinVerifyCacheProcessWvtTodos: 0 (was 0) fWinVerifyTrust=0 for '\Device\HarddiskVolume1\Windows\System32\vcruntime140_1.dll' [rescheduled]
b5c.1408: supR3HardenedMonitor_LdrLoadDll: returns rcNt=0x0 hMod=00007ffb0bc40000 'C:\Program Files\Oracle\VirtualBox\VBoxRT.dll'
b5c.1408: Detected loader lock ownership: rc=VINF_SUCCESS '\Device\HarddiskVolume1\Windows\System32\vcruntime140_1.dll'.
b5c.1408: supR3HardenedWinVerifyCacheProcessWvtTodos: 0 (was 0) fWinVerifyTrust=0 for '\Device\HarddiskVolume1\Windows\System32\vcruntime140_1.dll' [rescheduled]
b5c.1408: Detected loader lock ownership: rc=VINF_SUCCESS '\Device\HarddiskVolume1\Windows\System32\vcruntime140_1.dll'.
b5c.1408: supR3HardenedWinVerifyCacheProcessWvtTodos: 0 (was 0) fWinVerifyTrust=0 for '\Device\HarddiskVolume1\Windows\System32\vcruntime140_1.dll' [rescheduled]
b5c.1408: supR3HardenedMonitor_LdrLoadDll: returns rcNt=0x0 hMod=00007ffb0bc40000 'C:\Program Files\Oracle\VirtualBox\VBoxRT.dll'
b5c.1408: Detected loader lock ownership: rc=VINF_SUCCESS '\Device\HarddiskVolume1\Windows\System32\vcruntime140_1.dll'.
b5c.1408: supR3HardenedWinVerifyCacheProcessWvtTodos: 0 (was 0) fWinVerifyTrust=0 for '\Device\HarddiskVolume1\Windows\System32\vcruntime140_1.dll' [rescheduled]
b5c.1408: Detected loader lock ownership: rc=VINF_SUCCESS '\Device\HarddiskVolume1\Windows\System32\vcruntime140_1.dll'.
b5c.1408: supR3HardenedWinVerifyCacheProcessWvtTodos: 0 (was 0) fWinVerifyTrust=0 for '\Device\HarddiskVolume1\Windows\System32\vcruntime140_1.dll' [rescheduled]
b5c.1408: supR3HardenedMonitor_LdrLoadDll: returns rcNt=0x0 hMod=00007ffb0bc40000 'C:\Program Files\Oracle\VirtualBox\VBoxRT.dll'
b5c.1408: Detected loader lock ownership: rc=VINF_SUCCESS '\Device\HarddiskVolume1\Windows\System32\vcruntime140_1.dll'.
b5c.1408: supR3HardenedWinVerifyCacheProcessWvtTodos: 0 (was 0) fWinVerifyTrust=0 for '\Device\HarddiskVolume1\Windows\System32\vcruntime140_1.dll' [rescheduled]
b5c.1408: Detected loader lock ownership: rc=VINF_SUCCESS '\Device\HarddiskVolume1\Windows\System32\vcruntime140_1.dll'.
b5c.1408: supR3HardenedWinVerifyCacheProcessWvtTodos: 0 (was 0) fWinVerifyTrust=0 for '\Device\HarddiskVolume1\Windows\System32\vcruntime140_1.dll' [rescheduled]
b5c.1408: supR3HardenedMonitor_LdrLoadDll: returns rcNt=0x0 hMod=00007ffb0bc40000 'C:\Program Files\Oracle\VirtualBox\VBoxRT.dll'
b5c.1408: Detected loader lock ownership: rc=VINF_SUCCESS '\Device\HarddiskVolume1\Windows\System32\vcruntime140_1.dll'.
b5c.1408: supR3HardenedWinVerifyCacheProcessWvtTodos: 0 (was 0) fWinVerifyTrust=0 for '\Device\HarddiskVolume1\Windows\System32\vcruntime140_1.dll' [rescheduled]
b5c.1408: Detected loader lock ownership: rc=VINF_SUCCESS '\Device\HarddiskVolume1\Windows\System32\vcruntime140_1.dll'.
b5c.1408: supR3HardenedWinVerifyCacheProcessWvtTodos: 0 (was 0) fWinVerifyTrust=0 for '\Device\HarddiskVolume1\Windows\System32\vcruntime140_1.dll' [rescheduled]
b5c.1408: supR3HardenedMonitor_LdrLoadDll: returns rcNt=0x0 hMod=00007ffb0bc40000 'C:\Program Files\Oracle\VirtualBox\VBoxRT.dll'
b5c.1408: Detected loader lock ownership: rc=VINF_SUCCESS '\Device\HarddiskVolume1\Windows\System32\vcruntime140_1.dll'.
b5c.1408: supR3HardenedWinVerifyCacheProcessWvtTodos: 0 (was 0) fWinVerifyTrust=0 for '\Device\HarddiskVolume1\Windows\System32\vcruntime140_1.dll' [rescheduled]
b5c.1408: Detected loader lock ownership: rc=VINF_SUCCESS '\Device\HarddiskVolume1\Windows\System32\vcruntime140_1.dll'.
b5c.1408: supR3HardenedWinVerifyCacheProcessWvtTodos: 0 (was 0) fWinVerifyTrust=0 for '\Device\HarddiskVolume1\Windows\System32\vcruntime140_1.dll' [rescheduled]
b5c.1408: supR3HardenedScreenImage/LdrLoadDll: cache hit (VINF_SUCCESS) on \Device\HarddiskVolume1\Program Files\Oracle\VirtualBox\VBoxRT.dll
b5c.1408: supR3HardenedMonitor_LdrLoadDll: pName=C:\Program Files\Oracle\VirtualBox\VBoxRT.dll (rcNtResolve=0xc0150008) *pfFlags=0x0 pwszSearchPath=0000000000000001:<flags> [calling]
b5c.1408: supR3HardenedMonitor_LdrLoadDll: returns rcNt=0x0 hMod=00007ffb0bc40000 'C:\Program Files\Oracle\VirtualBox\VBoxRT.dll'
b5c.1408: Detected loader lock ownership: rc=VINF_SUCCESS '\Device\HarddiskVolume1\Windows\System32\vcruntime140_1.dll'.
b5c.1408: supR3HardenedWinVerifyCacheProcessWvtTodos: 0 (was 0) fWinVerifyTrust=0 for '\Device\HarddiskVolume1\Windows\System32\vcruntime140_1.dll' [rescheduled]
b5c.1408: Detected loader lock ownership: rc=VINF_SUCCESS '\Device\HarddiskVolume1\Windows\System32\vcruntime140_1.dll'.
b5c.1408: supR3HardenedWinVerifyCacheProcessWvtTodos: 0 (was 0) fWinVerifyTrust=0 for '\Device\HarddiskVolume1\Windows\System32\vcruntime140_1.dll' [rescheduled]
b5c.1408: supR3HardenedMonitor_LdrLoadDll: returns rcNt=0x0 hMod=00007ffb0bc40000 'C:\Program Files\Oracle\VirtualBox\VBoxRT.dll'
b5c.1408: Detected loader lock ownership: rc=VINF_SUCCESS '\Device\HarddiskVolume1\Windows\System32\vcruntime140_1.dll'.
b5c.1408: supR3HardenedWinVerifyCacheProcessWvtTodos: 0 (was 0) fWinVerifyTrust=0 for '\Device\HarddiskVolume1\Windows\System32\vcruntime140_1.dll' [rescheduled]
b5c.1408: Detected loader lock ownership: rc=VINF_SUCCESS '\Device\HarddiskVolume1\Windows\System32\vcruntime140_1.dll'.
b5c.1408: supR3HardenedWinVerifyCacheProcessWvtTodos: 0 (was 0) fWinVerifyTrust=0 for '\Device\HarddiskVolume1\Windows\System32\vcruntime140_1.dll' [rescheduled]
b5c.1408: supR3HardenedMonitor_LdrLoadDll: returns rcNt=0x0 hMod=00007ffb0bc40000 'C:\Program Files\Oracle\VirtualBox\VBoxRT.dll'
b5c.1408: Detected loader lock ownership: rc=VINF_SUCCESS '\Device\HarddiskVolume1\Windows\System32\vcruntime140_1.dll'.
b5c.1408: supR3HardenedWinVerifyCacheProcessWvtTodos: 0 (was 0) fWinVerifyTrust=0 for '\Device\HarddiskVolume1\Windows\System32\vcruntime140_1.dll' [rescheduled]
b5c.1408: supR3HardenedMonitor_LdrLoadDll: returns rcNt=0x0 hMod=00007ffb0bc40000 'C:\Program Files\Oracle\VirtualBox\VBoxRT.dll'
b5c.1408: supR3HardenedScreenImage/LdrLoadDll: cache hit (VINF_SUCCESS) on \Device\HarddiskVolume1\Windows\System32\rsaenh.dll
b5c.1408: supR3HardenedMonitor_LdrLoadDll: pName=C:\Windows\system32\rsaenh.dll (rcNtResolve=0xc0150008) *pfFlags=0x0 pwszSearchPath=0000000000000001:<flags> [calling]
b5c.1408: supR3HardenedMonitor_LdrLoadDll: returns rcNt=0x0 hMod=00007ffb3eb20000 'C:\Windows\system32\rsaenh.dll'
b5c.1408: supR3HardenedMonitor_LdrLoadDll: returns rcNt=0x0 hMod=00007ffb40320000 'C:\Windows\System32\crypt32.dll'
b5c.1408: supR3HardenedWinVerifyCacheProcessWvtTodos: 0 (was 0) fWinVerifyTrust=1 for '\Device\HarddiskVolume1\Windows\System32\vcruntime140_1.dll'
b5c.1408: supR3HardenedScreenImage/LdrLoadDll: cache hit (VINF_SUCCESS) on \Device\HarddiskVolume1\Windows\System32\wintrust.dll
b5c.1408: supR3HardenedMonitor_LdrLoadDll: pName=C:\Windows\system32\Wintrust.dll (rcNtResolve=0xc0150008) *pfFlags=0x0 pwszSearchPath=0000000000000801:<flags> [calling]
b5c.1408: supR3HardenedMonitor_LdrLoadDll: returns rcNt=0x0 hMod=00007ffb3fdd0000 'C:\Windows\system32\Wintrust.dll'
b5c.1408: supR3HardenedMonitor_LdrLoadDll: returns rcNt=0x0 hMod=00007ffb3eb20000 'C:\Windows\system32\rsaenh.dll'
b5c.1408: supR3HardenedMonitor_LdrLoadDll: returns rcNt=0x0 hMod=00007ffb40320000 'C:\Windows\System32\crypt32.dll'
b5c.1408: supR3HardenedMonitor_LdrLoadDll: returns rcNt=0x0 hMod=00007ffb3eb20000 'C:\Windows\system32\rsaenh.dll'
b5c.1408: supR3HardenedMonitor_LdrLoadDll: returns rcNt=0x0 hMod=00007ffb40320000 'C:\Windows\System32\crypt32.dll'
b5c.1408: supR3HardenedMonitor_LdrLoadDll: returns rcNt=0x0 hMod=00007ffb40320000 'C:\Windows\system32\crypt32.dll'
b5c.1408: SUPR3HardenedMain: Load TrustedMain...
b5c.83c: supR3HardenedIsApiSetDll: ApiSetQueryApiSetPresence(api-ms-win-appmodel-runtime-l1-1-2) -> 0x0, fPresent=1
b5c.83c: supR3HardenedMonitor_LdrLoadDll: pName=api-ms-win-appmodel-runtime-l1-1-2 (rcNtResolve=0x0) *pfFlags=0x0 pwszSearchPath=0000000000000801:<flags> [calling]
b5c.83c: supR3HardenedWinVerifyCacheScheduleImports: Import todo: #7 'msvcrt.dll'.
b5c.83c: supR3HardenedWinVerifyCacheScheduleImports: Import todo: #8 'rpcrt4.dll'.
b5c.83c: supHardenedWinVerifyImageByHandle: -> 0 (\Device\HarddiskVolume1\Windows\System32\kernel.appcore.dll)
b5c.83c: supR3HardenedWinVerifyCacheInsert: \Device\HarddiskVolume1\Windows\System32\kernel.appcore.dll
b5c.83c: supR3HardenedDllNotificationCallback: load   00007ffb3d970000 LB 0x00012000 C:\Windows\SYSTEM32\kernel.appcore.dll [fFlags=0x0]
b5c.83c: supR3HardenedScreenImage/LdrLoadDll: cache hit (VINF_SUCCESS) on \Device\HarddiskVolume1\Windows\System32\kernel.appcore.dll [avoiding WinVerifyTrust]
b5c.83c: supR3HardenedMonitor_LdrLoadDll: returns rcNt=0x0 hMod=00007ffb3d970000 'api-ms-win-appmodel-runtime-l1-1-2'
b5c.83c: supR3HardenedWinVerifyCacheProcessImportTodos: Processing 'rpcrt4.dll'...
b5c.83c: supR3HardenedWinVerifyCacheProcessImportTodos: 'rpcrt4.dll' -> '\Device\HarddiskVolume1\Windows\System32\rpcrt4.dll' [rcNtRedir=0xc0150008]
b5c.83c: supR3HardenedScreenImage/Imports: cache hit (VINF_SUCCESS) on \Device\HarddiskVolume1\Windows\System32\rpcrt4.dll
b5c.83c: supR3HardenedWinVerifyCacheProcessImportTodos: Processing 'msvcrt.dll'...
b5c.83c: supR3HardenedWinVerifyCacheProcessImportTodos: 'msvcrt.dll' -> '\Device\HarddiskVolume1\Windows\System32\msvcrt.dll' [rcNtRedir=0xc0150008]
b5c.83c: supR3HardenedScreenImage/Imports: cache hit (VINF_SUCCESS) on \Device\HarddiskVolume1\Windows\System32\msvcrt.dll
b5c.83c: supR3HardenedMonitor_LdrLoadDll: returns rcNt=0x0 hMod=00007ffb3eb20000 'C:\Windows\system32\rsaenh.dll'
b5c.83c: supR3HardenedMonitor_LdrLoadDll: returns rcNt=0x0 hMod=00007ffb40320000 'C:\Windows\System32\crypt32.dll'
b5c.83c: supR3HardenedWinVerifyCacheProcessWvtTodos: 0 (was 0) fWinVerifyTrust=1 for '\Device\HarddiskVolume1\Windows\System32\kernel.appcore.dll'
b5c.1408: supR3HardenedMonitor_LdrLoadDll: returns rcNt=0x0 hMod=00007ffb3eb20000 'C:\Windows\system32\rsaenh.dll'
b5c.1408: supR3HardenedMonitor_LdrLoadDll: returns rcNt=0x0 hMod=00007ffb40320000 'C:\Windows\System32\crypt32.dll'
b5c.1408: supR3HardenedWinVerifyCacheScheduleImports: Import todo: #0 'uicommon.dll'.
b5c.1408: supR3HardenedWinVerifyCacheScheduleImports: Import todo: #1 'qt6corevbox.dll'.
b5c.1408: supR3HardenedWinVerifyCacheScheduleImports: Import todo: #2 'qt6guivbox.dll'.
b5c.1408: supR3HardenedWinVerifyCacheScheduleImports: Import todo: #3 'qt6widgetsvbox.dll'.
b5c.1408: supR3HardenedWinVerifyCacheScheduleImports: Import todo: #5 'user32.dll'.
b5c.1408: supR3HardenedWinVerifyCacheScheduleImports: Import todo: #6 'advapi32.dll'.
b5c.1408: supR3HardenedWinVerifyCacheScheduleImports: Import todo: #7 'ole32.dll'.
b5c.1408: supR3HardenedWinVerifyCacheScheduleImports: Import todo: #8 'oleaut32.dll'.
b5c.1408: supR3HardenedWinVerifyCacheScheduleImports: Import todo: #9 'winmm.dll'.
b5c.1408: supR3HardenedWinVerifyCacheScheduleImports: Import todo: #14 'vboxrt.dll'.
b5c.1408: supR3HardenedWinVerifyCacheScheduleImports: Import todo: #15 'vcruntime140.dll'.
b5c.1408: supR3HardenedWinVerifyCacheScheduleImports: Import todo: #16 'vcruntime140_1.dll'.
b5c.1408: supR3HardenedWinVerifyCacheScheduleImports: Import todo: #17 'msvcp140.dll'.
b5c.1408: supHardenedWinVerifyImageByHandle: -> 0 (\Device\HarddiskVolume1\Program Files\Oracle\VirtualBox\VirtualBoxVM.dll) WinVerifyTrust
b5c.1408: supR3HardenedWinVerifyCacheInsert: \Device\HarddiskVolume1\Program Files\Oracle\VirtualBox\VirtualBoxVM.dll
b5c.1408: supR3HardenedWinVerifyCacheProcessImportTodos: Processing 'msvcp140.dll'...
b5c.1408: supR3HardenedWinVerifyCacheProcessImportTodos: 'msvcp140.dll' -> '\Device\HarddiskVolume1\Windows\System32\msvcp140.dll' [rcNtRedir=0xc0150008]
b5c.1408: supR3HardenedScreenImage/Imports: cache hit (VINF_SUCCESS) on \Device\HarddiskVolume1\Windows\System32\msvcp140.dll
b5c.1408: supR3HardenedWinVerifyCacheProcessImportTodos: Processing 'vcruntime140_1.dll'...
b5c.1408: supR3HardenedWinVerifyCacheProcessImportTodos: 'vcruntime140_1.dll' -> '\Device\HarddiskVolume1\Windows\System32\vcruntime140_1.dll' [rcNtRedir=0xc0150008]
b5c.1408: supR3HardenedScreenImage/Imports: cache hit (VINF_SUCCESS) on \Device\HarddiskVolume1\Windows\System32\vcruntime140_1.dll
b5c.1408: supR3HardenedWinVerifyCacheProcessImportTodos: Processing 'vcruntime140.dll'...
b5c.1408: supR3HardenedWinVerifyCacheProcessImportTodos: 'vcruntime140.dll' -> '\Device\HarddiskVolume1\Windows\System32\vcruntime140.dll' [rcNtRedir=0xc0150008]
b5c.1408: supR3HardenedScreenImage/Imports: cache hit (VINF_SUCCESS) on \Device\HarddiskVolume1\Windows\System32\vcruntime140.dll
b5c.1408: supR3HardenedWinVerifyCacheProcessImportTodos: Processing 'vboxrt.dll'...
b5c.1408: supR3HardenedWinVerifyCacheProcessImportTodos: 'vboxrt.dll' -> '\Device\HarddiskVolume1\Program Files\Oracle\VirtualBox\vboxrt.dll' [rcNtRedir=0xc0150008]
b5c.1408: supR3HardenedWinVerifyCacheProcessImportTodos: Processing 'winmm.dll'...
b5c.1408: supR3HardenedWinVerifyCacheProcessImportTodos: 'winmm.dll' -> '\Device\HarddiskVolume1\Windows\System32\winmm.dll' [rcNtRedir=0xc0150008]
b5c.1408: supR3HardenedMonitor_LdrLoadDll: returns rcNt=0x0 hMod=00007ffb3eb20000 'C:\Windows\system32\rsaenh.dll'
b5c.1408: supR3HardenedMonitor_LdrLoadDll: returns rcNt=0x0 hMod=00007ffb40320000 'C:\Windows\System32\crypt32.dll'
b5c.1408: supR3HardenedWinVerifyCacheScheduleImports: Import todo: #1 'msvcrt.dll'.
b5c.1408: supHardenedWinVerifyImageByHandle: -> 0 (\Device\HarddiskVolume1\Windows\System32\winmm.dll) WinVerifyTrust
b5c.1408: supR3HardenedWinVerifyCacheInsert: \Device\HarddiskVolume1\Windows\System32\winmm.dll
b5c.1408: supR3HardenedWinVerifyCacheProcessImportTodos: Processing 'oleaut32.dll'...
b5c.1408: supR3HardenedWinVerifyCacheProcessImportTodos: 'oleaut32.dll' -> '\Device\HarddiskVolume1\Windows\System32\oleaut32.dll' [rcNtRedir=0xc0150008]
b5c.1408: supR3HardenedWinVerifyCacheProcessImportTodos: Processing 'msvcrt.dll'...
b5c.1408: supR3HardenedWinVerifyCacheProcessImportTodos: 'msvcrt.dll' -> '\Device\HarddiskVolume1\Windows\System32\msvcrt.dll' [rcNtRedir=0xc0150008]
b5c.1408: supR3HardenedScreenImage/Imports: cache hit (VINF_SUCCESS) on \Device\HarddiskVolume1\Windows\System32\msvcrt.dll
b5c.1408: supR3HardenedMonitor_LdrLoadDll: returns rcNt=0x0 hMod=00007ffb3eb20000 'C:\Windows\system32\rsaenh.dll'
b5c.1408: supR3HardenedMonitor_LdrLoadDll: returns rcNt=0x0 hMod=00007ffb40320000 'C:\Windows\System32\crypt32.dll'
b5c.1408: supR3HardenedWinVerifyCacheScheduleImports: Import todo: #0 'msvcp_win.dll'.
b5c.1408: supR3HardenedWinVerifyCacheScheduleImports: Import todo: #5 'combase.dll'.
b5c.1408: supR3HardenedWinVerifyCacheScheduleImports: Import todo: #21 'rpcrt4.dll'.
b5c.1408: supHardenedWinVerifyImageByHandle: -> 0 (\Device\HarddiskVolume1\Windows\System32\oleaut32.dll) WinVerifyTrust
b5c.1408: supR3HardenedWinVerifyCacheInsert: \Device\HarddiskVolume1\Windows\System32\oleaut32.dll
b5c.1408: supR3HardenedWinVerifyCacheProcessImportTodos: Processing 'ole32.dll'...
b5c.1408: supR3HardenedWinVerifyCacheProcessImportTodos: 'ole32.dll' -> '\Device\HarddiskVolume1\Windows\System32\ole32.dll' [rcNtRedir=0xc0150008]
b5c.1408: supR3HardenedWinVerifyCacheProcessImportTodos: Processing 'rpcrt4.dll'...
b5c.1408: supR3HardenedWinVerifyCacheProcessImportTodos: 'rpcrt4.dll' -> '\Device\HarddiskVolume1\Windows\System32\rpcrt4.dll' [rcNtRedir=0xc0150008]
b5c.1408: supR3HardenedWinVerifyCacheProcessImportTodos: Processing 'combase.dll'...
b5c.1408: supR3HardenedWinVerifyCacheProcessImportTodos: 'combase.dll' -> '\Device\HarddiskVolume1\Windows\System32\combase.dll' [rcNtRedir=0xc0150008]
b5c.1408: Detected WinVerifyTrust recursion: rc=VINF_SUCCESS '\Device\HarddiskVolume1\Windows\System32\combase.dll'.
b5c.1408: supR3HardenedWinVerifyCacheScheduleImports: Import todo: #3 'rpcrt4.dll'.
b5c.1408: supHardenedWinVerifyImageByHandle: -> 0 (\Device\HarddiskVolume1\Windows\System32\combase.dll)
b5c.1408: supR3HardenedWinVerifyCacheInsert: \Device\HarddiskVolume1\Windows\System32\combase.dll
b5c.1408: supR3HardenedWinVerifyCacheProcessImportTodos: Processing 'msvcp_win.dll'...
b5c.1408: supR3HardenedWinVerifyCacheProcessImportTodos: 'msvcp_win.dll' -> '\Device\HarddiskVolume1\Windows\System32\msvcp_win.dll' [rcNtRedir=0xc0150008]
b5c.1408: Detected WinVerifyTrust recursion: rc=VINF_SUCCESS '\Device\HarddiskVolume1\Windows\System32\msvcp_win.dll'.
b5c.1408: supHardenedWinVerifyImageByHandle: -> 0 (\Device\HarddiskVolume1\Windows\System32\msvcp_win.dll)
b5c.1408: supR3HardenedWinVerifyCacheInsert: \Device\HarddiskVolume1\Windows\System32\msvcp_win.dll
b5c.1408: supR3HardenedWinVerifyCacheProcessImportTodos: Processing 'rpcrt4.dll'...
b5c.1408: supR3HardenedWinVerifyCacheProcessImportTodos: 'rpcrt4.dll' -> '\Device\HarddiskVolume1\Windows\System32\rpcrt4.dll' [rcNtRedir=0xc0150008]
b5c.1408: supR3HardenedMonitor_LdrLoadDll: returns rcNt=0x0 hMod=00007ffb3eb20000 'C:\Windows\system32\rsaenh.dll'
b5c.1408: supR3HardenedMonitor_LdrLoadDll: returns rcNt=0x0 hMod=00007ffb40320000 'C:\Windows\System32\crypt32.dll'
b5c.1408: supR3HardenedWinVerifyCacheScheduleImports: Import todo: #21 'rpcrt4.dll'.
b5c.1408: supR3HardenedWinVerifyCacheScheduleImports: Import todo: #49 'gdi32.dll'.
b5c.1408: supR3HardenedWinVerifyCacheScheduleImports: Import todo: #50 'user32.dll'.
b5c.1408: supR3HardenedWinVerifyCacheScheduleImports: Import todo: #51 'combase.dll'.
b5c.1408: supHardenedWinVerifyImageByHandle: -> 0 (\Device\HarddiskVolume1\Windows\System32\ole32.dll) WinVerifyTrust
b5c.1408: supR3HardenedWinVerifyCacheInsert: \Device\HarddiskVolume1\Windows\System32\ole32.dll
b5c.1408: supR3HardenedWinVerifyCacheProcessImportTodos: Processing 'advapi32.dll'...
b5c.1408: supR3HardenedWinVerifyCacheProcessImportTodos: 'advapi32.dll' -> '\Device\HarddiskVolume1\Windows\System32\advapi32.dll' [rcNtRedir=0xc0150008]
b5c.1408: supR3HardenedScreenImage/Imports: cache hit (VINF_SUCCESS) on \Device\HarddiskVolume1\Windows\System32\advapi32.dll
b5c.1408: supR3HardenedWinVerifyCacheProcessImportTodos: Processing 'user32.dll'...
b5c.1408: supR3HardenedWinVerifyCacheProcessImportTodos: 'user32.dll' -> '\Device\HarddiskVolume1\Windows\System32\user32.dll' [rcNtRedir=0xc0150008]
b5c.1408: supR3HardenedWinVerifyCacheProcessImportTodos: Processing 'combase.dll'...
b5c.1408: supR3HardenedWinVerifyCacheProcessImportTodos: 'combase.dll' -> '\Device\HarddiskVolume1\Windows\System32\combase.dll' [rcNtRedir=0xc0150008]
b5c.1408: supR3HardenedScreenImage/Imports: cache hit (VINF_SUCCESS) on \Device\HarddiskVolume1\Windows\System32\combase.dll [lacks WinVerifyTrust]
b5c.1408: supR3HardenedWinVerifyCacheProcessImportTodos: Processing 'user32.dll'...
b5c.1408: supR3HardenedWinVerifyCacheProcessImportTodos: 'user32.dll' -> '\Device\HarddiskVolume1\Windows\System32\user32.dll' [rcNtRedir=0xc0150008]
b5c.1408: Detected WinVerifyTrust recursion: rc=VINF_SUCCESS '\Device\HarddiskVolume1\Windows\System32\user32.dll'.
b5c.1408: supR3HardenedWinVerifyCacheScheduleImports: Import todo: #0 'win32u.dll'.
b5c.1408: supR3HardenedWinVerifyCacheScheduleImports: Import todo: #37 'gdi32.dll'.
b5c.1408: supHardenedWinVerifyImageByHandle: -> 0 (\Device\HarddiskVolume1\Windows\System32\user32.dll)
b5c.1408: supR3HardenedWinVerifyCacheInsert: \Device\HarddiskVolume1\Windows\System32\user32.dll
b5c.1408: supR3HardenedWinVerifyCacheProcessImportTodos: Processing 'gdi32.dll'...
b5c.1408: supR3HardenedWinVerifyCacheProcessImportTodos: 'gdi32.dll' -> '\Device\HarddiskVolume1\Windows\System32\gdi32.dll' [rcNtRedir=0xc0150008]
b5c.1408: Detected WinVerifyTrust recursion: rc=VINF_SUCCESS '\Device\HarddiskVolume1\Windows\System32\gdi32.dll'.
b5c.1408: supR3HardenedWinVerifyCacheScheduleImports: Import todo: #9 'win32u.dll'.
b5c.1408: supHardenedWinVerifyImageByHandle: -> 0 (\Device\HarddiskVolume1\Windows\System32\gdi32.dll)
b5c.1408: supR3HardenedWinVerifyCacheInsert: \Device\HarddiskVolume1\Windows\System32\gdi32.dll
b5c.1408: supR3HardenedWinVerifyCacheProcessImportTodos: Processing 'rpcrt4.dll'...
b5c.1408: supR3HardenedWinVerifyCacheProcessImportTodos: 'rpcrt4.dll' -> '\Device\HarddiskVolume1\Windows\System32\rpcrt4.dll' [rcNtRedir=0xc0150008]
b5c.1408: supR3HardenedWinVerifyCacheProcessImportTodos: Processing 'win32u.dll'...
b5c.1408: supR3HardenedWinVerifyCacheProcessImportTodos: 'win32u.dll' -> '\Device\HarddiskVolume1\Windows\System32\win32u.dll' [rcNtRedir=0xc0150008]
b5c.1408: Detected WinVerifyTrust recursion: rc=VINF_SUCCESS '\Device\HarddiskVolume1\Windows\System32\win32u.dll'.
b5c.1408: '\Device\HarddiskVolume1\Windows\System32\win32u.dll' has no imports
b5c.1408: supHardenedWinVerifyImageByHandle: -> 0 (\Device\HarddiskVolume1\Windows\System32\win32u.dll)
b5c.1408: supR3HardenedWinVerifyCacheInsert: \Device\HarddiskVolume1\Windows\System32\win32u.dll
b5c.1408: supR3HardenedWinVerifyCacheProcessImportTodos: Processing 'gdi32.dll'...
b5c.1408: supR3HardenedWinVerifyCacheProcessImportTodos: 'gdi32.dll' -> '\Device\HarddiskVolume1\Windows\System32\gdi32.dll' [rcNtRedir=0xc0150008]
b5c.1408: supR3HardenedScreenImage/Imports: cache hit (VINF_SUCCESS) on \Device\HarddiskVolume1\Windows\System32\gdi32.dll [lacks WinVerifyTrust]
b5c.1408: supR3HardenedWinVerifyCacheProcessImportTodos: Processing 'win32u.dll'...
b5c.1408: supR3HardenedWinVerifyCacheProcessImportTodos: 'win32u.dll' -> '\Device\HarddiskVolume1\Windows\System32\win32u.dll' [rcNtRedir=0xc0150008]
b5c.1408: supR3HardenedScreenImage/Imports: cache hit (VINF_SUCCESS) on \Device\HarddiskVolume1\Windows\System32\win32u.dll [lacks WinVerifyTrust]
b5c.1408: supR3HardenedMonitor_LdrLoadDll: returns rcNt=0x0 hMod=00007ffb3eb20000 'C:\Windows\system32\rsaenh.dll'
b5c.1408: supR3HardenedMonitor_LdrLoadDll: returns rcNt=0x0 hMod=00007ffb40320000 'C:\Windows\System32\crypt32.dll'
b5c.1408: supR3HardenedWinVerifyCacheScheduleImports: Import todo: #0 'win32u.dll'.
b5c.1408: supR3HardenedWinVerifyCacheScheduleImports: Import todo: #37 'gdi32.dll'.
b5c.1408: supHardenedWinVerifyImageByHandle: -> 0 (\Device\HarddiskVolume1\Windows\System32\user32.dll) WinVerifyTrust
b5c.1408: supR3HardenedWinVerifyCacheProcessImportTodos: Processing 'qt6widgetsvbox.dll'...
b5c.1408: supR3HardenedWinVerifyCacheProcessImportTodos: 'qt6widgetsvbox.dll' -> '\Device\HarddiskVolume1\Program Files\Oracle\VirtualBox\qt6widgetsvbox.dll' [rcNtRedir=0xc0150008]
b5c.1408: supR3HardenedWinVerifyCacheProcessImportTodos: Processing 'gdi32.dll'...
b5c.1408: supR3HardenedWinVerifyCacheProcessImportTodos: 'gdi32.dll' -> '\Device\HarddiskVolume1\Windows\System32\gdi32.dll' [rcNtRedir=0xc0150008]
b5c.1408: supR3HardenedScreenImage/Imports: cache hit (VINF_SUCCESS) on \Device\HarddiskVolume1\Windows\System32\gdi32.dll [lacks WinVerifyTrust]
b5c.1408: supR3HardenedWinVerifyCacheProcessImportTodos: Processing 'win32u.dll'...
b5c.1408: supR3HardenedWinVerifyCacheProcessImportTodos: 'win32u.dll' -> '\Device\HarddiskVolume1\Windows\System32\win32u.dll' [rcNtRedir=0xc0150008]
b5c.1408: supR3HardenedScreenImage/Imports: cache hit (VINF_SUCCESS) on \Device\HarddiskVolume1\Windows\System32\win32u.dll [lacks WinVerifyTrust]
b5c.1408: supR3HardenedMonitor_LdrLoadDll: returns rcNt=0x0 hMod=00007ffb3eb20000 'C:\Windows\system32\rsaenh.dll'
b5c.1408: supR3HardenedMonitor_LdrLoadDll: returns rcNt=0x0 hMod=00007ffb40320000 'C:\Windows\System32\crypt32.dll'
b5c.1408: supR3HardenedWinVerifyCacheScheduleImports: Import todo: #0 'dwmapi.dll'.
b5c.1408: supR3HardenedWinVerifyCacheScheduleImports: Import todo: #1 'uxtheme.dll'.
b5c.1408: supR3HardenedWinVerifyCacheScheduleImports: Import todo: #2 'qt6guivbox.dll'.
b5c.1408: supR3HardenedWinVerifyCacheScheduleImports: Import todo: #3 'qt6corevbox.dll'.
b5c.1408: supR3HardenedWinVerifyCacheScheduleImports: Import todo: #5 'user32.dll'.
b5c.1408: supR3HardenedWinVerifyCacheScheduleImports: Import todo: #6 'gdi32.dll'.
b5c.1408: supR3HardenedWinVerifyCacheScheduleImports: Import todo: #7 'msvcp140.dll'.
b5c.1408: supR3HardenedWinVerifyCacheScheduleImports: Import todo: #8 'msvcp140_1.dll'.
b5c.1408: supR3HardenedWinVerifyCacheScheduleImports: Import todo: #9 'vcruntime140.dll'.
b5c.1408: supR3HardenedWinVerifyCacheScheduleImports: Import todo: #10 'vcruntime140_1.dll'.
b5c.1408: supHardenedWinVerifyImageByHandle: -> 0 (\Device\HarddiskVolume1\Program Files\Oracle\VirtualBox\Qt6WidgetsVBox.dll) WinVerifyTrust
b5c.1408: supR3HardenedWinVerifyCacheInsert: \Device\HarddiskVolume1\Program Files\Oracle\VirtualBox\Qt6WidgetsVBox.dll
b5c.1408: supR3HardenedWinVerifyCacheProcessImportTodos: Processing 'qt6guivbox.dll'...
b5c.1408: supR3HardenedWinVerifyCacheProcessImportTodos: 'qt6guivbox.dll' -> '\Device\HarddiskVolume1\Program Files\Oracle\VirtualBox\qt6guivbox.dll' [rcNtRedir=0xc0150008]
b5c.1408: supR3HardenedWinVerifyCacheProcessImportTodos: Processing 'vcruntime140_1.dll'...
b5c.1408: supR3HardenedWinVerifyCacheProcessImportTodos: 'vcruntime140_1.dll' -> '\Device\HarddiskVolume1\Windows\System32\vcruntime140_1.dll' [rcNtRedir=0xc0150008]
b5c.1408: supR3HardenedScreenImage/Imports: cache hit (VINF_SUCCESS) on \Device\HarddiskVolume1\Windows\System32\vcruntime140_1.dll
b5c.1408: supR3HardenedWinVerifyCacheProcessImportTodos: Processing 'vcruntime140.dll'...
b5c.1408: supR3HardenedWinVerifyCacheProcessImportTodos: 'vcruntime140.dll' -> '\Device\HarddiskVolume1\Windows\System32\vcruntime140.dll' [rcNtRedir=0xc0150008]
b5c.1408: supR3HardenedScreenImage/Imports: cache hit (VINF_SUCCESS) on \Device\HarddiskVolume1\Windows\System32\vcruntime140.dll
b5c.1408: supR3HardenedWinVerifyCacheProcessImportTodos: Processing 'msvcp140_1.dll'...
b5c.1408: supR3HardenedWinVerifyCacheProcessImportTodos: 'msvcp140_1.dll' -> '\Device\HarddiskVolume1\Windows\System32\msvcp140_1.dll' [rcNtRedir=0xc0150008]
b5c.1408: Detected WinVerifyTrust recursion: rc=VINF_SUCCESS '\Device\HarddiskVolume1\Windows\System32\msvcp140_1.dll'.
b5c.1408: supR3HardenedWinVerifyCacheScheduleImports: Import todo: #0 'msvcp140.dll'.
b5c.1408: supR3HardenedWinVerifyCacheScheduleImports: Import todo: #1 'vcruntime140.dll'.
b5c.1408: supHardenedWinVerifyImageByHandle: -> 0 (\Device\HarddiskVolume1\Windows\System32\msvcp140_1.dll)
b5c.1408: supR3HardenedWinVerifyCacheInsert: \Device\HarddiskVolume1\Windows\System32\msvcp140_1.dll
b5c.1408: supR3HardenedWinVerifyCacheProcessImportTodos: Processing 'msvcp140.dll'...
b5c.1408: supR3HardenedWinVerifyCacheProcessImportTodos: 'msvcp140.dll' -> '\Device\HarddiskVolume1\Windows\System32\msvcp140.dll' [rcNtRedir=0xc0150008]
b5c.1408: supR3HardenedScreenImage/Imports: cache hit (VINF_SUCCESS) on \Device\HarddiskVolume1\Windows\System32\msvcp140.dll
b5c.1408: supR3HardenedWinVerifyCacheProcessImportTodos: Processing 'gdi32.dll'...
b5c.1408: supR3HardenedWinVerifyCacheProcessImportTodos: 'gdi32.dll' -> '\Device\HarddiskVolume1\Windows\System32\gdi32.dll' [rcNtRedir=0xc0150008]
b5c.1408: supR3HardenedScreenImage/Imports: cache hit (VINF_SUCCESS) on \Device\HarddiskVolume1\Windows\System32\gdi32.dll [lacks WinVerifyTrust]
b5c.1408: supR3HardenedWinVerifyCacheProcessImportTodos: Processing 'user32.dll'...
b5c.1408: supR3HardenedWinVerifyCacheProcessImportTodos: 'user32.dll' -> '\Device\HarddiskVolume1\Windows\System32\user32.dll' [rcNtRedir=0xc0150008]
b5c.1408: supR3HardenedScreenImage/Imports: cache hit (VINF_SUCCESS) on \Device\HarddiskVolume1\Windows\System32\user32.dll [lacks WinVerifyTrust]
b5c.1408: supR3HardenedWinVerifyCacheProcessImportTodos: Processing 'qt6corevbox.dll'...
b5c.1408: supR3HardenedWinVerifyCacheProcessImportTodos: 'qt6corevbox.dll' -> '\Device\HarddiskVolume1\Program Files\Oracle\VirtualBox\qt6corevbox.dll' [rcNtRedir=0xc0150008]
b5c.1408: Detected WinVerifyTrust recursion: rc=VINF_SUCCESS '\Device\HarddiskVolume1\Program Files\Oracle\VirtualBox\Qt6CoreVBox.dll'.
b5c.1408: supR3HardenedWinVerifyCacheScheduleImports: Import todo: #1 'mpr.dll'.
b5c.1408: supR3HardenedWinVerifyCacheScheduleImports: Import todo: #2 'userenv.dll'.
b5c.1408: supR3HardenedWinVerifyCacheScheduleImports: Import todo: #3 'advapi32.dll'.
b5c.1408: supR3HardenedWinVerifyCacheScheduleImports: Import todo: #4 'authz.dll'.
b5c.1408: supR3HardenedWinVerifyCacheScheduleImports: Import todo: #6 'netapi32.dll'.
b5c.1408: supR3HardenedWinVerifyCacheScheduleImports: Import todo: #7 'ole32.dll'.
b5c.1408: supR3HardenedWinVerifyCacheScheduleImports: Import todo: #8 'shell32.dll'.
b5c.1408: supR3HardenedWinVerifyCacheScheduleImports: Import todo: #9 'user32.dll'.
b5c.1408: supR3HardenedWinVerifyCacheScheduleImports: Import todo: #10 'version.dll'.
b5c.1408: supR3HardenedWinVerifyCacheScheduleImports: Import todo: #11 'winmm.dll'.
b5c.1408: supR3HardenedWinVerifyCacheScheduleImports: Import todo: #12 'ws2_32.dll'.
b5c.1408: supR3HardenedWinVerifyCacheScheduleImports: Import todo: #13 'msvcp140.dll'.
b5c.1408: supR3HardenedWinVerifyCacheScheduleImports: Import todo: #14 'msvcp140_1.dll'.
b5c.1408: supR3HardenedWinVerifyCacheScheduleImports: Import todo: #15 'vcruntime140_1.dll'.
b5c.1408: supR3HardenedWinVerifyCacheScheduleImports: Import todo: #16 'vcruntime140.dll'.
b5c.1408: supHardenedWinVerifyImageByHandle: -> 0 (\Device\HarddiskVolume1\Program Files\Oracle\VirtualBox\Qt6CoreVBox.dll)
b5c.1408: supR3HardenedWinVerifyCacheInsert: \Device\HarddiskVolume1\Program Files\Oracle\VirtualBox\Qt6CoreVBox.dll
b5c.1408: supR3HardenedWinVerifyCacheProcessImportTodos: Processing 'qt6guivbox.dll'...
b5c.1408: supR3HardenedWinVerifyCacheProcessImportTodos: 'qt6guivbox.dll' -> '\Device\HarddiskVolume1\Program Files\Oracle\VirtualBox\qt6guivbox.dll' [rcNtRedir=0xc0150008]
b5c.1408: Detected WinVerifyTrust recursion: rc=VINF_SUCCESS '\Device\HarddiskVolume1\Program Files\Oracle\VirtualBox\Qt6GuiVBox.dll'.
b5c.1408: supR3HardenedWinVerifyCacheScheduleImports: Import todo: #0 'd3d11.dll'.
b5c.1408: supR3HardenedWinVerifyCacheScheduleImports: Import todo: #1 'dxgi.dll'.
b5c.1408: supR3HardenedWinVerifyCacheScheduleImports: Import todo: #2 'd3d12.dll'.
b5c.1408: supR3HardenedWinVerifyCacheScheduleImports: Import todo: #3 'gdi32.dll'.
b5c.1408: supR3HardenedWinVerifyCacheScheduleImports: Import todo: #4 'ole32.dll'.
b5c.1408: supR3HardenedWinVerifyCacheScheduleImports: Import todo: #5 'shell32.dll'.
b5c.1408: supR3HardenedWinVerifyCacheScheduleImports: Import todo: #6 'user32.dll'.
b5c.1408: supR3HardenedWinVerifyCacheScheduleImports: Import todo: #7 'uxtheme.dll'.
b5c.1408: supR3HardenedWinVerifyCacheScheduleImports: Import todo: #8 'dwrite.dll'.
b5c.1408: supR3HardenedWinVerifyCacheScheduleImports: Import todo: #9 'qt6corevbox.dll'.
b5c.1408: supR3HardenedWinVerifyCacheScheduleImports: Import todo: #11 'msvcp140.dll'.
b5c.1408: supR3HardenedWinVerifyCacheScheduleImports: Import todo: #12 'msvcp140_1.dll'.
b5c.1408: supR3HardenedWinVerifyCacheScheduleImports: Import todo: #13 'msvcp140_2.dll'.
b5c.1408: supR3HardenedWinVerifyCacheScheduleImports: Import todo: #14 'vcruntime140.dll'.
b5c.1408: supR3HardenedWinVerifyCacheScheduleImports: Import todo: #15 'vcruntime140_1.dll'.
b5c.1408: supHardenedWinVerifyImageByHandle: -> 0 (\Device\HarddiskVolume1\Program Files\Oracle\VirtualBox\Qt6GuiVBox.dll)
b5c.1408: supR3HardenedWinVerifyCacheInsert: \Device\HarddiskVolume1\Program Files\Oracle\VirtualBox\Qt6GuiVBox.dll
b5c.1408: supR3HardenedWinVerifyCacheProcessImportTodos: Processing 'uxtheme.dll'...
b5c.1408: supR3HardenedWinVerifyCacheProcessImportTodos: 'uxtheme.dll' -> '\Device\HarddiskVolume1\Windows\System32\uxtheme.dll' [rcNtRedir=0xc0150008]
b5c.1408: Detected WinVerifyTrust recursion: rc=22900 '\Device\HarddiskVolume1\Windows\System32\uxtheme.dll'.
b5c.1408: supR3HardenedWinVerifyCacheScheduleImports: Import todo: #0 'msvcrt.dll'.
b5c.1408: supR3HardenedWinVerifyCacheScheduleImports: Import todo: #33 'gdi32.dll'.
b5c.1408: supR3HardenedWinVerifyCacheScheduleImports: Import todo: #34 'user32.dll'.
b5c.1408: supHardenedWinVerifyImageByHandle: -> 22900 (\Device\HarddiskVolume1\Windows\System32\uxtheme.dll)
b5c.1408: supR3HardenedWinVerifyCacheInsert: \Device\HarddiskVolume1\Windows\System32\uxtheme.dll
b5c.1408: supR3HardenedWinVerifyCacheProcessImportTodos: Processing 'dwmapi.dll'...
b5c.1408: supR3HardenedWinVerifyCacheProcessImportTodos: 'dwmapi.dll' -> '\Device\HarddiskVolume1\Windows\System32\dwmapi.dll' [rcNtRedir=0xc0150008]
b5c.1408: Detected WinVerifyTrust recursion: rc=VINF_SUCCESS '\Device\HarddiskVolume1\Windows\System32\dwmapi.dll'.
b5c.1408: supR3HardenedWinVerifyCacheScheduleImports: Import todo: #0 'msvcrt.dll'.
b5c.1408: supR3HardenedWinVerifyCacheScheduleImports: Import todo: #20 'win32u.dll'.
b5c.1408: supR3HardenedWinVerifyCacheScheduleImports: Import todo: #21 'user32.dll'.
b5c.1408: supR3HardenedWinVerifyCacheScheduleImports: Import todo: #22 'gdi32.dll'.
b5c.1408: supHardenedWinVerifyImageByHandle: -> 0 (\Device\HarddiskVolume1\Windows\System32\dwmapi.dll)
b5c.1408: supR3HardenedWinVerifyCacheInsert: \Device\HarddiskVolume1\Windows\System32\dwmapi.dll
b5c.1408: supR3HardenedWinVerifyCacheProcessImportTodos: Processing 'gdi32.dll'...
b5c.1408: supR3HardenedWinVerifyCacheProcessImportTodos: 'gdi32.dll' -> '\Device\HarddiskVolume1\Windows\System32\gdi32.dll' [rcNtRedir=0xc0150008]
b5c.1408: supR3HardenedScreenImage/Imports: cache hit (VINF_SUCCESS) on \Device\HarddiskVolume1\Windows\System32\gdi32.dll [lacks WinVerifyTrust]
b5c.1408: supR3HardenedWinVerifyCacheProcessImportTodos: Processing 'user32.dll'...
b5c.1408: supR3HardenedWinVerifyCacheProcessImportTodos: 'user32.dll' -> '\Device\HarddiskVolume1\Windows\System32\user32.dll' [rcNtRedir=0xc0150008]
b5c.1408: supR3HardenedScreenImage/Imports: cache hit (VINF_SUCCESS) on \Device\HarddiskVolume1\Windows\System32\user32.dll [lacks WinVerifyTrust]
b5c.1408: supR3HardenedWinVerifyCacheProcessImportTodos: Processing 'win32u.dll'...
b5c.1408: supR3HardenedWinVerifyCacheProcessImportTodos: 'win32u.dll' -> '\Device\HarddiskVolume1\Windows\System32\win32u.dll' [rcNtRedir=0xc0150008]
b5c.1408: supR3HardenedScreenImage/Imports: cache hit (VINF_SUCCESS) on \Device\HarddiskVolume1\Windows\System32\win32u.dll [lacks WinVerifyTrust]
b5c.1408: supR3HardenedWinVerifyCacheProcessImportTodos: Processing 'msvcrt.dll'...
b5c.1408: supR3HardenedWinVerifyCacheProcessImportTodos: 'msvcrt.dll' -> '\Device\HarddiskVolume1\Windows\System32\msvcrt.dll' [rcNtRedir=0xc0150008]
b5c.1408: supR3HardenedScreenImage/Imports: cache hit (VINF_SUCCESS) on \Device\HarddiskVolume1\Windows\System32\msvcrt.dll
b5c.1408: supR3HardenedWinVerifyCacheProcessImportTodos: Processing 'user32.dll'...
b5c.1408: supR3HardenedWinVerifyCacheProcessImportTodos: 'user32.dll' -> '\Device\HarddiskVolume1\Windows\System32\user32.dll' [rcNtRedir=0xc0150008]
b5c.1408: supR3HardenedScreenImage/Imports: cache hit (VINF_SUCCESS) on \Device\HarddiskVolume1\Windows\System32\user32.dll [lacks WinVerifyTrust]
b5c.1408: supR3HardenedWinVerifyCacheProcessImportTodos: Processing 'gdi32.dll'...
b5c.1408: supR3HardenedWinVerifyCacheProcessImportTodos: 'gdi32.dll' -> '\Device\HarddiskVolume1\Windows\System32\gdi32.dll' [rcNtRedir=0xc0150008]
b5c.1408: supR3HardenedScreenImage/Imports: cache hit (VINF_SUCCESS) on \Device\HarddiskVolume1\Windows\System32\gdi32.dll [lacks WinVerifyTrust]
b5c.1408: supR3HardenedWinVerifyCacheProcessImportTodos: Processing 'msvcrt.dll'...
b5c.1408: supR3HardenedWinVerifyCacheProcessImportTodos: 'msvcrt.dll' -> '\Device\HarddiskVolume1\Windows\System32\msvcrt.dll' [rcNtRedir=0xc0150008]
b5c.1408: supR3HardenedScreenImage/Imports: cache hit (VINF_SUCCESS) on \Device\HarddiskVolume1\Windows\System32\msvcrt.dll
b5c.1408: supR3HardenedWinVerifyCacheProcessImportTodos: Processing 'vcruntime140_1.dll'...
b5c.1408: supR3HardenedWinVerifyCacheProcessImportTodos: 'vcruntime140_1.dll' -> '\Device\HarddiskVolume1\Windows\System32\vcruntime140_1.dll' [rcNtRedir=0xc0150008]
b5c.1408: supR3HardenedScreenImage/Imports: cache hit (VINF_SUCCESS) on \Device\HarddiskVolume1\Windows\System32\vcruntime140_1.dll
b5c.1408: supR3HardenedWinVerifyCacheProcessImportTodos: Processing 'vcruntime140.dll'...
b5c.1408: supR3HardenedWinVerifyCacheProcessImportTodos: 'vcruntime140.dll' -> '\Device\HarddiskVolume1\Windows\System32\vcruntime140.dll' [rcNtRedir=0xc0150008]
b5c.1408: supR3HardenedScreenImage/Imports: cache hit (VINF_SUCCESS) on \Device\HarddiskVolume1\Windows\System32\vcruntime140.dll
b5c.1408: supR3HardenedWinVerifyCacheProcessImportTodos: Processing 'msvcp140_2.dll'...
b5c.1408: supR3HardenedWinVerifyCacheProcessImportTodos: 'msvcp140_2.dll' -> '\Device\HarddiskVolume1\Windows\System32\msvcp140_2.dll' [rcNtRedir=0xc0150008]
b5c.1408: Detected WinVerifyTrust recursion: rc=VINF_SUCCESS '\Device\HarddiskVolume1\Windows\System32\msvcp140_2.dll'.
b5c.1408: supR3HardenedWinVerifyCacheScheduleImports: Import todo: #0 'msvcp140.dll'.
b5c.1408: supR3HardenedWinVerifyCacheScheduleImports: Import todo: #1 'vcruntime140.dll'.
b5c.1408: supR3HardenedWinVerifyCacheScheduleImports: Import todo: #2 'vcruntime140_1.dll'.
b5c.1408: supHardenedWinVerifyImageByHandle: -> 0 (\Device\HarddiskVolume1\Windows\System32\msvcp140_2.dll)
b5c.1408: supR3HardenedWinVerifyCacheInsert: \Device\HarddiskVolume1\Windows\System32\msvcp140_2.dll
b5c.1408: supR3HardenedWinVerifyCacheProcessImportTodos: Processing 'msvcp140_1.dll'...
b5c.1408: supR3HardenedWinVerifyCacheProcessImportTodos: 'msvcp140_1.dll' -> '\Device\HarddiskVolume1\Windows\System32\msvcp140_1.dll' [rcNtRedir=0xc0150008]
b5c.1408: supR3HardenedScreenImage/Imports: cache hit (VINF_SUCCESS) on \Device\HarddiskVolume1\Windows\System32\msvcp140_1.dll [lacks WinVerifyTrust]
b5c.1408: supR3HardenedWinVerifyCacheProcessImportTodos: Processing 'msvcp140.dll'...
b5c.1408: supR3HardenedWinVerifyCacheProcessImportTodos: 'msvcp140.dll' -> '\Device\HarddiskVolume1\Windows\System32\msvcp140.dll' [rcNtRedir=0xc0150008]
b5c.1408: supR3HardenedScreenImage/Imports: cache hit (VINF_SUCCESS) on \Device\HarddiskVolume1\Windows\System32\msvcp140.dll
b5c.1408: supR3HardenedWinVerifyCacheProcessImportTodos: Processing 'qt6corevbox.dll'...
b5c.1408: supR3HardenedWinVerifyCacheProcessImportTodos: 'qt6corevbox.dll' -> '\Device\HarddiskVolume1\Program Files\Oracle\VirtualBox\qt6corevbox.dll' [rcNtRedir=0xc0150008]
b5c.1408: supR3HardenedScreenImage/Imports: cache hit (VINF_SUCCESS) on \Device\HarddiskVolume1\Program Files\Oracle\VirtualBox\Qt6CoreVBox.dll [lacks WinVerifyTrust]
b5c.1408: supR3HardenedWinVerifyCacheProcessImportTodos: Processing 'dwrite.dll'...
b5c.1408: supR3HardenedWinVerifyCacheProcessImportTodos: 'dwrite.dll' -> '\Device\HarddiskVolume1\Windows\System32\dwrite.dll' [rcNtRedir=0xc0150008]
b5c.1408: Detected WinVerifyTrust recursion: rc=22900 '\Device\HarddiskVolume1\Windows\System32\DWrite.dll'.
b5c.1408: supR3HardenedWinVerifyCacheScheduleImports: Import todo: #0 'msvcrt.dll'.
b5c.1408: supR3HardenedWinVerifyCacheScheduleImports: Import todo: #12 'rpcrt4.dll'.
b5c.1408: supHardenedWinVerifyImageByHandle: -> 22900 (\Device\HarddiskVolume1\Windows\System32\DWrite.dll)
b5c.1408: supR3HardenedWinVerifyCacheInsert: \Device\HarddiskVolume1\Windows\System32\DWrite.dll
b5c.1408: supR3HardenedWinVerifyCacheProcessImportTodos: Processing 'uxtheme.dll'...
b5c.1408: supR3HardenedWinVerifyCacheProcessImportTodos: 'uxtheme.dll' -> '\Device\HarddiskVolume1\Windows\System32\uxtheme.dll' [rcNtRedir=0xc0150008]
b5c.1408: supR3HardenedScreenImage/Imports: cache hit (22900) on \Device\HarddiskVolume1\Windows\System32\uxtheme.dll [lacks WinVerifyTrust]
b5c.1408: supR3HardenedWinVerifyCacheProcessImportTodos: Processing 'user32.dll'...
b5c.1408: supR3HardenedWinVerifyCacheProcessImportTodos: 'user32.dll' -> '\Device\HarddiskVolume1\Windows\System32\user32.dll' [rcNtRedir=0xc0150008]
b5c.1408: supR3HardenedScreenImage/Imports: cache hit (VINF_SUCCESS) on \Device\HarddiskVolume1\Windows\System32\user32.dll [lacks WinVerifyTrust]
b5c.1408: supR3HardenedWinVerifyCacheProcessImportTodos: Processing 'shell32.dll'...
b5c.1408: supR3HardenedWinVerifyCacheProcessImportTodos: 'shell32.dll' -> '\Device\HarddiskVolume1\Windows\System32\shell32.dll' [rcNtRedir=0xc0150008]
b5c.1408: Detected WinVerifyTrust recursion: rc=VINF_SUCCESS '\Device\HarddiskVolume1\Windows\System32\shell32.dll'.
b5c.1408: supR3HardenedWinVerifyCacheScheduleImports: Import todo: #0 'msvcp_win.dll'.
b5c.1408: supR3HardenedWinVerifyCacheScheduleImports: Import todo: #72 'user32.dll'.
b5c.1408: supR3HardenedWinVerifyCacheScheduleImports: Import todo: #74 'gdi32.dll'.
b5c.1408: supHardenedWinVerifyImageByHandle: -> 0 (\Device\HarddiskVolume1\Windows\System32\shell32.dll)
b5c.1408: supR3HardenedWinVerifyCacheInsert: \Device\HarddiskVolume1\Windows\System32\shell32.dll
b5c.1408: supR3HardenedWinVerifyCacheProcessImportTodos: Processing 'ole32.dll'...
b5c.1408: supR3HardenedWinVerifyCacheProcessImportTodos: 'ole32.dll' -> '\Device\HarddiskVolume1\Windows\System32\ole32.dll' [rcNtRedir=0xc0150008]
b5c.1408: supR3HardenedScreenImage/Imports: cache hit (VINF_SUCCESS) on \Device\HarddiskVolume1\Windows\System32\ole32.dll
b5c.1408: supR3HardenedWinVerifyCacheProcessImportTodos: Processing 'gdi32.dll'...
b5c.1408: supR3HardenedWinVerifyCacheProcessImportTodos: 'gdi32.dll' -> '\Device\HarddiskVolume1\Windows\System32\gdi32.dll' [rcNtRedir=0xc0150008]
b5c.1408: supR3HardenedScreenImage/Imports: cache hit (VINF_SUCCESS) on \Device\HarddiskVolume1\Windows\System32\gdi32.dll [lacks WinVerifyTrust]
b5c.1408: supR3HardenedWinVerifyCacheProcessImportTodos: Processing 'd3d12.dll'...
b5c.1408: supR3HardenedWinVerifyCacheProcessImportTodos: 'd3d12.dll' -> '\Device\HarddiskVolume1\Windows\System32\d3d12.dll' [rcNtRedir=0xc0150008]
b5c.1408: Detected WinVerifyTrust recursion: rc=VINF_SUCCESS '\Device\HarddiskVolume1\Windows\System32\D3D12.dll'.
b5c.1408: supR3HardenedWinVerifyCacheScheduleImports: Import todo: #0 'msvcp_win.dll'.
b5c.1408: supHardenedWinVerifyImageByHandle: -> 0 (\Device\HarddiskVolume1\Windows\System32\D3D12.dll)
b5c.1408: supR3HardenedWinVerifyCacheInsert: \Device\HarddiskVolume1\Windows\System32\D3D12.dll
b5c.1408: supR3HardenedWinVerifyCacheProcessImportTodos: Processing 'dxgi.dll'...
b5c.1408: supR3HardenedWinVerifyCacheProcessImportTodos: 'dxgi.dll' -> '\Device\HarddiskVolume1\Windows\System32\dxgi.dll' [rcNtRedir=0xc0150008]
b5c.1408: Detected WinVerifyTrust recursion: rc=VINF_SUCCESS '\Device\HarddiskVolume1\Windows\System32\dxgi.dll'.
b5c.1408: supR3HardenedWinVerifyCacheScheduleImports: Import todo: #0 'msvcrt.dll'.
b5c.1408: supR3HardenedWinVerifyCacheScheduleImports: Import todo: #2 'win32u.dll'.
b5c.1408: supHardenedWinVerifyImageByHandle: -> 0 (\Device\HarddiskVolume1\Windows\System32\dxgi.dll)
b5c.1408: supR3HardenedWinVerifyCacheInsert: \Device\HarddiskVolume1\Windows\System32\dxgi.dll
b5c.1408: supR3HardenedWinVerifyCacheProcessImportTodos: Processing 'd3d11.dll'...
b5c.1408: supR3HardenedWinVerifyCacheProcessImportTodos: 'd3d11.dll' -> '\Device\HarddiskVolume1\Windows\System32\d3d11.dll' [rcNtRedir=0xc0150008]
b5c.1408: Detected WinVerifyTrust recursion: rc=VINF_SUCCESS '\Device\HarddiskVolume1\Windows\System32\d3d11.dll'.
b5c.1408: supR3HardenedWinVerifyCacheScheduleImports: Import todo: #0 'msvcrt.dll'.
b5c.1408: supR3HardenedWinVerifyCacheScheduleImports: Import todo: #26 'dxgi.dll'.
b5c.1408: supR3HardenedWinVerifyCacheScheduleImports: Import todo: #28 'win32u.dll'.
b5c.1408: supHardenedWinVerifyImageByHandle: -> 0 (\Device\HarddiskVolume1\Windows\System32\d3d11.dll)
b5c.1408: supR3HardenedWinVerifyCacheInsert: \Device\HarddiskVolume1\Windows\System32\d3d11.dll
b5c.1408: supR3HardenedWinVerifyCacheProcessImportTodos: Processing 'vcruntime140.dll'...
b5c.1408: supR3HardenedWinVerifyCacheProcessImportTodos: 'vcruntime140.dll' -> '\Device\HarddiskVolume1\Windows\System32\vcruntime140.dll' [rcNtRedir=0xc0150008]
b5c.1408: supR3HardenedWinVerifyCacheProcessImportTodos: Processing 'vcruntime140_1.dll'...
b5c.1408: supR3HardenedWinVerifyCacheProcessImportTodos: 'vcruntime140_1.dll' -> '\Device\HarddiskVolume1\Windows\System32\vcruntime140_1.dll' [rcNtRedir=0xc0150008]
b5c.1408: supR3HardenedScreenImage/Imports: cache hit (VINF_SUCCESS) on \Device\HarddiskVolume1\Windows\System32\vcruntime140_1.dll
b5c.1408: supR3HardenedWinVerifyCacheProcessImportTodos: Processing 'msvcp140_1.dll'...
b5c.1408: supR3HardenedWinVerifyCacheProcessImportTodos: 'msvcp140_1.dll' -> '\Device\HarddiskVolume1\Windows\System32\msvcp140_1.dll' [rcNtRedir=0xc0150008]
b5c.1408: supR3HardenedScreenImage/Imports: cache hit (VINF_SUCCESS) on \Device\HarddiskVolume1\Windows\System32\msvcp140_1.dll [lacks WinVerifyTrust]
b5c.1408: supR3HardenedWinVerifyCacheProcessImportTodos: Processing 'msvcp140.dll'...
b5c.1408: supR3HardenedWinVerifyCacheProcessImportTodos: 'msvcp140.dll' -> '\Device\HarddiskVolume1\Windows\System32\msvcp140.dll' [rcNtRedir=0xc0150008]
b5c.1408: supR3HardenedScreenImage/Imports: cache hit (VINF_SUCCESS) on \Device\HarddiskVolume1\Windows\System32\msvcp140.dll
b5c.1408: supR3HardenedWinVerifyCacheProcessImportTodos: Processing 'ws2_32.dll'...
b5c.1408: supR3HardenedWinVerifyCacheProcessImportTodos: 'ws2_32.dll' -> '\Device\HarddiskVolume1\Windows\System32\ws2_32.dll' [rcNtRedir=0xc0150008]
b5c.1408: supR3HardenedScreenImage/Imports: cache hit (VINF_SUCCESS) on \Device\HarddiskVolume1\Windows\System32\ws2_32.dll
b5c.1408: supR3HardenedWinVerifyCacheProcessImportTodos: Processing 'winmm.dll'...
b5c.1408: supR3HardenedWinVerifyCacheProcessImportTodos: 'winmm.dll' -> '\Device\HarddiskVolume1\Windows\System32\winmm.dll' [rcNtRedir=0xc0150008]
b5c.1408: supR3HardenedScreenImage/Imports: cache hit (VINF_SUCCESS) on \Device\HarddiskVolume1\Windows\System32\winmm.dll
b5c.1408: supR3HardenedWinVerifyCacheProcessImportTodos: Processing 'version.dll'...
b5c.1408: supR3HardenedWinVerifyCacheProcessImportTodos: 'version.dll' -> '\Device\HarddiskVolume1\Windows\System32\version.dll' [rcNtRedir=0xc0150008]
b5c.1408: Detected WinVerifyTrust recursion: rc=VINF_SUCCESS '\Device\HarddiskVolume1\Windows\System32\version.dll'.
b5c.1408: supR3HardenedWinVerifyCacheScheduleImports: Import todo: #0 'msvcrt.dll'.
b5c.1408: supHardenedWinVerifyImageByHandle: -> 0 (\Device\HarddiskVolume1\Windows\System32\version.dll)
b5c.1408: supR3HardenedWinVerifyCacheInsert: \Device\HarddiskVolume1\Windows\System32\version.dll
b5c.1408: supR3HardenedWinVerifyCacheProcessImportTodos: Processing 'user32.dll'...
b5c.1408: supR3HardenedWinVerifyCacheProcessImportTodos: 'user32.dll' -> '\Device\HarddiskVolume1\Windows\System32\user32.dll' [rcNtRedir=0xc0150008]
b5c.1408: supR3HardenedScreenImage/Imports: cache hit (VINF_SUCCESS) on \Device\HarddiskVolume1\Windows\System32\user32.dll [lacks WinVerifyTrust]
b5c.1408: supR3HardenedWinVerifyCacheProcessImportTodos: Processing 'shell32.dll'...
b5c.1408: supR3HardenedWinVerifyCacheProcessImportTodos: 'shell32.dll' -> '\Device\HarddiskVolume1\Windows\System32\shell32.dll' [rcNtRedir=0xc0150008]
b5c.1408: supR3HardenedScreenImage/Imports: cache hit (VINF_SUCCESS) on \Device\HarddiskVolume1\Windows\System32\shell32.dll [lacks WinVerifyTrust]
b5c.1408: supR3HardenedWinVerifyCacheProcessImportTodos: Processing 'ole32.dll'...
b5c.1408: supR3HardenedWinVerifyCacheProcessImportTodos: 'ole32.dll' -> '\Device\HarddiskVolume1\Windows\System32\ole32.dll' [rcNtRedir=0xc0150008]
b5c.1408: supR3HardenedScreenImage/Imports: cache hit (VINF_SUCCESS) on \Device\HarddiskVolume1\Windows\System32\ole32.dll
b5c.1408: supR3HardenedWinVerifyCacheProcessImportTodos: Processing 'netapi32.dll'...
b5c.1408: supR3HardenedWinVerifyCacheProcessImportTodos: 'netapi32.dll' -> '\Device\HarddiskVolume1\Windows\System32\netapi32.dll' [rcNtRedir=0xc0150008]
b5c.1408: Detected WinVerifyTrust recursion: rc=VINF_SUCCESS '\Device\HarddiskVolume1\Windows\System32\netapi32.dll'.
b5c.1408: supR3HardenedWinVerifyCacheScheduleImports: Import todo: #0 'msvcrt.dll'.
b5c.1408: supHardenedWinVerifyImageByHandle: -> 0 (\Device\HarddiskVolume1\Windows\System32\netapi32.dll)
b5c.1408: supR3HardenedWinVerifyCacheInsert: \Device\HarddiskVolume1\Windows\System32\netapi32.dll
b5c.1408: supR3HardenedWinVerifyCacheProcessImportTodos: Processing 'authz.dll'...
b5c.1408: supR3HardenedWinVerifyCacheProcessImportTodos: 'authz.dll' -> '\Device\HarddiskVolume1\Windows\System32\authz.dll' [rcNtRedir=0xc0150008]
b5c.1408: Detected WinVerifyTrust recursion: rc=22900 '\Device\HarddiskVolume1\Windows\System32\authz.dll'.
b5c.1408: supHardenedWinVerifyImageByHandle: -> 22900 (\Device\HarddiskVolume1\Windows\System32\authz.dll)
b5c.1408: supR3HardenedWinVerifyCacheInsert: \Device\HarddiskVolume1\Windows\System32\authz.dll
b5c.1408: supR3HardenedWinVerifyCacheProcessImportTodos: Processing 'advapi32.dll'...
b5c.1408: supR3HardenedWinVerifyCacheProcessImportTodos: 'advapi32.dll' -> '\Device\HarddiskVolume1\Windows\System32\advapi32.dll' [rcNtRedir=0xc0150008]
b5c.1408: supR3HardenedScreenImage/Imports: cache hit (VINF_SUCCESS) on \Device\HarddiskVolume1\Windows\System32\advapi32.dll
b5c.1408: supR3HardenedWinVerifyCacheProcessImportTodos: Processing 'userenv.dll'...
b5c.1408: supR3HardenedWinVerifyCacheProcessImportTodos: 'userenv.dll' -> '\Device\HarddiskVolume1\Windows\System32\userenv.dll' [rcNtRedir=0xc0150008]
b5c.1408: Detected WinVerifyTrust recursion: rc=VINF_SUCCESS '\Device\HarddiskVolume1\Windows\System32\userenv.dll'.
b5c.1408: supR3HardenedWinVerifyCacheScheduleImports: Import todo: #17 'rpcrt4.dll'.
b5c.1408: supHardenedWinVerifyImageByHandle: -> 0 (\Device\HarddiskVolume1\Windows\System32\userenv.dll)
b5c.1408: supR3HardenedWinVerifyCacheInsert: \Device\HarddiskVolume1\Windows\System32\userenv.dll
b5c.1408: supR3HardenedWinVerifyCacheProcessImportTodos: Processing 'mpr.dll'...
b5c.1408: supR3HardenedWinVerifyCacheProcessImportTodos: 'mpr.dll' -> '\Device\HarddiskVolume1\Windows\System32\mpr.dll' [rcNtRedir=0xc0150008]
b5c.1408: Detected WinVerifyTrust recursion: rc=VINF_SUCCESS '\Device\HarddiskVolume1\Windows\System32\mpr.dll'.
b5c.1408: supHardenedWinVerifyImageByHandle: -> 0 (\Device\HarddiskVolume1\Windows\System32\mpr.dll)
b5c.1408: supR3HardenedWinVerifyCacheInsert: \Device\HarddiskVolume1\Windows\System32\mpr.dll
b5c.1408: supR3HardenedWinVerifyCacheProcessImportTodos: Processing 'vcruntime140.dll'...
b5c.1408: supR3HardenedWinVerifyCacheProcessImportTodos: 'vcruntime140.dll' -> '\Device\HarddiskVolume1\Windows\System32\vcruntime140.dll' [rcNtRedir=0xc0150008]
b5c.1408: supR3HardenedWinVerifyCacheProcessImportTodos: Processing 'msvcp140.dll'...
b5c.1408: supR3HardenedWinVerifyCacheProcessImportTodos: 'msvcp140.dll' -> '\Device\HarddiskVolume1\Windows\System32\msvcp140.dll' [rcNtRedir=0xc0150008]
b5c.1408: supR3HardenedScreenImage/Imports: cache hit (VINF_SUCCESS) on \Device\HarddiskVolume1\Windows\System32\msvcp140.dll
b5c.1408: supR3HardenedWinVerifyCacheProcessImportTodos: Processing 'rpcrt4.dll'...
b5c.1408: supR3HardenedWinVerifyCacheProcessImportTodos: 'rpcrt4.dll' -> '\Device\HarddiskVolume1\Windows\System32\rpcrt4.dll' [rcNtRedir=0xc0150008]
b5c.1408: supR3HardenedWinVerifyCacheProcessImportTodos: Processing 'msvcrt.dll'...
b5c.1408: supR3HardenedWinVerifyCacheProcessImportTodos: 'msvcrt.dll' -> '\Device\HarddiskVolume1\Windows\System32\msvcrt.dll' [rcNtRedir=0xc0150008]
b5c.1408: supR3HardenedWinVerifyCacheProcessImportTodos: Processing 'msvcrt.dll'...
b5c.1408: supR3HardenedWinVerifyCacheProcessImportTodos: 'msvcrt.dll' -> '\Device\HarddiskVolume1\Windows\System32\msvcrt.dll' [rcNtRedir=0xc0150008]
b5c.1408: supR3HardenedWinVerifyCacheProcessImportTodos: Processing 'win32u.dll'...
b5c.1408: supR3HardenedWinVerifyCacheProcessImportTodos: 'win32u.dll' -> '\Device\HarddiskVolume1\Windows\System32\win32u.dll' [rcNtRedir=0xc0150008]
b5c.1408: supR3HardenedScreenImage/Imports: cache hit (VINF_SUCCESS) on \Device\HarddiskVolume1\Windows\System32\win32u.dll [lacks WinVerifyTrust]
b5c.1408: supR3HardenedWinVerifyCacheProcessImportTodos: Processing 'dxgi.dll'...
b5c.1408: supR3HardenedWinVerifyCacheProcessImportTodos: 'dxgi.dll' -> '\Device\HarddiskVolume1\Windows\System32\dxgi.dll' [rcNtRedir=0xc0150008]
b5c.1408: supR3HardenedScreenImage/Imports: cache hit (VINF_SUCCESS) on \Device\HarddiskVolume1\Windows\System32\dxgi.dll [lacks WinVerifyTrust]
b5c.1408: supR3HardenedWinVerifyCacheProcessImportTodos: Processing 'msvcrt.dll'...
b5c.1408: supR3HardenedWinVerifyCacheProcessImportTodos: 'msvcrt.dll' -> '\Device\HarddiskVolume1\Windows\System32\msvcrt.dll' [rcNtRedir=0xc0150008]
b5c.1408: supR3HardenedWinVerifyCacheProcessImportTodos: Processing 'win32u.dll'...
b5c.1408: supR3HardenedWinVerifyCacheProcessImportTodos: 'win32u.dll' -> '\Device\HarddiskVolume1\Windows\System32\win32u.dll' [rcNtRedir=0xc0150008]
b5c.1408: supR3HardenedScreenImage/Imports: cache hit (VINF_SUCCESS) on \Device\HarddiskVolume1\Windows\System32\win32u.dll [lacks WinVerifyTrust]
b5c.1408: supR3HardenedWinVerifyCacheProcessImportTodos: Processing 'msvcrt.dll'...
b5c.1408: supR3HardenedWinVerifyCacheProcessImportTodos: 'msvcrt.dll' -> '\Device\HarddiskVolume1\Windows\System32\msvcrt.dll' [rcNtRedir=0xc0150008]
b5c.1408: supR3HardenedWinVerifyCacheProcessImportTodos: Processing 'msvcp_win.dll'...
b5c.1408: supR3HardenedWinVerifyCacheProcessImportTodos: 'msvcp_win.dll' -> '\Device\HarddiskVolume1\Windows\System32\msvcp_win.dll' [rcNtRedir=0xc0150008]
b5c.1408: supR3HardenedScreenImage/Imports: cache hit (VINF_SUCCESS) on \Device\HarddiskVolume1\Windows\System32\msvcp_win.dll [lacks WinVerifyTrust]
b5c.1408: supR3HardenedWinVerifyCacheProcessImportTodos: Processing 'gdi32.dll'...
b5c.1408: supR3HardenedWinVerifyCacheProcessImportTodos: 'gdi32.dll' -> '\Device\HarddiskVolume1\Windows\System32\gdi32.dll' [rcNtRedir=0xc0150008]
b5c.1408: supR3HardenedScreenImage/Imports: cache hit (VINF_SUCCESS) on \Device\HarddiskVolume1\Windows\System32\gdi32.dll [lacks WinVerifyTrust]
b5c.1408: supR3HardenedWinVerifyCacheProcessImportTodos: Processing 'user32.dll'...
b5c.1408: supR3HardenedWinVerifyCacheProcessImportTodos: 'user32.dll' -> '\Device\HarddiskVolume1\Windows\System32\user32.dll' [rcNtRedir=0xc0150008]
b5c.1408: supR3HardenedScreenImage/Imports: cache hit (VINF_SUCCESS) on \Device\HarddiskVolume1\Windows\System32\user32.dll [lacks WinVerifyTrust]
b5c.1408: supR3HardenedWinVerifyCacheProcessImportTodos: Processing 'msvcp_win.dll'...
b5c.1408: supR3HardenedWinVerifyCacheProcessImportTodos: 'msvcp_win.dll' -> '\Device\HarddiskVolume1\Windows\System32\msvcp_win.dll' [rcNtRedir=0xc0150008]
b5c.1408: supR3HardenedScreenImage/Imports: cache hit (VINF_SUCCESS) on \Device\HarddiskVolume1\Windows\System32\msvcp_win.dll [lacks WinVerifyTrust]
b5c.1408: supR3HardenedWinVerifyCacheProcessImportTodos: Processing 'rpcrt4.dll'...
b5c.1408: supR3HardenedWinVerifyCacheProcessImportTodos: 'rpcrt4.dll' -> '\Device\HarddiskVolume1\Windows\System32\rpcrt4.dll' [rcNtRedir=0xc0150008]
b5c.1408: supR3HardenedWinVerifyCacheProcessImportTodos: Processing 'msvcrt.dll'...
b5c.1408: supR3HardenedWinVerifyCacheProcessImportTodos: 'msvcrt.dll' -> '\Device\HarddiskVolume1\Windows\System32\msvcrt.dll' [rcNtRedir=0xc0150008]
b5c.1408: supR3HardenedWinVerifyCacheProcessImportTodos: Processing 'vcruntime140_1.dll'...
b5c.1408: supR3HardenedWinVerifyCacheProcessImportTodos: 'vcruntime140_1.dll' -> '\Device\HarddiskVolume1\Windows\System32\vcruntime140_1.dll' [rcNtRedir=0xc0150008]
b5c.1408: supR3HardenedScreenImage/Imports: cache hit (VINF_SUCCESS) on \Device\HarddiskVolume1\Windows\System32\vcruntime140_1.dll
b5c.1408: supR3HardenedWinVerifyCacheProcessImportTodos: Processing 'vcruntime140.dll'...
b5c.1408: supR3HardenedWinVerifyCacheProcessImportTodos: 'vcruntime140.dll' -> '\Device\HarddiskVolume1\Windows\System32\vcruntime140.dll' [rcNtRedir=0xc0150008]
b5c.1408: supR3HardenedWinVerifyCacheProcessImportTodos: Processing 'msvcp140.dll'...
b5c.1408: supR3HardenedWinVerifyCacheProcessImportTodos: 'msvcp140.dll' -> '\Device\HarddiskVolume1\Windows\System32\msvcp140.dll' [rcNtRedir=0xc0150008]
b5c.1408: supR3HardenedScreenImage/Imports: cache hit (VINF_SUCCESS) on \Device\HarddiskVolume1\Windows\System32\msvcp140.dll
b5c.1408: supR3HardenedMonitor_LdrLoadDll: returns rcNt=0x0 hMod=00007ffb3eb20000 'C:\Windows\system32\rsaenh.dll'
b5c.1408: supR3HardenedMonitor_LdrLoadDll: returns rcNt=0x0 hMod=00007ffb40320000 'C:\Windows\System32\crypt32.dll'
b5c.1408: supR3HardenedWinVerifyCacheScheduleImports: Import todo: #0 'd3d11.dll'.
b5c.1408: supR3HardenedWinVerifyCacheScheduleImports: Import todo: #1 'dxgi.dll'.
b5c.1408: supR3HardenedWinVerifyCacheScheduleImports: Import todo: #2 'd3d12.dll'.
b5c.1408: supR3HardenedWinVerifyCacheScheduleImports: Import todo: #3 'gdi32.dll'.
b5c.1408: supR3HardenedWinVerifyCacheScheduleImports: Import todo: #4 'ole32.dll'.
b5c.1408: supR3HardenedWinVerifyCacheScheduleImports: Import todo: #5 'shell32.dll'.
b5c.1408: supR3HardenedWinVerifyCacheScheduleImports: Import todo: #6 'user32.dll'.
b5c.1408: supR3HardenedWinVerifyCacheScheduleImports: Import todo: #7 'uxtheme.dll'.
b5c.1408: supR3HardenedWinVerifyCacheScheduleImports: Import todo: #8 'dwrite.dll'.
b5c.1408: supR3HardenedWinVerifyCacheScheduleImports: Import todo: #9 'qt6corevbox.dll'.
b5c.1408: supR3HardenedWinVerifyCacheScheduleImports: Import todo: #11 'msvcp140.dll'.
b5c.1408: supR3HardenedWinVerifyCacheScheduleImports: Import todo: #12 'msvcp140_1.dll'.
b5c.1408: supR3HardenedWinVerifyCacheScheduleImports: Import todo: #13 'msvcp140_2.dll'.
b5c.1408: supR3HardenedWinVerifyCacheScheduleImports: Import todo: #14 'vcruntime140.dll'.
b5c.1408: supR3HardenedWinVerifyCacheScheduleImports: Import todo: #15 'vcruntime140_1.dll'.
b5c.1408: supHardenedWinVerifyImageByHandle: -> 0 (\Device\HarddiskVolume1\Program Files\Oracle\VirtualBox\Qt6GuiVBox.dll) WinVerifyTrust
b5c.1408: supR3HardenedWinVerifyCacheProcessImportTodos: Processing 'qt6corevbox.dll'...
b5c.1408: supR3HardenedWinVerifyCacheProcessImportTodos: 'qt6corevbox.dll' -> '\Device\HarddiskVolume1\Program Files\Oracle\VirtualBox\qt6corevbox.dll' [rcNtRedir=0xc0150008]
b5c.1408: supR3HardenedScreenImage/Imports: cache hit (VINF_SUCCESS) on \Device\HarddiskVolume1\Program Files\Oracle\VirtualBox\Qt6CoreVBox.dll [redoing WinVerifyTrust]
b5c.1408: supR3HardenedWinVerifyCacheProcessImportTodos: Processing 'vcruntime140_1.dll'...
b5c.1408: supR3HardenedWinVerifyCacheProcessImportTodos: 'vcruntime140_1.dll' -> '\Device\HarddiskVolume1\Windows\System32\vcruntime140_1.dll' [rcNtRedir=0xc0150008]
b5c.1408: supR3HardenedScreenImage/Imports: cache hit (VINF_SUCCESS) on \Device\HarddiskVolume1\Windows\System32\vcruntime140_1.dll
b5c.1408: supR3HardenedWinVerifyCacheProcessImportTodos: Processing 'vcruntime140.dll'...
b5c.1408: supR3HardenedWinVerifyCacheProcessImportTodos: 'vcruntime140.dll' -> '\Device\HarddiskVolume1\Windows\System32\vcruntime140.dll' [rcNtRedir=0xc0150008]
b5c.1408: supR3HardenedWinVerifyCacheProcessImportTodos: Processing 'msvcp140_2.dll'...
b5c.1408: supR3HardenedWinVerifyCacheProcessImportTodos: 'msvcp140_2.dll' -> '\Device\HarddiskVolume1\Windows\System32\msvcp140_2.dll' [rcNtRedir=0xc0150008]
b5c.1408: supR3HardenedScreenImage/Imports: cache hit (VINF_SUCCESS) on \Device\HarddiskVolume1\Windows\System32\msvcp140_2.dll [lacks WinVerifyTrust]
b5c.1408: supR3HardenedWinVerifyCacheProcessImportTodos: Processing 'msvcp140_1.dll'...
b5c.1408: supR3HardenedWinVerifyCacheProcessImportTodos: 'msvcp140_1.dll' -> '\Device\HarddiskVolume1\Windows\System32\msvcp140_1.dll' [rcNtRedir=0xc0150008]
b5c.1408: supR3HardenedScreenImage/Imports: cache hit (VINF_SUCCESS) on \Device\HarddiskVolume1\Windows\System32\msvcp140_1.dll [lacks WinVerifyTrust]
b5c.1408: supR3HardenedWinVerifyCacheProcessImportTodos: Processing 'msvcp140.dll'...
b5c.1408: supR3HardenedWinVerifyCacheProcessImportTodos: 'msvcp140.dll' -> '\Device\HarddiskVolume1\Windows\System32\msvcp140.dll' [rcNtRedir=0xc0150008]
b5c.1408: supR3HardenedWinVerifyCacheProcessImportTodos: Processing 'qt6corevbox.dll'...
b5c.1408: supR3HardenedWinVerifyCacheProcessImportTodos: 'qt6corevbox.dll' -> '\Device\HarddiskVolume1\Program Files\Oracle\VirtualBox\qt6corevbox.dll' [rcNtRedir=0xc0150008]
b5c.1408: supR3HardenedScreenImage/Imports: cache hit (VINF_SUCCESS) on \Device\HarddiskVolume1\Program Files\Oracle\VirtualBox\Qt6CoreVBox.dll [lacks WinVerifyTrust]
b5c.1408: supR3HardenedWinVerifyCacheProcessImportTodos: Processing 'dwrite.dll'...
b5c.1408: supR3HardenedWinVerifyCacheProcessImportTodos: 'dwrite.dll' -> '\Device\HarddiskVolume1\Windows\System32\dwrite.dll' [rcNtRedir=0xc0150008]
b5c.1408: supR3HardenedScreenImage/Imports: cache hit (22900) on \Device\HarddiskVolume1\Windows\System32\DWrite.dll [lacks WinVerifyTrust]
b5c.1408: supR3HardenedWinVerifyCacheProcessImportTodos: Processing 'uxtheme.dll'...
b5c.1408: supR3HardenedWinVerifyCacheProcessImportTodos: 'uxtheme.dll' -> '\Device\HarddiskVolume1\Windows\System32\uxtheme.dll' [rcNtRedir=0xc0150008]
b5c.1408: supR3HardenedScreenImage/Imports: cache hit (22900) on \Device\HarddiskVolume1\Windows\System32\uxtheme.dll [lacks WinVerifyTrust]
b5c.1408: supR3HardenedWinVerifyCacheProcessImportTodos: Processing 'user32.dll'...
b5c.1408: supR3HardenedWinVerifyCacheProcessImportTodos: 'user32.dll' -> '\Device\HarddiskVolume1\Windows\System32\user32.dll' [rcNtRedir=0xc0150008]
b5c.1408: supR3HardenedScreenImage/Imports: cache hit (VINF_SUCCESS) on \Device\HarddiskVolume1\Windows\System32\user32.dll [lacks WinVerifyTrust]
b5c.1408: supR3HardenedWinVerifyCacheProcessImportTodos: Processing 'shell32.dll'...
b5c.1408: supR3HardenedWinVerifyCacheProcessImportTodos: 'shell32.dll' -> '\Device\HarddiskVolume1\Windows\System32\shell32.dll' [rcNtRedir=0xc0150008]
b5c.1408: supR3HardenedScreenImage/Imports: cache hit (VINF_SUCCESS) on \Device\HarddiskVolume1\Windows\System32\shell32.dll [lacks WinVerifyTrust]
b5c.1408: supR3HardenedWinVerifyCacheProcessImportTodos: Processing 'ole32.dll'...
b5c.1408: supR3HardenedWinVerifyCacheProcessImportTodos: 'ole32.dll' -> '\Device\HarddiskVolume1\Windows\System32\ole32.dll' [rcNtRedir=0xc0150008]
b5c.1408: supR3HardenedScreenImage/Imports: cache hit (VINF_SUCCESS) on \Device\HarddiskVolume1\Windows\System32\ole32.dll
b5c.1408: supR3HardenedWinVerifyCacheProcessImportTodos: Processing 'gdi32.dll'...
b5c.1408: supR3HardenedWinVerifyCacheProcessImportTodos: 'gdi32.dll' -> '\Device\HarddiskVolume1\Windows\System32\gdi32.dll' [rcNtRedir=0xc0150008]
b5c.1408: supR3HardenedScreenImage/Imports: cache hit (VINF_SUCCESS) on \Device\HarddiskVolume1\Windows\System32\gdi32.dll [lacks WinVerifyTrust]
b5c.1408: supR3HardenedWinVerifyCacheProcessImportTodos: Processing 'd3d12.dll'...
b5c.1408: supR3HardenedWinVerifyCacheProcessImportTodos: 'd3d12.dll' -> '\Device\HarddiskVolume1\Windows\System32\d3d12.dll' [rcNtRedir=0xc0150008]
b5c.1408: supR3HardenedScreenImage/Imports: cache hit (VINF_SUCCESS) on \Device\HarddiskVolume1\Windows\System32\D3D12.dll [lacks WinVerifyTrust]
b5c.1408: supR3HardenedWinVerifyCacheProcessImportTodos: Processing 'dxgi.dll'...
b5c.1408: supR3HardenedWinVerifyCacheProcessImportTodos: 'dxgi.dll' -> '\Device\HarddiskVolume1\Windows\System32\dxgi.dll' [rcNtRedir=0xc0150008]
b5c.1408: supR3HardenedScreenImage/Imports: cache hit (VINF_SUCCESS) on \Device\HarddiskVolume1\Windows\System32\dxgi.dll [lacks WinVerifyTrust]
b5c.1408: supR3HardenedWinVerifyCacheProcessImportTodos: Processing 'd3d11.dll'...
b5c.1408: supR3HardenedWinVerifyCacheProcessImportTodos: 'd3d11.dll' -> '\Device\HarddiskVolume1\Windows\System32\d3d11.dll' [rcNtRedir=0xc0150008]
b5c.1408: supR3HardenedScreenImage/Imports: cache hit (VINF_SUCCESS) on \Device\HarddiskVolume1\Windows\System32\d3d11.dll [lacks WinVerifyTrust]
b5c.1408: supR3HardenedMonitor_LdrLoadDll: returns rcNt=0x0 hMod=00007ffb3eb20000 'C:\Windows\system32\rsaenh.dll'
b5c.1408: supR3HardenedMonitor_LdrLoadDll: returns rcNt=0x0 hMod=00007ffb40320000 'C:\Windows\System32\crypt32.dll'
b5c.1408: supR3HardenedScreenImage/Imports: 0 (was 0) fWinVerifyTrust=1 for '\Device\HarddiskVolume1\Program Files\Oracle\VirtualBox\Qt6CoreVBox.dll'
b5c.1408: supR3HardenedWinVerifyCacheProcessImportTodos: Processing 'uicommon.dll'...
b5c.1408: supR3HardenedWinVerifyCacheProcessImportTodos: 'uicommon.dll' -> '\Device\HarddiskVolume1\Program Files\Oracle\VirtualBox\uicommon.dll' [rcNtRedir=0xc0150008]
b5c.1408: supR3HardenedMonitor_LdrLoadDll: returns rcNt=0x0 hMod=00007ffb3eb20000 'C:\Windows\system32\rsaenh.dll'
b5c.1408: supR3HardenedMonitor_LdrLoadDll: returns rcNt=0x0 hMod=00007ffb40320000 'C:\Windows\System32\crypt32.dll'
b5c.1408: supR3HardenedWinVerifyCacheScheduleImports: Import todo: #0 'qt6corevbox.dll'.
b5c.1408: supR3HardenedWinVerifyCacheScheduleImports: Import todo: #1 'qt6guivbox.dll'.
b5c.1408: supR3HardenedWinVerifyCacheScheduleImports: Import todo: #2 'qt6widgetsvbox.dll'.
b5c.1408: supR3HardenedWinVerifyCacheScheduleImports: Import todo: #3 'qt6helpvbox.dll'.
b5c.1408: supR3HardenedWinVerifyCacheScheduleImports: Import todo: #4 'qt6statemachinevbox.dll'.
b5c.1408: supR3HardenedWinVerifyCacheScheduleImports: Import todo: #11 'user32.dll'.
b5c.1408: supR3HardenedWinVerifyCacheScheduleImports: Import todo: #12 'ole32.dll'.
b5c.1408: supR3HardenedWinVerifyCacheScheduleImports: Import todo: #13 'oleaut32.dll'.
b5c.1408: supR3HardenedWinVerifyCacheScheduleImports: Import todo: #14 'vboxrt.dll'.
b5c.1408: supR3HardenedWinVerifyCacheScheduleImports: Import todo: #15 'vcruntime140.dll'.
b5c.1408: supR3HardenedWinVerifyCacheScheduleImports: Import todo: #16 'vcruntime140_1.dll'.
b5c.1408: supR3HardenedWinVerifyCacheScheduleImports: Import todo: #17 'msvcp140.dll'.
b5c.1408: supR3HardenedWinVerifyCacheScheduleImports: Import todo: #18 'advapi32.dll'.
b5c.1408: supR3HardenedWinVerifyCacheScheduleImports: Import todo: #19 'rpcrt4.dll'.
b5c.1408: supHardenedWinVerifyImageByHandle: -> 0 (\Device\HarddiskVolume1\Program Files\Oracle\VirtualBox\UICommon.dll) WinVerifyTrust
b5c.1408: supR3HardenedWinVerifyCacheInsert: \Device\HarddiskVolume1\Program Files\Oracle\VirtualBox\UICommon.dll
b5c.1408: supR3HardenedWinVerifyCacheProcessImportTodos: Processing 'rpcrt4.dll'...
b5c.1408: supR3HardenedWinVerifyCacheProcessImportTodos: 'rpcrt4.dll' -> '\Device\HarddiskVolume1\Windows\System32\rpcrt4.dll' [rcNtRedir=0xc0150008]
b5c.1408: supR3HardenedWinVerifyCacheProcessImportTodos: Processing 'advapi32.dll'...
b5c.1408: supR3HardenedWinVerifyCacheProcessImportTodos: 'advapi32.dll' -> '\Device\HarddiskVolume1\Windows\System32\advapi32.dll' [rcNtRedir=0xc0150008]
b5c.1408: supR3HardenedScreenImage/Imports: cache hit (VINF_SUCCESS) on \Device\HarddiskVolume1\Windows\System32\advapi32.dll
b5c.1408: supR3HardenedWinVerifyCacheProcessImportTodos: Processing 'msvcp140.dll'...
b5c.1408: supR3HardenedWinVerifyCacheProcessImportTodos: 'msvcp140.dll' -> '\Device\HarddiskVolume1\Windows\System32\msvcp140.dll' [rcNtRedir=0xc0150008]
b5c.1408: supR3HardenedWinVerifyCacheProcessImportTodos: Processing 'vcruntime140_1.dll'...
b5c.1408: supR3HardenedWinVerifyCacheProcessImportTodos: 'vcruntime140_1.dll' -> '\Device\HarddiskVolume1\Windows\System32\vcruntime140_1.dll' [rcNtRedir=0xc0150008]
b5c.1408: supR3HardenedWinVerifyCacheProcessImportTodos: Processing 'vcruntime140.dll'...
b5c.1408: supR3HardenedWinVerifyCacheProcessImportTodos: 'vcruntime140.dll' -> '\Device\HarddiskVolume1\Windows\System32\vcruntime140.dll' [rcNtRedir=0xc0150008]
b5c.1408: supR3HardenedWinVerifyCacheProcessImportTodos: Processing 'vboxrt.dll'...
b5c.1408: supR3HardenedWinVerifyCacheProcessImportTodos: 'vboxrt.dll' -> '\Device\HarddiskVolume1\Program Files\Oracle\VirtualBox\vboxrt.dll' [rcNtRedir=0xc0150008]
b5c.1408: supR3HardenedWinVerifyCacheProcessImportTodos: Processing 'oleaut32.dll'...
b5c.1408: supR3HardenedWinVerifyCacheProcessImportTodos: 'oleaut32.dll' -> '\Device\HarddiskVolume1\Windows\System32\oleaut32.dll' [rcNtRedir=0xc0150008]
b5c.1408: supR3HardenedScreenImage/Imports: cache hit (VINF_SUCCESS) on \Device\HarddiskVolume1\Windows\System32\oleaut32.dll
b5c.1408: supR3HardenedWinVerifyCacheProcessImportTodos: Processing 'ole32.dll'...
b5c.1408: supR3HardenedWinVerifyCacheProcessImportTodos: 'ole32.dll' -> '\Device\HarddiskVolume1\Windows\System32\ole32.dll' [rcNtRedir=0xc0150008]
b5c.1408: supR3HardenedScreenImage/Imports: cache hit (VINF_SUCCESS) on \Device\HarddiskVolume1\Windows\System32\ole32.dll
b5c.1408: supR3HardenedWinVerifyCacheProcessImportTodos: Processing 'user32.dll'...
b5c.1408: supR3HardenedWinVerifyCacheProcessImportTodos: 'user32.dll' -> '\Device\HarddiskVolume1\Windows\System32\user32.dll' [rcNtRedir=0xc0150008]
b5c.1408: supR3HardenedScreenImage/Imports: cache hit (VINF_SUCCESS) on \Device\HarddiskVolume1\Windows\System32\user32.dll [redoing WinVerifyTrust]
b5c.1408: supR3HardenedMonitor_LdrLoadDll: returns rcNt=0x0 hMod=00007ffb3eb20000 'C:\Windows\system32\rsaenh.dll'
b5c.1408: supR3HardenedMonitor_LdrLoadDll: returns rcNt=0x0 hMod=00007ffb40320000 'C:\Windows\System32\crypt32.dll'
b5c.1408: supR3HardenedScreenImage/Imports: 0 (was 0) fWinVerifyTrust=1 for '\Device\HarddiskVolume1\Windows\System32\user32.dll'
b5c.1408: supR3HardenedWinVerifyCacheProcessImportTodos: Processing 'qt6statemachinevbox.dll'...
b5c.1408: supR3HardenedWinVerifyCacheProcessImportTodos: 'qt6statemachinevbox.dll' -> '\Device\HarddiskVolume1\Program Files\Oracle\VirtualBox\qt6statemachinevbox.dll' [rcNtRedir=0xc0150008]
b5c.1408: supR3HardenedMonitor_LdrLoadDll: returns rcNt=0x0 hMod=00007ffb3eb20000 'C:\Windows\system32\rsaenh.dll'
b5c.1408: supR3HardenedMonitor_LdrLoadDll: returns rcNt=0x0 hMod=00007ffb40320000 'C:\Windows\System32\crypt32.dll'
b5c.1408: supR3HardenedWinVerifyCacheScheduleImports: Import todo: #0 'qt6guivbox.dll'.
b5c.1408: supR3HardenedWinVerifyCacheScheduleImports: Import todo: #1 'qt6corevbox.dll'.
b5c.1408: supR3HardenedWinVerifyCacheScheduleImports: Import todo: #2 'vcruntime140.dll'.
b5c.1408: supHardenedWinVerifyImageByHandle: -> 0 (\Device\HarddiskVolume1\Program Files\Oracle\VirtualBox\Qt6StateMachineVBox.dll) WinVerifyTrust
b5c.1408: supR3HardenedWinVerifyCacheInsert: \Device\HarddiskVolume1\Program Files\Oracle\VirtualBox\Qt6StateMachineVBox.dll
b5c.1408: supR3HardenedWinVerifyCacheProcessImportTodos: Processing 'qt6helpvbox.dll'...
b5c.1408: supR3HardenedWinVerifyCacheProcessImportTodos: 'qt6helpvbox.dll' -> '\Device\HarddiskVolume1\Program Files\Oracle\VirtualBox\qt6helpvbox.dll' [rcNtRedir=0xc0150008]
b5c.1408: supR3HardenedWinVerifyCacheProcessImportTodos: Processing 'vcruntime140.dll'...
b5c.1408: supR3HardenedWinVerifyCacheProcessImportTodos: 'vcruntime140.dll' -> '\Device\HarddiskVolume1\Windows\System32\vcruntime140.dll' [rcNtRedir=0xc0150008]
b5c.1408: supR3HardenedWinVerifyCacheProcessImportTodos: Processing 'qt6corevbox.dll'...
b5c.1408: supR3HardenedWinVerifyCacheProcessImportTodos: 'qt6corevbox.dll' -> '\Device\HarddiskVolume1\Program Files\Oracle\VirtualBox\qt6corevbox.dll' [rcNtRedir=0xc0150008]
b5c.1408: supR3HardenedScreenImage/Imports: cache hit (VINF_SUCCESS) on \Device\HarddiskVolume1\Program Files\Oracle\VirtualBox\Qt6CoreVBox.dll
b5c.1408: supR3HardenedWinVerifyCacheProcessImportTodos: Processing 'qt6guivbox.dll'...
b5c.1408: supR3HardenedWinVerifyCacheProcessImportTodos: 'qt6guivbox.dll' -> '\Device\HarddiskVolume1\Program Files\Oracle\VirtualBox\qt6guivbox.dll' [rcNtRedir=0xc0150008]
b5c.1408: supR3HardenedScreenImage/Imports: cache hit (VINF_SUCCESS) on \Device\HarddiskVolume1\Program Files\Oracle\VirtualBox\Qt6GuiVBox.dll [lacks WinVerifyTrust]
b5c.1408: supR3HardenedMonitor_LdrLoadDll: returns rcNt=0x0 hMod=00007ffb3eb20000 'C:\Windows\system32\rsaenh.dll'
b5c.1408: supR3HardenedMonitor_LdrLoadDll: returns rcNt=0x0 hMod=00007ffb40320000 'C:\Windows\System32\crypt32.dll'
b5c.1408: supR3HardenedWinVerifyCacheScheduleImports: Import todo: #0 'qt6sqlvbox.dll'.
b5c.1408: supR3HardenedWinVerifyCacheScheduleImports: Import todo: #1 'qt6widgetsvbox.dll'.
b5c.1408: supR3HardenedWinVerifyCacheScheduleImports: Import todo: #2 'qt6guivbox.dll'.
b5c.1408: supR3HardenedWinVerifyCacheScheduleImports: Import todo: #3 'qt6corevbox.dll'.
b5c.1408: supR3HardenedWinVerifyCacheScheduleImports: Import todo: #4 'msvcp140.dll'.
b5c.1408: supR3HardenedWinVerifyCacheScheduleImports: Import todo: #5 'vcruntime140.dll'.
b5c.1408: supR3HardenedWinVerifyCacheScheduleImports: Import todo: #6 'vcruntime140_1.dll'.
b5c.1408: supHardenedWinVerifyImageByHandle: -> 0 (\Device\HarddiskVolume1\Program Files\Oracle\VirtualBox\Qt6HelpVBox.dll) WinVerifyTrust
b5c.1408: supR3HardenedWinVerifyCacheInsert: \Device\HarddiskVolume1\Program Files\Oracle\VirtualBox\Qt6HelpVBox.dll
b5c.1408: supR3HardenedWinVerifyCacheProcessImportTodos: Processing 'qt6widgetsvbox.dll'...
b5c.1408: supR3HardenedWinVerifyCacheProcessImportTodos: 'qt6widgetsvbox.dll' -> '\Device\HarddiskVolume1\Program Files\Oracle\VirtualBox\qt6widgetsvbox.dll' [rcNtRedir=0xc0150008]
b5c.1408: supR3HardenedScreenImage/Imports: cache hit (VINF_SUCCESS) on \Device\HarddiskVolume1\Program Files\Oracle\VirtualBox\Qt6WidgetsVBox.dll
b5c.1408: supR3HardenedWinVerifyCacheProcessImportTodos: Processing 'qt6guivbox.dll'...
b5c.1408: supR3HardenedWinVerifyCacheProcessImportTodos: 'qt6guivbox.dll' -> '\Device\HarddiskVolume1\Program Files\Oracle\VirtualBox\qt6guivbox.dll' [rcNtRedir=0xc0150008]
b5c.1408: supR3HardenedScreenImage/Imports: cache hit (VINF_SUCCESS) on \Device\HarddiskVolume1\Program Files\Oracle\VirtualBox\Qt6GuiVBox.dll [redoing WinVerifyTrust]
b5c.1408: supR3HardenedWinVerifyCacheProcessImportTodos: Processing 'vcruntime140_1.dll'...
b5c.1408: supR3HardenedWinVerifyCacheProcessImportTodos: 'vcruntime140_1.dll' -> '\Device\HarddiskVolume1\Windows\System32\vcruntime140_1.dll' [rcNtRedir=0xc0150008]
b5c.1408: supR3HardenedWinVerifyCacheProcessImportTodos: Processing 'vcruntime140.dll'...
b5c.1408: supR3HardenedWinVerifyCacheProcessImportTodos: 'vcruntime140.dll' -> '\Device\HarddiskVolume1\Windows\System32\vcruntime140.dll' [rcNtRedir=0xc0150008]
b5c.1408: supR3HardenedWinVerifyCacheProcessImportTodos: Processing 'msvcp140.dll'...
b5c.1408: supR3HardenedWinVerifyCacheProcessImportTodos: 'msvcp140.dll' -> '\Device\HarddiskVolume1\Windows\System32\msvcp140.dll' [rcNtRedir=0xc0150008]
b5c.1408: supR3HardenedWinVerifyCacheProcessImportTodos: Processing 'qt6corevbox.dll'...
b5c.1408: supR3HardenedWinVerifyCacheProcessImportTodos: 'qt6corevbox.dll' -> '\Device\HarddiskVolume1\Program Files\Oracle\VirtualBox\qt6corevbox.dll' [rcNtRedir=0xc0150008]
b5c.1408: supR3HardenedScreenImage/Imports: cache hit (VINF_SUCCESS) on \Device\HarddiskVolume1\Program Files\Oracle\VirtualBox\Qt6CoreVBox.dll
b5c.1408: supR3HardenedWinVerifyCacheProcessImportTodos: Processing 'qt6guivbox.dll'...
b5c.1408: supR3HardenedWinVerifyCacheProcessImportTodos: 'qt6guivbox.dll' -> '\Device\HarddiskVolume1\Program Files\Oracle\VirtualBox\qt6guivbox.dll' [rcNtRedir=0xc0150008]
b5c.1408: supR3HardenedScreenImage/Imports: cache hit (VINF_SUCCESS) on \Device\HarddiskVolume1\Program Files\Oracle\VirtualBox\Qt6GuiVBox.dll [lacks WinVerifyTrust]
b5c.1408: supR3HardenedWinVerifyCacheProcessImportTodos: Processing 'qt6widgetsvbox.dll'...
b5c.1408: supR3HardenedWinVerifyCacheProcessImportTodos: 'qt6widgetsvbox.dll' -> '\Device\HarddiskVolume1\Program Files\Oracle\VirtualBox\qt6widgetsvbox.dll' [rcNtRedir=0xc0150008]
b5c.1408: supR3HardenedScreenImage/Imports: cache hit (VINF_SUCCESS) on \Device\HarddiskVolume1\Program Files\Oracle\VirtualBox\Qt6WidgetsVBox.dll
b5c.1408: supR3HardenedWinVerifyCacheProcessImportTodos: Processing 'qt6sqlvbox.dll'...
b5c.1408: supR3HardenedWinVerifyCacheProcessImportTodos: 'qt6sqlvbox.dll' -> '\Device\HarddiskVolume1\Program Files\Oracle\VirtualBox\qt6sqlvbox.dll' [rcNtRedir=0xc0150008]
b5c.1408: Detected WinVerifyTrust recursion: rc=VINF_SUCCESS '\Device\HarddiskVolume1\Program Files\Oracle\VirtualBox\Qt6SqlVBox.dll'.
b5c.1408: supR3HardenedWinVerifyCacheScheduleImports: Import todo: #0 'qt6corevbox.dll'.
b5c.1408: supR3HardenedWinVerifyCacheScheduleImports: Import todo: #1 'msvcp140.dll'.
b5c.1408: supR3HardenedWinVerifyCacheScheduleImports: Import todo: #2 'vcruntime140.dll'.
b5c.1408: supR3HardenedWinVerifyCacheScheduleImports: Import todo: #3 'vcruntime140_1.dll'.
b5c.1408: supHardenedWinVerifyImageByHandle: -> 0 (\Device\HarddiskVolume1\Program Files\Oracle\VirtualBox\Qt6SqlVBox.dll)
b5c.1408: supR3HardenedWinVerifyCacheInsert: \Device\HarddiskVolume1\Program Files\Oracle\VirtualBox\Qt6SqlVBox.dll
b5c.1408: supR3HardenedWinVerifyCacheProcessImportTodos: Processing 'vcruntime140_1.dll'...
b5c.1408: supR3HardenedWinVerifyCacheProcessImportTodos: 'vcruntime140_1.dll' -> '\Device\HarddiskVolume1\Windows\System32\vcruntime140_1.dll' [rcNtRedir=0xc0150008]
b5c.1408: supR3HardenedWinVerifyCacheProcessImportTodos: Processing 'vcruntime140.dll'...
b5c.1408: supR3HardenedWinVerifyCacheProcessImportTodos: 'vcruntime140.dll' -> '\Device\HarddiskVolume1\Windows\System32\vcruntime140.dll' [rcNtRedir=0xc0150008]
b5c.1408: supR3HardenedScreenImage/Imports: cache hit (VINF_SUCCESS) on \Device\HarddiskVolume1\Windows\System32\vcruntime140.dll
b5c.1408: supR3HardenedWinVerifyCacheProcessImportTodos: Processing 'msvcp140.dll'...
b5c.1408: supR3HardenedWinVerifyCacheProcessImportTodos: 'msvcp140.dll' -> '\Device\HarddiskVolume1\Windows\System32\msvcp140.dll' [rcNtRedir=0xc0150008]
b5c.1408: supR3HardenedWinVerifyCacheProcessImportTodos: Processing 'qt6corevbox.dll'...
b5c.1408: supR3HardenedWinVerifyCacheProcessImportTodos: 'qt6corevbox.dll' -> '\Device\HarddiskVolume1\Program Files\Oracle\VirtualBox\qt6corevbox.dll' [rcNtRedir=0xc0150008]
b5c.1408: supR3HardenedScreenImage/Imports: cache hit (VINF_SUCCESS) on \Device\HarddiskVolume1\Program Files\Oracle\VirtualBox\Qt6CoreVBox.dll
b5c.1408: supR3HardenedMonitor_LdrLoadDll: returns rcNt=0x0 hMod=00007ffb3eb20000 'C:\Windows\system32\rsaenh.dll'
b5c.1408: supR3HardenedMonitor_LdrLoadDll: returns rcNt=0x0 hMod=00007ffb40320000 'C:\Windows\System32\crypt32.dll'
b5c.1408: supR3HardenedScreenImage/Imports: 0 (was 0) fWinVerifyTrust=1 for '\Device\HarddiskVolume1\Program Files\Oracle\VirtualBox\Qt6GuiVBox.dll'
b5c.1408: supR3HardenedWinVerifyCacheProcessImportTodos: Processing 'qt6corevbox.dll'...
b5c.1408: supR3HardenedWinVerifyCacheProcessImportTodos: 'qt6corevbox.dll' -> '\Device\HarddiskVolume1\Program Files\Oracle\VirtualBox\qt6corevbox.dll' [rcNtRedir=0xc0150008]
b5c.1408: supR3HardenedScreenImage/Imports: cache hit (VINF_SUCCESS) on \Device\HarddiskVolume1\Program Files\Oracle\VirtualBox\Qt6CoreVBox.dll
b5c.1408: supR3HardenedMonitor_LdrLoadDll: pName=C:\Program Files\Oracle\VirtualBox\VirtualBoxVM.dll (rcNtResolve=0xc0150008) *pfFlags=0x0 pwszSearchPath=0000000000000a01:<flags> [calling]
b5c.1408: supR3HardenedScreenImage/NtCreateSection: cache hit (VINF_SUCCESS) on \Device\HarddiskVolume1\Program Files\Oracle\VirtualBox\VirtualBoxVM.dll
b5c.1408: supR3HardenedScreenImage/NtCreateSection: cache hit (VINF_SUCCESS) on \Device\HarddiskVolume1\Program Files\Oracle\VirtualBox\UICommon.dll
b5c.1408: supR3HardenedScreenImage/NtCreateSection: cache hit (VINF_SUCCESS) on \Device\HarddiskVolume1\Program Files\Oracle\VirtualBox\Qt6CoreVBox.dll
b5c.1408: supR3HardenedScreenImage/NtCreateSection: cache hit (VINF_SUCCESS) on \Device\HarddiskVolume1\Program Files\Oracle\VirtualBox\Qt6GuiVBox.dll
b5c.1408: supR3HardenedScreenImage/NtCreateSection: cache hit (VINF_SUCCESS) on \Device\HarddiskVolume1\Program Files\Oracle\VirtualBox\Qt6WidgetsVBox.dll
b5c.1408: supR3HardenedScreenImage/NtCreateSection: cache hit (VINF_SUCCESS) on \Device\HarddiskVolume1\Windows\System32\winmm.dll
b5c.1408: supR3HardenedScreenImage/NtCreateSection: cache hit (VINF_SUCCESS) on \Device\HarddiskVolume1\Program Files\Oracle\VirtualBox\Qt6HelpVBox.dll
b5c.1408: supR3HardenedScreenImage/NtCreateSection: cache hit (VINF_SUCCESS) on \Device\HarddiskVolume1\Program Files\Oracle\VirtualBox\Qt6StateMachineVBox.dll
b5c.1408: supR3HardenedScreenImage/NtCreateSection: cache hit (VINF_SUCCESS) on \Device\HarddiskVolume1\Windows\System32\mpr.dll [avoiding WinVerifyTrust]
b5c.1408: supR3HardenedScreenImage/NtCreateSection: cache hit (VINF_SUCCESS) on \Device\HarddiskVolume1\Windows\System32\userenv.dll [avoiding WinVerifyTrust]
b5c.1408: supR3HardenedScreenImage/NtCreateSection: cache hit (22900) on \Device\HarddiskVolume1\Windows\System32\authz.dll [avoiding WinVerifyTrust]
b5c.1408: supR3HardenedScreenImage/NtCreateSection: cache hit (VINF_SUCCESS) on \Device\HarddiskVolume1\Windows\System32\netapi32.dll [avoiding WinVerifyTrust]
b5c.1408: supR3HardenedScreenImage/NtCreateSection: cache hit (VINF_SUCCESS) on \Device\HarddiskVolume1\Windows\System32\version.dll [avoiding WinVerifyTrust]
b5c.1408: supR3HardenedScreenImage/NtCreateSection: cache hit (VINF_SUCCESS) on \Device\HarddiskVolume1\Windows\System32\msvcp140_1.dll [avoiding WinVerifyTrust]
b5c.1408: supR3HardenedScreenImage/NtCreateSection: cache hit (VINF_SUCCESS) on \Device\HarddiskVolume1\Windows\System32\d3d11.dll [avoiding WinVerifyTrust]
b5c.1408: supR3HardenedScreenImage/NtCreateSection: cache hit (VINF_SUCCESS) on \Device\HarddiskVolume1\Windows\System32\dxgi.dll [avoiding WinVerifyTrust]
b5c.1408: supR3HardenedScreenImage/NtCreateSection: cache hit (VINF_SUCCESS) on \Device\HarddiskVolume1\Windows\System32\D3D12.dll [avoiding WinVerifyTrust]
b5c.1408: supR3HardenedScreenImage/NtCreateSection: cache hit (22900) on \Device\HarddiskVolume1\Windows\System32\uxtheme.dll [avoiding WinVerifyTrust]
b5c.1408: supR3HardenedScreenImage/NtCreateSection: cache hit (22900) on \Device\HarddiskVolume1\Windows\System32\DWrite.dll [avoiding WinVerifyTrust]
b5c.1408: supR3HardenedScreenImage/NtCreateSection: cache hit (VINF_SUCCESS) on \Device\HarddiskVolume1\Windows\System32\msvcp140_2.dll [avoiding WinVerifyTrust]
b5c.1408: supR3HardenedScreenImage/NtCreateSection: cache hit (VINF_SUCCESS) on \Device\HarddiskVolume1\Windows\System32\dwmapi.dll [avoiding WinVerifyTrust]
b5c.1408: supR3HardenedScreenImage/NtCreateSection: cache hit (VINF_SUCCESS) on \Device\HarddiskVolume1\Program Files\Oracle\VirtualBox\Qt6SqlVBox.dll [avoiding WinVerifyTrust]
b5c.1408: supR3HardenedWinVerifyCacheScheduleImports: Import todo: #3 'rpcrt4.dll'.
b5c.1408: supHardenedWinVerifyImageByHandle: -> 0 (\Device\HarddiskVolume1\Windows\System32\srvcli.dll)
b5c.1408: supR3HardenedWinVerifyCacheInsert: \Device\HarddiskVolume1\Windows\System32\srvcli.dll
b5c.1408: supHardenedWinVerifyImageByHandle: -> 0 (\Device\HarddiskVolume1\Windows\System32\netutils.dll)
b5c.1408: supR3HardenedWinVerifyCacheInsert: \Device\HarddiskVolume1\Windows\System32\netutils.dll
b5c.1408: supR3HardenedDllNotificationCallback: load   00007ffb39950000 LB 0x0001d000 C:\Windows\SYSTEM32\MPR.dll [fFlags=0x0]
b5c.1408: supR3HardenedScreenImage/LdrLoadDll: cache hit (VINF_SUCCESS) on \Device\HarddiskVolume1\Windows\System32\mpr.dll [avoiding WinVerifyTrust]
b5c.1408: supR3HardenedDllNotificationCallback: load   00007ffb3fa10000 LB 0x0002e000 C:\Windows\SYSTEM32\USERENV.dll [fFlags=0x0]
b5c.1408: supR3HardenedScreenImage/LdrLoadDll: cache hit (VINF_SUCCESS) on \Device\HarddiskVolume1\Windows\System32\userenv.dll [avoiding WinVerifyTrust]
b5c.1408: supR3HardenedDllNotificationCallback: load   00007ffb3e840000 LB 0x0004f000 C:\Windows\SYSTEM32\AUTHZ.dll [fFlags=0x0]
b5c.1408: supR3HardenedScreenImage/LdrLoadDll: cache hit (22900) on \Device\HarddiskVolume1\Windows\System32\authz.dll [avoiding WinVerifyTrust]
b5c.1408: supR3HardenedDllNotificationCallback: load   00007ffb29090000 LB 0x00019000 C:\Windows\SYSTEM32\NETAPI32.dll [fFlags=0x0]
b5c.1408: supR3HardenedScreenImage/LdrLoadDll: cache hit (VINF_SUCCESS) on \Device\HarddiskVolume1\Windows\System32\netapi32.dll [avoiding WinVerifyTrust]
b5c.1408: supR3HardenedDllNotificationCallback: load   00007ffb41350000 LB 0x00354000 C:\Windows\System32\combase.dll [fFlags=0x0]
b5c.1408: supR3HardenedScreenImage/LdrLoadDll: cache hit (VINF_SUCCESS) on \Device\HarddiskVolume1\Windows\System32\combase.dll [avoiding WinVerifyTrust]
b5c.1408: supR3HardenedDllNotificationCallback: load   00007ffb40480000 LB 0x00022000 C:\Windows\System32\win32u.dll [fFlags=0x0]
b5c.1408: supR3HardenedScreenImage/LdrLoadDll: cache hit (VINF_SUCCESS) on \Device\HarddiskVolume1\Windows\System32\win32u.dll [avoiding WinVerifyTrust]
b5c.1408: supR3HardenedDllNotificationCallback: load   00007ffb3fe80000 LB 0x0009d000 C:\Windows\System32\msvcp_win.dll [fFlags=0x0]
b5c.1408: supR3HardenedScreenImage/LdrLoadDll: cache hit (VINF_SUCCESS) on \Device\HarddiskVolume1\Windows\System32\msvcp_win.dll [avoiding WinVerifyTrust]
b5c.1408: supR3HardenedDllNotificationCallback: load   00007ffb417e0000 LB 0x001a1000 C:\Windows\System32\USER32.dll [fFlags=0x0]
b5c.1408: supR3HardenedDllNotificationCallback: load   00007ffb3fcb0000 LB 0x00119000 C:\Windows\System32\gdi32full.dll [fFlags=0x0]
b5c.1408: supR3HardenedWinVerifyCacheScheduleImports: Import todo: #0 'msvcp_win.dll'.
b5c.1408: supR3HardenedWinVerifyCacheScheduleImports: Import todo: #39 'gdi32.dll'.
b5c.1408: supR3HardenedWinVerifyCacheScheduleImports: Import todo: #42 'user32.dll'.
b5c.1408: supR3HardenedWinVerifyCacheScheduleImports: Import todo: #43 'win32u.dll'.
b5c.1408: supHardenedWinVerifyImageByHandle: -> 0 (\Device\HarddiskVolume1\Windows\System32\gdi32full.dll)
b5c.1408: supR3HardenedWinVerifyCacheInsert: \Device\HarddiskVolume1\Windows\System32\gdi32full.dll
b5c.1408: supR3HardenedDllNotificationCallback: load   00007ffb40fd0000 LB 0x0002b000 C:\Windows\System32\GDI32.dll [fFlags=0x0]
b5c.1408: supR3HardenedScreenImage/LdrLoadDll: cache hit (VINF_SUCCESS) on \Device\HarddiskVolume1\Windows\System32\gdi32.dll [avoiding WinVerifyTrust]
b5c.1408: supR3HardenedDllNotificationCallback: load   00007ffb416b0000 LB 0x0012b000 C:\Windows\System32\ole32.dll [fFlags=0x0]
b5c.1408: supR3HardenedScreenImage/LdrLoadDll: cache hit (VINF_SUCCESS) on \Device\HarddiskVolume1\Windows\System32\ole32.dll
b5c.1408: supR3HardenedDllNotificationCallback: load   00007ffb41ce0000 LB 0x00770000 C:\Windows\System32\SHELL32.dll [fFlags=0x0]
b5c.1408: supR3HardenedScreenImage/LdrLoadDll: cache hit (VINF_SUCCESS) on \Device\HarddiskVolume1\Windows\System32\shell32.dll [avoiding WinVerifyTrust]
b5c.1408: supR3HardenedDllNotificationCallback: load   00007ffb3a610000 LB 0x0000a000 C:\Windows\SYSTEM32\VERSION.dll [fFlags=0x0]
b5c.1408: supR3HardenedScreenImage/LdrLoadDll: cache hit (VINF_SUCCESS) on \Device\HarddiskVolume1\Windows\System32\version.dll [avoiding WinVerifyTrust]
b5c.1408: supR3HardenedDllNotificationCallback: load   00007ffb2d9d0000 LB 0x00027000 C:\Windows\SYSTEM32\WINMM.dll [fFlags=0x0]
b5c.1408: supR3HardenedScreenImage/LdrLoadDll: cache hit (VINF_SUCCESS) on \Device\HarddiskVolume1\Windows\System32\winmm.dll
b5c.1408: supR3HardenedDllNotificationCallback: load   00007ffb0d600000 LB 0x00009000 C:\Windows\SYSTEM32\MSVCP140_1.dll [fFlags=0x0]
b5c.1408: supR3HardenedScreenImage/LdrLoadDll: cache hit (VINF_SUCCESS) on \Device\HarddiskVolume1\Windows\System32\msvcp140_1.dll [avoiding WinVerifyTrust]
b5c.1408: supR3HardenedDllNotificationCallback: load   00007ffb39910000 LB 0x00028000 C:\Windows\SYSTEM32\SRVCLI.DLL [fFlags=0x0]
b5c.1408: supR3HardenedScreenImage/LdrLoadDll: cache hit (VINF_SUCCESS) on \Device\HarddiskVolume1\Windows\System32\srvcli.dll [avoiding WinVerifyTrust]
b5c.1408: supR3HardenedDllNotificationCallback: load   00007ffb3ef40000 LB 0x0000c000 C:\Windows\SYSTEM32\NETUTILS.DLL [fFlags=0x0]
b5c.1408: supR3HardenedScreenImage/LdrLoadDll: cache hit (VINF_SUCCESS) on \Device\HarddiskVolume1\Windows\System32\netutils.dll [avoiding WinVerifyTrust]
b5c.1408: supR3HardenedDllNotificationCallback: load   00007ffae1b90000 LB 0x005c3000 C:\Program Files\Oracle\VirtualBox\Qt6CoreVBox.dll [fFlags=0x0]
b5c.1408: supR3HardenedDllNotificationCallback: load   00007ffb3e360000 LB 0x000f6000 C:\Windows\SYSTEM32\dxgi.dll [fFlags=0x0]
b5c.1408: supR3HardenedScreenImage/LdrLoadDll: cache hit (VINF_SUCCESS) on \Device\HarddiskVolume1\Windows\System32\dxgi.dll [avoiding WinVerifyTrust]
b5c.1408: supR3HardenedDllNotificationCallback: load   00007ffb3b870000 LB 0x00264000 C:\Windows\SYSTEM32\d3d11.dll [fFlags=0x0]
b5c.1408: supR3HardenedScreenImage/LdrLoadDll: cache hit (VINF_SUCCESS) on \Device\HarddiskVolume1\Windows\System32\d3d11.dll [avoiding WinVerifyTrust]
b5c.1408: supR3HardenedDllNotificationCallback: load   00007ffb292e0000 LB 0x00025000 C:\Windows\SYSTEM32\d3d12.dll [fFlags=0x0]
b5c.1408: supR3HardenedScreenImage/LdrLoadDll: cache hit (VINF_SUCCESS) on \Device\HarddiskVolume1\Windows\System32\D3D12.dll [avoiding WinVerifyTrust]
b5c.1408: supR3HardenedDllNotificationCallback: load   00007ffb3d480000 LB 0x0009e000 C:\Windows\SYSTEM32\UxTheme.dll [fFlags=0x0]
b5c.1408: supR3HardenedScreenImage/LdrLoadDll: cache hit (22900) on \Device\HarddiskVolume1\Windows\System32\uxtheme.dll [avoiding WinVerifyTrust]
b5c.1408: supR3HardenedDllNotificationCallback: load   00007ffb26120000 LB 0x0027f000 C:\Windows\SYSTEM32\DWrite.dll [fFlags=0x0]
b5c.1408: supR3HardenedScreenImage/LdrLoadDll: cache hit (22900) on \Device\HarddiskVolume1\Windows\System32\DWrite.dll [avoiding WinVerifyTrust]
b5c.1408: supR3HardenedDllNotificationCallback: load   00007ffaf4ac0000 LB 0x00043000 C:\Windows\SYSTEM32\MSVCP140_2.dll [fFlags=0x0]
b5c.1408: supR3HardenedScreenImage/LdrLoadDll: cache hit (VINF_SUCCESS) on \Device\HarddiskVolume1\Windows\System32\msvcp140_2.dll [avoiding WinVerifyTrust]
b5c.1408: supR3HardenedDllNotificationCallback: load   00007ffae1300000 LB 0x0088e000 C:\Program Files\Oracle\VirtualBox\Qt6GuiVBox.dll [fFlags=0x0]
b5c.1408: supR3HardenedScreenImage/LdrLoadDll: cache hit (VINF_SUCCESS) on \Device\HarddiskVolume1\Program Files\Oracle\VirtualBox\Qt6GuiVBox.dll
b5c.1408: supR3HardenedDllNotificationCallback: load   00007ffb3d860000 LB 0x0002e000 C:\Windows\SYSTEM32\dwmapi.dll [fFlags=0x0]
b5c.1408: supR3HardenedScreenImage/LdrLoadDll: cache hit (VINF_SUCCESS) on \Device\HarddiskVolume1\Windows\System32\dwmapi.dll [avoiding WinVerifyTrust]
b5c.1408: supR3HardenedDllNotificationCallback: load   00007ffad3100000 LB 0x0062a000 C:\Program Files\Oracle\VirtualBox\Qt6WidgetsVBox.dll [fFlags=0x0]
b5c.1408: supR3HardenedScreenImage/LdrLoadDll: cache hit (VINF_SUCCESS) on \Device\HarddiskVolume1\Program Files\Oracle\VirtualBox\Qt6WidgetsVBox.dll
b5c.1408: supR3HardenedDllNotificationCallback: load   00007ffaf4880000 LB 0x0004d000 C:\Program Files\Oracle\VirtualBox\Qt6SqlVBox.dll [fFlags=0x0]
b5c.1408: supR3HardenedScreenImage/LdrLoadDll: cache hit (VINF_SUCCESS) on \Device\HarddiskVolume1\Program Files\Oracle\VirtualBox\Qt6SqlVBox.dll [avoiding WinVerifyTrust]
b5c.1408: supR3HardenedDllNotificationCallback: load   00007ffaf4cd0000 LB 0x00092000 C:\Program Files\Oracle\VirtualBox\Qt6HelpVBox.dll [fFlags=0x0]
b5c.1408: supR3HardenedScreenImage/LdrLoadDll: cache hit (VINF_SUCCESS) on \Device\HarddiskVolume1\Program Files\Oracle\VirtualBox\Qt6HelpVBox.dll
b5c.1408: supR3HardenedDllNotificationCallback: load   00007ffb0baf0000 LB 0x00055000 C:\Program Files\Oracle\VirtualBox\Qt6StateMachineVBox.dll [fFlags=0x0]
b5c.1408: supR3HardenedScreenImage/LdrLoadDll: cache hit (VINF_SUCCESS) on \Device\HarddiskVolume1\Program Files\Oracle\VirtualBox\Qt6StateMachineVBox.dll
b5c.1408: supR3HardenedDllNotificationCallback: load   00007ffb40520000 LB 0x000cd000 C:\Windows\System32\OLEAUT32.dll [fFlags=0x0]
b5c.1408: supR3HardenedScreenImage/LdrLoadDll: cache hit (VINF_SUCCESS) on \Device\HarddiskVolume1\Windows\System32\oleaut32.dll
b5c.1408: supR3HardenedDllNotificationCallback: load   00007ffad3730000 LB 0x01b74000 C:\Program Files\Oracle\VirtualBox\UICommon.dll [fFlags=0x0]
b5c.1408: supR3HardenedScreenImage/LdrLoadDll: cache hit (VINF_SUCCESS) on \Device\HarddiskVolume1\Program Files\Oracle\VirtualBox\UICommon.dll
b5c.1408: supR3HardenedDllNotificationCallback: load   00007ffaf48d0000 LB 0x00151000 C:\Program Files\Oracle\VirtualBox\VirtualBoxVM.dll [fFlags=0x0]
b5c.1408: supR3HardenedScreenImage/LdrLoadDll: cache hit (VINF_SUCCESS) on \Device\HarddiskVolume1\Program Files\Oracle\VirtualBox\VirtualBoxVM.dll
b5c.1408: Detected loader lock ownership: rc=VINF_SUCCESS '\Device\HarddiskVolume1\Windows\System32\gdi32full.dll'.
b5c.1408: supR3HardenedWinVerifyCacheProcessWvtTodos: 0 (was 0) fWinVerifyTrust=0 for '\Device\HarddiskVolume1\Windows\System32\gdi32full.dll' [rescheduled]
b5c.1408: Detected loader lock ownership: rc=VINF_SUCCESS '\Device\HarddiskVolume1\Windows\System32\netutils.dll'.
b5c.1408: supR3HardenedWinVerifyCacheProcessWvtTodos: 0 (was 0) fWinVerifyTrust=0 for '\Device\HarddiskVolume1\Windows\System32\netutils.dll' [rescheduled]
b5c.1408: Detected loader lock ownership: rc=VINF_SUCCESS '\Device\HarddiskVolume1\Windows\System32\srvcli.dll'.
b5c.1408: supR3HardenedWinVerifyCacheProcessWvtTodos: 0 (was 0) fWinVerifyTrust=0 for '\Device\HarddiskVolume1\Windows\System32\srvcli.dll' [rescheduled]
b5c.1408: Detected loader lock ownership: rc=VINF_SUCCESS '\Device\HarddiskVolume1\Program Files\Oracle\VirtualBox\Qt6SqlVBox.dll'.
b5c.1408: supR3HardenedWinVerifyCacheProcessWvtTodos: 0 (was 0) fWinVerifyTrust=0 for '\Device\HarddiskVolume1\Program Files\Oracle\VirtualBox\Qt6SqlVBox.dll' [rescheduled]
b5c.1408: Detected loader lock ownership: rc=VINF_SUCCESS '\Device\HarddiskVolume1\Windows\System32\mpr.dll'.
b5c.1408: supR3HardenedWinVerifyCacheProcessWvtTodos: 0 (was 0) fWinVerifyTrust=0 for '\Device\HarddiskVolume1\Windows\System32\mpr.dll' [rescheduled]
b5c.1408: Detected loader lock ownership: rc=VINF_SUCCESS '\Device\HarddiskVolume1\Windows\System32\userenv.dll'.
b5c.1408: supR3HardenedWinVerifyCacheProcessWvtTodos: 0 (was 0) fWinVerifyTrust=0 for '\Device\HarddiskVolume1\Windows\System32\userenv.dll' [rescheduled]
b5c.1408: Detected loader lock ownership: rc=22900 '\Device\HarddiskVolume1\Windows\System32\authz.dll'.
b5c.1408: supR3HardenedWinVerifyCacheProcessWvtTodos: 22900 (was 22900) fWinVerifyTrust=0 for '\Device\HarddiskVolume1\Windows\System32\authz.dll' [rescheduled]
b5c.1408: Detected loader lock ownership: rc=VINF_SUCCESS '\Device\HarddiskVolume1\Windows\System32\netapi32.dll'.
b5c.1408: supR3HardenedWinVerifyCacheProcessWvtTodos: 0 (was 0) fWinVerifyTrust=0 for '\Device\HarddiskVolume1\Windows\System32\netapi32.dll' [rescheduled]
b5c.1408: Detected loader lock ownership: rc=VINF_SUCCESS '\Device\HarddiskVolume1\Windows\System32\version.dll'.
b5c.1408: supR3HardenedWinVerifyCacheProcessWvtTodos: 0 (was 0) fWinVerifyTrust=0 for '\Device\HarddiskVolume1\Windows\System32\version.dll' [rescheduled]
b5c.1408: Detected loader lock ownership: rc=VINF_SUCCESS '\Device\HarddiskVolume1\Windows\System32\d3d11.dll'.
b5c.1408: supR3HardenedWinVerifyCacheProcessWvtTodos: 0 (was 0) fWinVerifyTrust=0 for '\Device\HarddiskVolume1\Windows\System32\d3d11.dll' [rescheduled]
b5c.1408: Detected loader lock ownership: rc=VINF_SUCCESS '\Device\HarddiskVolume1\Windows\System32\dxgi.dll'.
b5c.1408: supR3HardenedWinVerifyCacheProcessWvtTodos: 0 (was 0) fWinVerifyTrust=0 for '\Device\HarddiskVolume1\Windows\System32\dxgi.dll' [rescheduled]
b5c.1408: Detected loader lock ownership: rc=VINF_SUCCESS '\Device\HarddiskVolume1\Windows\System32\D3D12.dll'.
b5c.1408: supR3HardenedWinVerifyCacheProcessWvtTodos: 0 (was 0) fWinVerifyTrust=0 for '\Device\HarddiskVolume1\Windows\System32\D3D12.dll' [rescheduled]
b5c.1408: Detected loader lock ownership: rc=VINF_SUCCESS '\Device\HarddiskVolume1\Windows\System32\shell32.dll'.
b5c.1408: supR3HardenedWinVerifyCacheProcessWvtTodos: 0 (was 0) fWinVerifyTrust=0 for '\Device\HarddiskVolume1\Windows\System32\shell32.dll' [rescheduled]
b5c.1408: Detected loader lock ownership: rc=22900 '\Device\HarddiskVolume1\Windows\System32\DWrite.dll'.
b5c.1408: supR3HardenedWinVerifyCacheProcessWvtTodos: 22900 (was 22900) fWinVerifyTrust=0 for '\Device\HarddiskVolume1\Windows\System32\DWrite.dll' [rescheduled]
b5c.1408: Detected loader lock ownership: rc=VINF_SUCCESS '\Device\HarddiskVolume1\Windows\System32\msvcp140_2.dll'.
b5c.1408: supR3HardenedWinVerifyCacheProcessWvtTodos: 0 (was 0) fWinVerifyTrust=0 for '\Device\HarddiskVolume1\Windows\System32\msvcp140_2.dll' [rescheduled]
b5c.1408: Detected loader lock ownership: rc=VINF_SUCCESS '\Device\HarddiskVolume1\Windows\System32\dwmapi.dll'.
b5c.1408: supR3HardenedWinVerifyCacheProcessWvtTodos: 0 (was 0) fWinVerifyTrust=0 for '\Device\HarddiskVolume1\Windows\System32\dwmapi.dll' [rescheduled]
b5c.1408: Detected loader lock ownership: rc=22900 '\Device\HarddiskVolume1\Windows\System32\uxtheme.dll'.
b5c.1408: supR3HardenedWinVerifyCacheProcessWvtTodos: 22900 (was 22900) fWinVerifyTrust=0 for '\Device\HarddiskVolume1\Windows\System32\uxtheme.dll' [rescheduled]
b5c.1408: Detected loader lock ownership: rc=VINF_SUCCESS '\Device\HarddiskVolume1\Windows\System32\msvcp140_1.dll'.
b5c.1408: supR3HardenedWinVerifyCacheProcessWvtTodos: 0 (was 0) fWinVerifyTrust=0 for '\Device\HarddiskVolume1\Windows\System32\msvcp140_1.dll' [rescheduled]
b5c.1408: Detected loader lock ownership: rc=VINF_SUCCESS '\Device\HarddiskVolume1\Windows\System32\win32u.dll'.
b5c.1408: supR3HardenedWinVerifyCacheProcessWvtTodos: 0 (was 0) fWinVerifyTrust=0 for '\Device\HarddiskVolume1\Windows\System32\win32u.dll' [rescheduled]
b5c.1408: Detected loader lock ownership: rc=VINF_SUCCESS '\Device\HarddiskVolume1\Windows\System32\gdi32.dll'.
b5c.1408: supR3HardenedWinVerifyCacheProcessWvtTodos: 0 (was 0) fWinVerifyTrust=0 for '\Device\HarddiskVolume1\Windows\System32\gdi32.dll' [rescheduled]
b5c.1408: Detected loader lock ownership: rc=VINF_SUCCESS '\Device\HarddiskVolume1\Windows\System32\msvcp_win.dll'.
b5c.1408: supR3HardenedWinVerifyCacheProcessWvtTodos: 0 (was 0) fWinVerifyTrust=0 for '\Device\HarddiskVolume1\Windows\System32\msvcp_win.dll' [rescheduled]
b5c.1408: Detected loader lock ownership: rc=VINF_SUCCESS '\Device\HarddiskVolume1\Windows\System32\combase.dll'.
b5c.1408: supR3HardenedWinVerifyCacheProcessWvtTodos: 0 (was 0) fWinVerifyTrust=0 for '\Device\HarddiskVolume1\Windows\System32\combase.dll' [rescheduled]
b5c.1408: Detected loader lock ownership: rc=VINF_SUCCESS '\Device\HarddiskVolume1\Windows\System32\imm32.dll'.
b5c.1408: supR3HardenedWinVerifyCacheScheduleImports: Import todo: #0 'user32.dll'.
b5c.1408: supR3HardenedWinVerifyCacheScheduleImports: Import todo: #25 'win32u.dll'.
b5c.1408: supHardenedWinVerifyImageByHandle: -> 0 (\Device\HarddiskVolume1\Windows\System32\imm32.dll)
b5c.1408: supR3HardenedWinVerifyCacheInsert: \Device\HarddiskVolume1\Windows\System32\imm32.dll
b5c.1408: supR3HardenedWinVerifyCacheProcessImportTodos: Processing 'win32u.dll'...
b5c.1408: supR3HardenedWinVerifyCacheProcessImportTodos: 'win32u.dll' -> '\Device\HarddiskVolume1\Windows\System32\win32u.dll' [rcNtRedir=0xc0150008]
b5c.1408: supR3HardenedScreenImage/Imports: cache hit (VINF_SUCCESS) on \Device\HarddiskVolume1\Windows\System32\win32u.dll [redoing WinVerifyTrust]
b5c.1408: Detected loader lock ownership: rc=VINF_SUCCESS '\Device\HarddiskVolume1\Windows\System32\win32u.dll'.
b5c.1408: supR3HardenedScreenImage/Imports: WinVerifyTrust not available, rescheduling \Device\HarddiskVolume1\Windows\System32\win32u.dll
b5c.1408: supR3HardenedWinVerifyCacheProcessImportTodos: Processing 'user32.dll'...
b5c.1408: supR3HardenedWinVerifyCacheProcessImportTodos: 'user32.dll' -> '\Device\HarddiskVolume1\Windows\System32\user32.dll' [rcNtRedir=0xc0150008]
b5c.1408: supR3HardenedWinVerifyCacheProcessImportTodos: Processing 'win32u.dll'...
b5c.1408: supR3HardenedWinVerifyCacheProcessImportTodos: 'win32u.dll' -> '\Device\HarddiskVolume1\Windows\System32\win32u.dll' [rcNtRedir=0xc0150008]
b5c.1408: supR3HardenedScreenImage/Imports: cache hit (VINF_SUCCESS) on \Device\HarddiskVolume1\Windows\System32\win32u.dll [redoing WinVerifyTrust]
b5c.1408: Detected loader lock ownership: rc=VINF_SUCCESS '\Device\HarddiskVolume1\Windows\System32\win32u.dll'.
b5c.1408: supR3HardenedScreenImage/Imports: WinVerifyTrust not available, rescheduling \Device\HarddiskVolume1\Windows\System32\win32u.dll
b5c.1408: supR3HardenedWinVerifyCacheProcessImportTodos: Processing 'user32.dll'...
b5c.1408: supR3HardenedWinVerifyCacheProcessImportTodos: 'user32.dll' -> '\Device\HarddiskVolume1\Windows\System32\user32.dll' [rcNtRedir=0xc0150008]
b5c.1408: supR3HardenedWinVerifyCacheProcessImportTodos: Processing 'gdi32.dll'...
b5c.1408: supR3HardenedWinVerifyCacheProcessImportTodos: 'gdi32.dll' -> '\Device\HarddiskVolume1\Windows\System32\gdi32.dll' [rcNtRedir=0xc0150008]
b5c.1408: supR3HardenedScreenImage/Imports: cache hit (VINF_SUCCESS) on \Device\HarddiskVolume1\Windows\System32\gdi32.dll [redoing WinVerifyTrust]
b5c.1408: Detected loader lock ownership: rc=VINF_SUCCESS '\Device\HarddiskVolume1\Windows\System32\gdi32.dll'.
b5c.1408: supR3HardenedScreenImage/Imports: WinVerifyTrust not available, rescheduling \Device\HarddiskVolume1\Windows\System32\gdi32.dll
b5c.1408: supR3HardenedWinVerifyCacheProcessImportTodos: Processing 'msvcp_win.dll'...
b5c.1408: supR3HardenedWinVerifyCacheProcessImportTodos: 'msvcp_win.dll' -> '\Device\HarddiskVolume1\Windows\System32\msvcp_win.dll' [rcNtRedir=0xc0150008]
b5c.1408: supR3HardenedScreenImage/Imports: cache hit (VINF_SUCCESS) on \Device\HarddiskVolume1\Windows\System32\msvcp_win.dll [redoing WinVerifyTrust]
b5c.1408: Detected loader lock ownership: rc=VINF_SUCCESS '\Device\HarddiskVolume1\Windows\System32\msvcp_win.dll'.
b5c.1408: supR3HardenedScreenImage/Imports: WinVerifyTrust not available, rescheduling \Device\HarddiskVolume1\Windows\System32\msvcp_win.dll
b5c.1408: supR3HardenedWinVerifyCacheProcessImportTodos: Processing 'rpcrt4.dll'...
b5c.1408: supR3HardenedWinVerifyCacheProcessImportTodos: 'rpcrt4.dll' -> '\Device\HarddiskVolume1\Windows\System32\rpcrt4.dll' [rcNtRedir=0xc0150008]
b5c.1408: supR3HardenedMonitor_LdrLoadDll: pName=C:\Windows\system32\IMM32.DLL (rcNtResolve=0xc0150008) *pfFlags=0x0 pwszSearchPath=0000000000000009:<flags> [calling]
b5c.1408: supR3HardenedDllNotificationCallback: load   00007ffb41270000 LB 0x0002f000 C:\Windows\System32\IMM32.DLL [fFlags=0x0]
b5c.1408: supR3HardenedScreenImage/LdrLoadDll: cache hit (VINF_SUCCESS) on \Device\HarddiskVolume1\Windows\System32\imm32.dll [avoiding WinVerifyTrust]
b5c.1408: supR3HardenedMonitor_LdrLoadDll: returns rcNt=0x0 hMod=00007ffb41270000 'C:\Windows\system32\IMM32.DLL'
b5c.1408: Detected loader lock ownership: rc=VINF_SUCCESS '\Device\HarddiskVolume1\Windows\System32\imm32.dll'.
b5c.1408: supR3HardenedWinVerifyCacheProcessWvtTodos: 0 (was 0) fWinVerifyTrust=0 for '\Device\HarddiskVolume1\Windows\System32\imm32.dll' [rescheduled]
b5c.1408: Detected loader lock ownership: rc=VINF_SUCCESS '\Device\HarddiskVolume1\Windows\System32\gdi32full.dll'.
b5c.1408: supR3HardenedWinVerifyCacheProcessWvtTodos: 0 (was 0) fWinVerifyTrust=0 for '\Device\HarddiskVolume1\Windows\System32\gdi32full.dll' [rescheduled]
b5c.1408: Detected loader lock ownership: rc=VINF_SUCCESS '\Device\HarddiskVolume1\Windows\System32\netutils.dll'.
b5c.1408: supR3HardenedWinVerifyCacheProcessWvtTodos: 0 (was 0) fWinVerifyTrust=0 for '\Device\HarddiskVolume1\Windows\System32\netutils.dll' [rescheduled]
b5c.1408: Detected loader lock ownership: rc=VINF_SUCCESS '\Device\HarddiskVolume1\Windows\System32\srvcli.dll'.
b5c.1408: supR3HardenedWinVerifyCacheProcessWvtTodos: 0 (was 0) fWinVerifyTrust=0 for '\Device\HarddiskVolume1\Windows\System32\srvcli.dll' [rescheduled]
b5c.1408: Detected loader lock ownership: rc=VINF_SUCCESS '\Device\HarddiskVolume1\Program Files\Oracle\VirtualBox\Qt6SqlVBox.dll'.
b5c.1408: supR3HardenedWinVerifyCacheProcessWvtTodos: 0 (was 0) fWinVerifyTrust=0 for '\Device\HarddiskVolume1\Program Files\Oracle\VirtualBox\Qt6SqlVBox.dll' [rescheduled]
b5c.1408: Detected loader lock ownership: rc=VINF_SUCCESS '\Device\HarddiskVolume1\Windows\System32\mpr.dll'.
b5c.1408: supR3HardenedWinVerifyCacheProcessWvtTodos: 0 (was 0) fWinVerifyTrust=0 for '\Device\HarddiskVolume1\Windows\System32\mpr.dll' [rescheduled]
b5c.1408: Detected loader lock ownership: rc=VINF_SUCCESS '\Device\HarddiskVolume1\Windows\System32\userenv.dll'.
b5c.1408: supR3HardenedWinVerifyCacheProcessWvtTodos: 0 (was 0) fWinVerifyTrust=0 for '\Device\HarddiskVolume1\Windows\System32\userenv.dll' [rescheduled]
b5c.1408: Detected loader lock ownership: rc=22900 '\Device\HarddiskVolume1\Windows\System32\authz.dll'.
b5c.1408: supR3HardenedWinVerifyCacheProcessWvtTodos: 22900 (was 22900) fWinVerifyTrust=0 for '\Device\HarddiskVolume1\Windows\System32\authz.dll' [rescheduled]
b5c.1408: Detected loader lock ownership: rc=VINF_SUCCESS '\Device\HarddiskVolume1\Windows\System32\netapi32.dll'.
b5c.1408: supR3HardenedWinVerifyCacheProcessWvtTodos: 0 (was 0) fWinVerifyTrust=0 for '\Device\HarddiskVolume1\Windows\System32\netapi32.dll' [rescheduled]
b5c.1408: Detected loader lock ownership: rc=VINF_SUCCESS '\Device\HarddiskVolume1\Windows\System32\version.dll'.
b5c.1408: supR3HardenedWinVerifyCacheProcessWvtTodos: 0 (was 0) fWinVerifyTrust=0 for '\Device\HarddiskVolume1\Windows\System32\version.dll' [rescheduled]
b5c.1408: Detected loader lock ownership: rc=VINF_SUCCESS '\Device\HarddiskVolume1\Windows\System32\d3d11.dll'.
b5c.1408: supR3HardenedWinVerifyCacheProcessWvtTodos: 0 (was 0) fWinVerifyTrust=0 for '\Device\HarddiskVolume1\Windows\System32\d3d11.dll' [rescheduled]
b5c.1408: Detected loader lock ownership: rc=VINF_SUCCESS '\Device\HarddiskVolume1\Windows\System32\dxgi.dll'.
b5c.1408: supR3HardenedWinVerifyCacheProcessWvtTodos: 0 (was 0) fWinVerifyTrust=0 for '\Device\HarddiskVolume1\Windows\System32\dxgi.dll' [rescheduled]
b5c.1408: Detected loader lock ownership: rc=VINF_SUCCESS '\Device\HarddiskVolume1\Windows\System32\D3D12.dll'.
b5c.1408: supR3HardenedWinVerifyCacheProcessWvtTodos: 0 (was 0) fWinVerifyTrust=0 for '\Device\HarddiskVolume1\Windows\System32\D3D12.dll' [rescheduled]
b5c.1408: Detected loader lock ownership: rc=VINF_SUCCESS '\Device\HarddiskVolume1\Windows\System32\shell32.dll'.
b5c.1408: supR3HardenedWinVerifyCacheProcessWvtTodos: 0 (was 0) fWinVerifyTrust=0 for '\Device\HarddiskVolume1\Windows\System32\shell32.dll' [rescheduled]
b5c.1408: Detected loader lock ownership: rc=22900 '\Device\HarddiskVolume1\Windows\System32\DWrite.dll'.
b5c.1408: supR3HardenedWinVerifyCacheProcessWvtTodos: 22900 (was 22900) fWinVerifyTrust=0 for '\Device\HarddiskVolume1\Windows\System32\DWrite.dll' [rescheduled]
b5c.1408: Detected loader lock ownership: rc=VINF_SUCCESS '\Device\HarddiskVolume1\Windows\System32\msvcp140_2.dll'.
b5c.1408: supR3HardenedWinVerifyCacheProcessWvtTodos: 0 (was 0) fWinVerifyTrust=0 for '\Device\HarddiskVolume1\Windows\System32\msvcp140_2.dll' [rescheduled]
b5c.1408: Detected loader lock ownership: rc=VINF_SUCCESS '\Device\HarddiskVolume1\Windows\System32\dwmapi.dll'.
b5c.1408: supR3HardenedWinVerifyCacheProcessWvtTodos: 0 (was 0) fWinVerifyTrust=0 for '\Device\HarddiskVolume1\Windows\System32\dwmapi.dll' [rescheduled]
b5c.1408: Detected loader lock ownership: rc=22900 '\Device\HarddiskVolume1\Windows\System32\uxtheme.dll'.
b5c.1408: supR3HardenedWinVerifyCacheProcessWvtTodos: 22900 (was 22900) fWinVerifyTrust=0 for '\Device\HarddiskVolume1\Windows\System32\uxtheme.dll' [rescheduled]
b5c.1408: Detected loader lock ownership: rc=VINF_SUCCESS '\Device\HarddiskVolume1\Windows\System32\msvcp140_1.dll'.
b5c.1408: supR3HardenedWinVerifyCacheProcessWvtTodos: 0 (was 0) fWinVerifyTrust=0 for '\Device\HarddiskVolume1\Windows\System32\msvcp140_1.dll' [rescheduled]
b5c.1408: Detected loader lock ownership: rc=VINF_SUCCESS '\Device\HarddiskVolume1\Windows\System32\win32u.dll'.
b5c.1408: supR3HardenedWinVerifyCacheProcessWvtTodos: 0 (was 0) fWinVerifyTrust=0 for '\Device\HarddiskVolume1\Windows\System32\win32u.dll' [rescheduled]
b5c.1408: Detected loader lock ownership: rc=VINF_SUCCESS '\Device\HarddiskVolume1\Windows\System32\gdi32.dll'.
b5c.1408: supR3HardenedWinVerifyCacheProcessWvtTodos: 0 (was 0) fWinVerifyTrust=0 for '\Device\HarddiskVolume1\Windows\System32\gdi32.dll' [rescheduled]
b5c.1408: Detected loader lock ownership: rc=VINF_SUCCESS '\Device\HarddiskVolume1\Windows\System32\msvcp_win.dll'.
b5c.1408: supR3HardenedWinVerifyCacheProcessWvtTodos: 0 (was 0) fWinVerifyTrust=0 for '\Device\HarddiskVolume1\Windows\System32\msvcp_win.dll' [rescheduled]
b5c.1408: Detected loader lock ownership: rc=VINF_SUCCESS '\Device\HarddiskVolume1\Windows\System32\combase.dll'.
b5c.1408: supR3HardenedWinVerifyCacheProcessWvtTodos: 0 (was 0) fWinVerifyTrust=0 for '\Device\HarddiskVolume1\Windows\System32\combase.dll' [rescheduled]
b5c.1408: Detected loader lock ownership: rc=VINF_SUCCESS '\Device\HarddiskVolume1\Windows\System32\imm32.dll'.
b5c.1408: supR3HardenedWinVerifyCacheProcessWvtTodos: 0 (was 0) fWinVerifyTrust=0 for '\Device\HarddiskVolume1\Windows\System32\imm32.dll' [rescheduled]
b5c.1408: Detected loader lock ownership: rc=VINF_SUCCESS '\Device\HarddiskVolume1\Windows\System32\gdi32full.dll'.
b5c.1408: supR3HardenedWinVerifyCacheProcessWvtTodos: 0 (was 0) fWinVerifyTrust=0 for '\Device\HarddiskVolume1\Windows\System32\gdi32full.dll' [rescheduled]
b5c.1408: Detected loader lock ownership: rc=VINF_SUCCESS '\Device\HarddiskVolume1\Windows\System32\netutils.dll'.
b5c.1408: supR3HardenedWinVerifyCacheProcessWvtTodos: 0 (was 0) fWinVerifyTrust=0 for '\Device\HarddiskVolume1\Windows\System32\netutils.dll' [rescheduled]
b5c.1408: Detected loader lock ownership: rc=VINF_SUCCESS '\Device\HarddiskVolume1\Windows\System32\srvcli.dll'.
b5c.1408: supR3HardenedWinVerifyCacheProcessWvtTodos: 0 (was 0) fWinVerifyTrust=0 for '\Device\HarddiskVolume1\Windows\System32\srvcli.dll' [rescheduled]
b5c.1408: Detected loader lock ownership: rc=VINF_SUCCESS '\Device\HarddiskVolume1\Program Files\Oracle\VirtualBox\Qt6SqlVBox.dll'.
b5c.1408: supR3HardenedWinVerifyCacheProcessWvtTodos: 0 (was 0) fWinVerifyTrust=0 for '\Device\HarddiskVolume1\Program Files\Oracle\VirtualBox\Qt6SqlVBox.dll' [rescheduled]
b5c.1408: Detected loader lock ownership: rc=VINF_SUCCESS '\Device\HarddiskVolume1\Windows\System32\mpr.dll'.
b5c.1408: supR3HardenedWinVerifyCacheProcessWvtTodos: 0 (was 0) fWinVerifyTrust=0 for '\Device\HarddiskVolume1\Windows\System32\mpr.dll' [rescheduled]
b5c.1408: Detected loader lock ownership: rc=VINF_SUCCESS '\Device\HarddiskVolume1\Windows\System32\userenv.dll'.
b5c.1408: supR3HardenedWinVerifyCacheProcessWvtTodos: 0 (was 0) fWinVerifyTrust=0 for '\Device\HarddiskVolume1\Windows\System32\userenv.dll' [rescheduled]
b5c.1408: Detected loader lock ownership: rc=22900 '\Device\HarddiskVolume1\Windows\System32\authz.dll'.
b5c.1408: supR3HardenedWinVerifyCacheProcessWvtTodos: 22900 (was 22900) fWinVerifyTrust=0 for '\Device\HarddiskVolume1\Windows\System32\authz.dll' [rescheduled]
b5c.1408: Detected loader lock ownership: rc=VINF_SUCCESS '\Device\HarddiskVolume1\Windows\System32\netapi32.dll'.
b5c.1408: supR3HardenedWinVerifyCacheProcessWvtTodos: 0 (was 0) fWinVerifyTrust=0 for '\Device\HarddiskVolume1\Windows\System32\netapi32.dll' [rescheduled]
b5c.1408: Detected loader lock ownership: rc=VINF_SUCCESS '\Device\HarddiskVolume1\Windows\System32\version.dll'.
b5c.1408: supR3HardenedWinVerifyCacheProcessWvtTodos: 0 (was 0) fWinVerifyTrust=0 for '\Device\HarddiskVolume1\Windows\System32\version.dll' [rescheduled]
b5c.1408: Detected loader lock ownership: rc=VINF_SUCCESS '\Device\HarddiskVolume1\Windows\System32\d3d11.dll'.
b5c.1408: supR3HardenedWinVerifyCacheProcessWvtTodos: 0 (was 0) fWinVerifyTrust=0 for '\Device\HarddiskVolume1\Windows\System32\d3d11.dll' [rescheduled]
b5c.1408: Detected loader lock ownership: rc=VINF_SUCCESS '\Device\HarddiskVolume1\Windows\System32\dxgi.dll'.
b5c.1408: supR3HardenedWinVerifyCacheProcessWvtTodos: 0 (was 0) fWinVerifyTrust=0 for '\Device\HarddiskVolume1\Windows\System32\dxgi.dll' [rescheduled]
b5c.1408: Detected loader lock ownership: rc=VINF_SUCCESS '\Device\HarddiskVolume1\Windows\System32\D3D12.dll'.
b5c.1408: supR3HardenedWinVerifyCacheProcessWvtTodos: 0 (was 0) fWinVerifyTrust=0 for '\Device\HarddiskVolume1\Windows\System32\D3D12.dll' [rescheduled]
b5c.1408: Detected loader lock ownership: rc=VINF_SUCCESS '\Device\HarddiskVolume1\Windows\System32\shell32.dll'.
b5c.1408: supR3HardenedWinVerifyCacheProcessWvtTodos: 0 (was 0) fWinVerifyTrust=0 for '\Device\HarddiskVolume1\Windows\System32\shell32.dll' [rescheduled]
b5c.1408: Detected loader lock ownership: rc=22900 '\Device\HarddiskVolume1\Windows\System32\DWrite.dll'.
b5c.1408: supR3HardenedWinVerifyCacheProcessWvtTodos: 22900 (was 22900) fWinVerifyTrust=0 for '\Device\HarddiskVolume1\Windows\System32\DWrite.dll' [rescheduled]
b5c.1408: Detected loader lock ownership: rc=VINF_SUCCESS '\Device\HarddiskVolume1\Windows\System32\msvcp140_2.dll'.
b5c.1408: supR3HardenedWinVerifyCacheProcessWvtTodos: 0 (was 0) fWinVerifyTrust=0 for '\Device\HarddiskVolume1\Windows\System32\msvcp140_2.dll' [rescheduled]
b5c.1408: Detected loader lock ownership: rc=VINF_SUCCESS '\Device\HarddiskVolume1\Windows\System32\dwmapi.dll'.
b5c.1408: supR3HardenedWinVerifyCacheProcessWvtTodos: 0 (was 0) fWinVerifyTrust=0 for '\Device\HarddiskVolume1\Windows\System32\dwmapi.dll' [rescheduled]
b5c.1408: Detected loader lock ownership: rc=22900 '\Device\HarddiskVolume1\Windows\System32\uxtheme.dll'.
b5c.1408: supR3HardenedWinVerifyCacheProcessWvtTodos: 22900 (was 22900) fWinVerifyTrust=0 for '\Device\HarddiskVolume1\Windows\System32\uxtheme.dll' [rescheduled]
b5c.1408: Detected loader lock ownership: rc=VINF_SUCCESS '\Device\HarddiskVolume1\Windows\System32\msvcp140_1.dll'.
b5c.1408: supR3HardenedWinVerifyCacheProcessWvtTodos: 0 (was 0) fWinVerifyTrust=0 for '\Device\HarddiskVolume1\Windows\System32\msvcp140_1.dll' [rescheduled]
b5c.1408: Detected loader lock ownership: rc=VINF_SUCCESS '\Device\HarddiskVolume1\Windows\System32\win32u.dll'.
b5c.1408: supR3HardenedWinVerifyCacheProcessWvtTodos: 0 (was 0) fWinVerifyTrust=0 for '\Device\HarddiskVolume1\Windows\System32\win32u.dll' [rescheduled]
b5c.1408: Detected loader lock ownership: rc=VINF_SUCCESS '\Device\HarddiskVolume1\Windows\System32\gdi32.dll'.
b5c.1408: supR3HardenedWinVerifyCacheProcessWvtTodos: 0 (was 0) fWinVerifyTrust=0 for '\Device\HarddiskVolume1\Windows\System32\gdi32.dll' [rescheduled]
b5c.1408: Detected loader lock ownership: rc=VINF_SUCCESS '\Device\HarddiskVolume1\Windows\System32\msvcp_win.dll'.
b5c.1408: supR3HardenedWinVerifyCacheProcessWvtTodos: 0 (was 0) fWinVerifyTrust=0 for '\Device\HarddiskVolume1\Windows\System32\msvcp_win.dll' [rescheduled]
b5c.1408: Detected loader lock ownership: rc=VINF_SUCCESS '\Device\HarddiskVolume1\Windows\System32\combase.dll'.
b5c.1408: supR3HardenedWinVerifyCacheProcessWvtTodos: 0 (was 0) fWinVerifyTrust=0 for '\Device\HarddiskVolume1\Windows\System32\combase.dll' [rescheduled]
b5c.1408: supR3HardenedScreenImage/LdrLoadDll: cache hit (VINF_SUCCESS) on \Device\HarddiskVolume1\Windows\System32\gdi32.dll [redoing WinVerifyTrust]
b5c.1408: Detected loader lock ownership: rc=VINF_SUCCESS '\Device\HarddiskVolume1\Windows\System32\gdi32.dll'.
b5c.1408: supR3HardenedScreenImage/LdrLoadDll: WinVerifyTrust not available, rescheduling \Device\HarddiskVolume1\Windows\System32\gdi32.dll
b5c.1408: supR3HardenedMonitor_LdrLoadDll: returns rcNt=0x0 hMod=00007ffb40fd0000 'C:\Windows\System32\gdi32.dll'
b5c.1408: Detected loader lock ownership: rc=VINF_SUCCESS '\Device\HarddiskVolume1\Windows\System32\imm32.dll'.
b5c.1408: supR3HardenedWinVerifyCacheProcessWvtTodos: 0 (was 0) fWinVerifyTrust=0 for '\Device\HarddiskVolume1\Windows\System32\imm32.dll' [rescheduled]
b5c.1408: Detected loader lock ownership: rc=VINF_SUCCESS '\Device\HarddiskVolume1\Windows\System32\gdi32full.dll'.
b5c.1408: supR3HardenedWinVerifyCacheProcessWvtTodos: 0 (was 0) fWinVerifyTrust=0 for '\Device\HarddiskVolume1\Windows\System32\gdi32full.dll' [rescheduled]
b5c.1408: Detected loader lock ownership: rc=VINF_SUCCESS '\Device\HarddiskVolume1\Windows\System32\netutils.dll'.
b5c.1408: supR3HardenedWinVerifyCacheProcessWvtTodos: 0 (was 0) fWinVerifyTrust=0 for '\Device\HarddiskVolume1\Windows\System32\netutils.dll' [rescheduled]
b5c.1408: Detected loader lock ownership: rc=VINF_SUCCESS '\Device\HarddiskVolume1\Windows\System32\srvcli.dll'.
b5c.1408: supR3HardenedWinVerifyCacheProcessWvtTodos: 0 (was 0) fWinVerifyTrust=0 for '\Device\HarddiskVolume1\Windows\System32\srvcli.dll' [rescheduled]
b5c.1408: Detected loader lock ownership: rc=VINF_SUCCESS '\Device\HarddiskVolume1\Program Files\Oracle\VirtualBox\Qt6SqlVBox.dll'.
b5c.1408: supR3HardenedWinVerifyCacheProcessWvtTodos: 0 (was 0) fWinVerifyTrust=0 for '\Device\HarddiskVolume1\Program Files\Oracle\VirtualBox\Qt6SqlVBox.dll' [rescheduled]
b5c.1408: Detected loader lock ownership: rc=VINF_SUCCESS '\Device\HarddiskVolume1\Windows\System32\mpr.dll'.
b5c.1408: supR3HardenedWinVerifyCacheProcessWvtTodos: 0 (was 0) fWinVerifyTrust=0 for '\Device\HarddiskVolume1\Windows\System32\mpr.dll' [rescheduled]
b5c.1408: Detected loader lock ownership: rc=VINF_SUCCESS '\Device\HarddiskVolume1\Windows\System32\userenv.dll'.
b5c.1408: supR3HardenedWinVerifyCacheProcessWvtTodos: 0 (was 0) fWinVerifyTrust=0 for '\Device\HarddiskVolume1\Windows\System32\userenv.dll' [rescheduled]
b5c.1408: Detected loader lock ownership: rc=22900 '\Device\HarddiskVolume1\Windows\System32\authz.dll'.
b5c.1408: supR3HardenedWinVerifyCacheProcessWvtTodos: 22900 (was 22900) fWinVerifyTrust=0 for '\Device\HarddiskVolume1\Windows\System32\authz.dll' [rescheduled]
b5c.1408: Detected loader lock ownership: rc=VINF_SUCCESS '\Device\HarddiskVolume1\Windows\System32\netapi32.dll'.
b5c.1408: supR3HardenedWinVerifyCacheProcessWvtTodos: 0 (was 0) fWinVerifyTrust=0 for '\Device\HarddiskVolume1\Windows\System32\netapi32.dll' [rescheduled]
b5c.1408: Detected loader lock ownership: rc=VINF_SUCCESS '\Device\HarddiskVolume1\Windows\System32\version.dll'.
b5c.1408: supR3HardenedWinVerifyCacheProcessWvtTodos: 0 (was 0) fWinVerifyTrust=0 for '\Device\HarddiskVolume1\Windows\System32\version.dll' [rescheduled]
b5c.1408: Detected loader lock ownership: rc=VINF_SUCCESS '\Device\HarddiskVolume1\Windows\System32\d3d11.dll'.
b5c.1408: supR3HardenedWinVerifyCacheProcessWvtTodos: 0 (was 0) fWinVerifyTrust=0 for '\Device\HarddiskVolume1\Windows\System32\d3d11.dll' [rescheduled]
b5c.1408: Detected loader lock ownership: rc=VINF_SUCCESS '\Device\HarddiskVolume1\Windows\System32\dxgi.dll'.
b5c.1408: supR3HardenedWinVerifyCacheProcessWvtTodos: 0 (was 0) fWinVerifyTrust=0 for '\Device\HarddiskVolume1\Windows\System32\dxgi.dll' [rescheduled]
b5c.1408: Detected loader lock ownership: rc=VINF_SUCCESS '\Device\HarddiskVolume1\Windows\System32\D3D12.dll'.
b5c.1408: supR3HardenedWinVerifyCacheProcessWvtTodos: 0 (was 0) fWinVerifyTrust=0 for '\Device\HarddiskVolume1\Windows\System32\D3D12.dll' [rescheduled]
b5c.1408: Detected loader lock ownership: rc=VINF_SUCCESS '\Device\HarddiskVolume1\Windows\System32\shell32.dll'.
b5c.1408: supR3HardenedWinVerifyCacheProcessWvtTodos: 0 (was 0) fWinVerifyTrust=0 for '\Device\HarddiskVolume1\Windows\System32\shell32.dll' [rescheduled]
b5c.1408: Detected loader lock ownership: rc=22900 '\Device\HarddiskVolume1\Windows\System32\DWrite.dll'.
b5c.1408: supR3HardenedWinVerifyCacheProcessWvtTodos: 22900 (was 22900) fWinVerifyTrust=0 for '\Device\HarddiskVolume1\Windows\System32\DWrite.dll' [rescheduled]
b5c.1408: Detected loader lock ownership: rc=VINF_SUCCESS '\Device\HarddiskVolume1\Windows\System32\msvcp140_2.dll'.
b5c.1408: supR3HardenedWinVerifyCacheProcessWvtTodos: 0 (was 0) fWinVerifyTrust=0 for '\Device\HarddiskVolume1\Windows\System32\msvcp140_2.dll' [rescheduled]
b5c.1408: Detected loader lock ownership: rc=VINF_SUCCESS '\Device\HarddiskVolume1\Windows\System32\dwmapi.dll'.
b5c.1408: supR3HardenedWinVerifyCacheProcessWvtTodos: 0 (was 0) fWinVerifyTrust=0 for '\Device\HarddiskVolume1\Windows\System32\dwmapi.dll' [rescheduled]
b5c.1408: Detected loader lock ownership: rc=22900 '\Device\HarddiskVolume1\Windows\System32\uxtheme.dll'.
b5c.1408: supR3HardenedWinVerifyCacheProcessWvtTodos: 22900 (was 22900) fWinVerifyTrust=0 for '\Device\HarddiskVolume1\Windows\System32\uxtheme.dll' [rescheduled]
b5c.1408: Detected loader lock ownership: rc=VINF_SUCCESS '\Device\HarddiskVolume1\Windows\System32\msvcp140_1.dll'.
b5c.1408: supR3HardenedWinVerifyCacheProcessWvtTodos: 0 (was 0) fWinVerifyTrust=0 for '\Device\HarddiskVolume1\Windows\System32\msvcp140_1.dll' [rescheduled]
b5c.1408: Detected loader lock ownership: rc=VINF_SUCCESS '\Device\HarddiskVolume1\Windows\System32\win32u.dll'.
b5c.1408: supR3HardenedWinVerifyCacheProcessWvtTodos: 0 (was 0) fWinVerifyTrust=0 for '\Device\HarddiskVolume1\Windows\System32\win32u.dll' [rescheduled]
b5c.1408: Detected loader lock ownership: rc=VINF_SUCCESS '\Device\HarddiskVolume1\Windows\System32\gdi32.dll'.
b5c.1408: supR3HardenedWinVerifyCacheProcessWvtTodos: 0 (was 0) fWinVerifyTrust=0 for '\Device\HarddiskVolume1\Windows\System32\gdi32.dll' [rescheduled]
b5c.1408: Detected loader lock ownership: rc=VINF_SUCCESS '\Device\HarddiskVolume1\Windows\System32\msvcp_win.dll'.
b5c.1408: supR3HardenedWinVerifyCacheProcessWvtTodos: 0 (was 0) fWinVerifyTrust=0 for '\Device\HarddiskVolume1\Windows\System32\msvcp_win.dll' [rescheduled]
b5c.1408: Detected loader lock ownership: rc=VINF_SUCCESS '\Device\HarddiskVolume1\Windows\System32\combase.dll'.
b5c.1408: supR3HardenedWinVerifyCacheProcessWvtTodos: 0 (was 0) fWinVerifyTrust=0 for '\Device\HarddiskVolume1\Windows\System32\combase.dll' [rescheduled]
b5c.1408: supR3HardenedMonitor_LdrLoadDll: returns rcNt=0x0 hMod=00007ffaf48d0000 'C:\Program Files\Oracle\VirtualBox\VirtualBoxVM.dll'
b5c.1408: supR3HardenedMonitor_LdrLoadDll: returns rcNt=0x0 hMod=00007ffb3eb20000 'C:\Windows\system32\rsaenh.dll'
b5c.1408: supR3HardenedMonitor_LdrLoadDll: returns rcNt=0x0 hMod=00007ffb40320000 'C:\Windows\System32\crypt32.dll'
b5c.1408: supR3HardenedWinVerifyCacheProcessWvtTodos: 0 (was 0) fWinVerifyTrust=1 for '\Device\HarddiskVolume1\Windows\System32\imm32.dll'
b5c.1408: supR3HardenedMonitor_LdrLoadDll: returns rcNt=0x0 hMod=00007ffb3eb20000 'C:\Windows\system32\rsaenh.dll'
b5c.1408: supR3HardenedMonitor_LdrLoadDll: returns rcNt=0x0 hMod=00007ffb40320000 'C:\Windows\System32\crypt32.dll'
b5c.1408: supR3HardenedWinVerifyCacheProcessWvtTodos: 0 (was 0) fWinVerifyTrust=1 for '\Device\HarddiskVolume1\Windows\System32\gdi32full.dll'
b5c.1408: supR3HardenedMonitor_LdrLoadDll: returns rcNt=0x0 hMod=00007ffb3eb20000 'C:\Windows\system32\rsaenh.dll'
b5c.1408: supR3HardenedMonitor_LdrLoadDll: returns rcNt=0x0 hMod=00007ffb40320000 'C:\Windows\System32\crypt32.dll'
b5c.1408: supR3HardenedWinVerifyCacheProcessWvtTodos: 0 (was 0) fWinVerifyTrust=1 for '\Device\HarddiskVolume1\Windows\System32\netutils.dll'
b5c.1408: supR3HardenedMonitor_LdrLoadDll: returns rcNt=0x0 hMod=00007ffb3eb20000 'C:\Windows\system32\rsaenh.dll'
b5c.1408: supR3HardenedMonitor_LdrLoadDll: returns rcNt=0x0 hMod=00007ffb40320000 'C:\Windows\System32\crypt32.dll'
b5c.1408: supR3HardenedWinVerifyCacheProcessWvtTodos: 0 (was 0) fWinVerifyTrust=1 for '\Device\HarddiskVolume1\Windows\System32\srvcli.dll'
b5c.1408: supR3HardenedMonitor_LdrLoadDll: returns rcNt=0x0 hMod=00007ffb3eb20000 'C:\Windows\system32\rsaenh.dll'
b5c.1408: supR3HardenedMonitor_LdrLoadDll: returns rcNt=0x0 hMod=00007ffb40320000 'C:\Windows\System32\crypt32.dll'
b5c.1408: supR3HardenedWinVerifyCacheProcessWvtTodos: 0 (was 0) fWinVerifyTrust=1 for '\Device\HarddiskVolume1\Program Files\Oracle\VirtualBox\Qt6SqlVBox.dll'
b5c.1408: supR3HardenedMonitor_LdrLoadDll: returns rcNt=0x0 hMod=00007ffb3eb20000 'C:\Windows\system32\rsaenh.dll'
b5c.1408: supR3HardenedMonitor_LdrLoadDll: returns rcNt=0x0 hMod=00007ffb40320000 'C:\Windows\System32\crypt32.dll'
b5c.1408: supR3HardenedWinVerifyCacheProcessWvtTodos: 0 (was 0) fWinVerifyTrust=1 for '\Device\HarddiskVolume1\Windows\System32\mpr.dll'
b5c.1408: supR3HardenedMonitor_LdrLoadDll: returns rcNt=0x0 hMod=00007ffb3eb20000 'C:\Windows\system32\rsaenh.dll'
b5c.1408: supR3HardenedMonitor_LdrLoadDll: returns rcNt=0x0 hMod=00007ffb40320000 'C:\Windows\System32\crypt32.dll'
b5c.1408: supR3HardenedWinVerifyCacheProcessWvtTodos: 0 (was 0) fWinVerifyTrust=1 for '\Device\HarddiskVolume1\Windows\System32\userenv.dll'
b5c.1408: supR3HardNtViCallWinVerifyTrustCatFile: hFile=0000000000000550 pwszName=\Device\HarddiskVolume1\Windows\System32\authz.dll
b5c.1408: supR3HardNtViCallWinVerifyTrustCatFile: Cached context 000001d54f07e0d0
b5c.1408: supR3HardNtViCallWinVerifyTrustCatFile: hCatAdmin=000001d54f07e0d0
b5c.1408: supR3HardNtViCallWinVerifyTrustCatFile: cbHash=20 wszDigest=B685402509FE55AFDD19010A15E6370AAF3DE884
b5c.1408: supR3HardenedMonitor_LdrLoadDll: returns rcNt=0x0 hMod=00007ffb3eb20000 'C:\Windows\system32\rsaenh.dll'
b5c.1408: supR3HardenedMonitor_LdrLoadDll: returns rcNt=0x0 hMod=00007ffb40320000 'C:\Windows\System32\crypt32.dll'
b5c.1408: supR3HardNtViCallWinVerifyTrustCatFile: WinVerifyTrust => 0x0; cat='C:\Windows\system32\CatRoot\{F750E6C3-38EE-11D1-85E5-00C04FC295EE}\Microsoft-Windows-Client-Desktop-Required-Package0516~31bf3856ad364e35~amd64~~10.0.19041.6456.cat'; file='\Device\HarddiskVolume1\Windows\System32\authz.dll'
b5c.1408: supR3HardNtViCallWinVerifyTrustCatFile -> 0 (org 22900)
b5c.1408: supR3HardenedWinVerifyCacheProcessWvtTodos: 0 (was 22900) fWinVerifyTrust=1 for '\Device\HarddiskVolume1\Windows\System32\authz.dll'
b5c.1408: supR3HardenedMonitor_LdrLoadDll: returns rcNt=0x0 hMod=00007ffb3eb20000 'C:\Windows\system32\rsaenh.dll'
b5c.1408: supR3HardenedMonitor_LdrLoadDll: returns rcNt=0x0 hMod=00007ffb40320000 'C:\Windows\System32\crypt32.dll'
b5c.1408: supR3HardenedWinVerifyCacheProcessWvtTodos: 0 (was 0) fWinVerifyTrust=1 for '\Device\HarddiskVolume1\Windows\System32\netapi32.dll'
b5c.1408: supR3HardenedMonitor_LdrLoadDll: returns rcNt=0x0 hMod=00007ffb3eb20000 'C:\Windows\system32\rsaenh.dll'
b5c.1408: supR3HardenedMonitor_LdrLoadDll: returns rcNt=0x0 hMod=00007ffb40320000 'C:\Windows\System32\crypt32.dll'
b5c.1408: supR3HardenedWinVerifyCacheProcessWvtTodos: 0 (was 0) fWinVerifyTrust=1 for '\Device\HarddiskVolume1\Windows\System32\version.dll'
b5c.1408: supR3HardenedMonitor_LdrLoadDll: returns rcNt=0x0 hMod=00007ffb3eb20000 'C:\Windows\system32\rsaenh.dll'
b5c.1408: supR3HardenedMonitor_LdrLoadDll: returns rcNt=0x0 hMod=00007ffb40320000 'C:\Windows\System32\crypt32.dll'
b5c.1408: supR3HardenedWinVerifyCacheProcessWvtTodos: 0 (was 0) fWinVerifyTrust=1 for '\Device\HarddiskVolume1\Windows\System32\d3d11.dll'
b5c.1408: supR3HardenedMonitor_LdrLoadDll: returns rcNt=0x0 hMod=00007ffb3eb20000 'C:\Windows\system32\rsaenh.dll'
b5c.1408: supR3HardenedMonitor_LdrLoadDll: returns rcNt=0x0 hMod=00007ffb40320000 'C:\Windows\System32\crypt32.dll'
b5c.1408: supR3HardenedWinVerifyCacheProcessWvtTodos: 0 (was 0) fWinVerifyTrust=1 for '\Device\HarddiskVolume1\Windows\System32\dxgi.dll'
b5c.1408: supR3HardenedMonitor_LdrLoadDll: returns rcNt=0x0 hMod=00007ffb3eb20000 'C:\Windows\system32\rsaenh.dll'
b5c.1408: supR3HardenedScreenImage/LdrLoadDll: cache hit (VINF_SUCCESS) on \Device\HarddiskVolume1\Windows\System32\crypt32.dll
b5c.1408: supR3HardenedMonitor_LdrLoadDll: pName=C:\Windows\System32\crypt32.dll (Input=crypt32.dll, rcNtResolve=0xc0150008) *pfFlags=0x0 pwszSearchPath=0000000000000001:<flags> [calling]
b5c.1408: supR3HardenedMonitor_LdrLoadDll: returns rcNt=0x0 hMod=00007ffb40320000 'C:\Windows\System32\crypt32.dll'
b5c.1408: supR3HardenedWinVerifyCacheProcessWvtTodos: 0 (was 0) fWinVerifyTrust=1 for '\Device\HarddiskVolume1\Windows\System32\D3D12.dll'
b5c.1408: supR3HardenedMonitor_LdrLoadDll: returns rcNt=0x0 hMod=00007ffb3eb20000 'C:\Windows\system32\rsaenh.dll'
b5c.1408: supR3HardenedMonitor_LdrLoadDll: returns rcNt=0x0 hMod=00007ffb40320000 'C:\Windows\System32\crypt32.dll'
b5c.1408: supR3HardenedWinVerifyCacheProcessWvtTodos: 0 (was 0) fWinVerifyTrust=1 for '\Device\HarddiskVolume1\Windows\System32\shell32.dll'
b5c.1408: supR3HardNtViCallWinVerifyTrustCatFile: hFile=0000000000000540 pwszName=\Device\HarddiskVolume1\Windows\System32\DWrite.dll
b5c.1408: supR3HardNtViCallWinVerifyTrustCatFile: Cached context 000001d54f07e0d0
b5c.1408: supR3HardNtViCallWinVerifyTrustCatFile: hCatAdmin=000001d54f07e0d0
b5c.1408: supR3HardNtViCallWinVerifyTrustCatFile: cbHash=20 wszDigest=4025A7217883772D53770945E12B41912877C78B
b5c.1408: supR3HardenedMonitor_LdrLoadDll: returns rcNt=0x0 hMod=00007ffb3eb20000 'C:\Windows\system32\rsaenh.dll'
b5c.1408: supR3HardenedMonitor_LdrLoadDll: returns rcNt=0x0 hMod=00007ffb40320000 'C:\Windows\System32\crypt32.dll'
b5c.1408: supR3HardNtViCallWinVerifyTrustCatFile: WinVerifyTrust => 0x0; cat='C:\Windows\system32\CatRoot\{F750E6C3-38EE-11D1-85E5-00C04FC295EE}\Microsoft-Windows-Client-Desktop-Required-Package0516~31bf3856ad364e35~amd64~~10.0.19041.6456.cat'; file='\Device\HarddiskVolume1\Windows\System32\DWrite.dll'
b5c.1408: supR3HardNtViCallWinVerifyTrustCatFile -> 0 (org 22900)
b5c.1408: supR3HardenedWinVerifyCacheProcessWvtTodos: 0 (was 22900) fWinVerifyTrust=1 for '\Device\HarddiskVolume1\Windows\System32\DWrite.dll'
b5c.1408: supR3HardenedScreenImage/LdrLoadDll: cache hit (VINF_SUCCESS) on \Device\HarddiskVolume1\Windows\System32\rsaenh.dll
b5c.1408: supR3HardenedMonitor_LdrLoadDll: pName=C:\Windows\system32\rsaenh.dll (rcNtResolve=0xc0150008) *pfFlags=0x0 pwszSearchPath=0000000000000001:<flags> [calling]
b5c.1408: supR3HardenedMonitor_LdrLoadDll: returns rcNt=0x0 hMod=00007ffb3eb20000 'C:\Windows\system32\rsaenh.dll'
b5c.1408: supR3HardenedMonitor_LdrLoadDll: returns rcNt=0x0 hMod=00007ffb40320000 'C:\Windows\System32\crypt32.dll'
b5c.1408: supR3HardenedWinVerifyCacheProcessWvtTodos: 0 (was 0) fWinVerifyTrust=1 for '\Device\HarddiskVolume1\Windows\System32\msvcp140_2.dll'
b5c.1408: supR3HardenedMonitor_LdrLoadDll: returns rcNt=0x0 hMod=00007ffb3eb20000 'C:\Windows\system32\rsaenh.dll'
b5c.1408: supR3HardenedMonitor_LdrLoadDll: returns rcNt=0x0 hMod=00007ffb40320000 'C:\Windows\System32\crypt32.dll'
b5c.1408: supR3HardenedWinVerifyCacheProcessWvtTodos: 0 (was 0) fWinVerifyTrust=1 for '\Device\HarddiskVolume1\Windows\System32\dwmapi.dll'
b5c.1408: supR3HardNtViCallWinVerifyTrustCatFile: hFile=0000000000000484 pwszName=\Device\HarddiskVolume1\Windows\System32\uxtheme.dll
b5c.1408: supR3HardNtViCallWinVerifyTrustCatFile: Cached context 000001d54f07e0d0
b5c.1408: supR3HardNtViCallWinVerifyTrustCatFile: hCatAdmin=000001d54f07e0d0
b5c.1408: supR3HardNtViCallWinVerifyTrustCatFile: cbHash=20 wszDigest=5CE86D61A74F808BE7CB93ACDAA146684F023EAE
b5c.1408: supR3HardenedMonitor_LdrLoadDll: returns rcNt=0x0 hMod=00007ffb3eb20000 'C:\Windows\system32\rsaenh.dll'
b5c.1408: supR3HardenedMonitor_LdrLoadDll: returns rcNt=0x0 hMod=00007ffb40320000 'C:\Windows\System32\crypt32.dll'
b5c.1408: supR3HardNtViCallWinVerifyTrustCatFile: WinVerifyTrust => 0x0; cat='C:\Windows\system32\CatRoot\{F750E6C3-38EE-11D1-85E5-00C04FC295EE}\Microsoft-Windows-Client-Desktop-Required-Package05113~31bf3856ad364e35~amd64~~10.0.19041.6456.cat'; file='\Device\HarddiskVolume1\Windows\System32\uxtheme.dll'
b5c.1408: supR3HardNtViCallWinVerifyTrustCatFile -> 0 (org 22900)
b5c.1408: supR3HardenedWinVerifyCacheProcessWvtTodos: 0 (was 22900) fWinVerifyTrust=1 for '\Device\HarddiskVolume1\Windows\System32\uxtheme.dll'
b5c.1408: supR3HardenedMonitor_LdrLoadDll: returns rcNt=0x0 hMod=00007ffb3eb20000 'C:\Windows\system32\rsaenh.dll'
b5c.1408: supR3HardenedMonitor_LdrLoadDll: returns rcNt=0x0 hMod=00007ffb40320000 'C:\Windows\System32\crypt32.dll'
b5c.1408: supR3HardenedWinVerifyCacheProcessWvtTodos: 0 (was 0) fWinVerifyTrust=1 for '\Device\HarddiskVolume1\Windows\System32\msvcp140_1.dll'
b5c.1408: supR3HardenedMonitor_LdrLoadDll: returns rcNt=0x0 hMod=00007ffb3eb20000 'C:\Windows\system32\rsaenh.dll'
b5c.1408: supR3HardenedMonitor_LdrLoadDll: returns rcNt=0x0 hMod=00007ffb40320000 'C:\Windows\System32\crypt32.dll'
b5c.1408: supR3HardenedWinVerifyCacheProcessWvtTodos: 0 (was 0) fWinVerifyTrust=1 for '\Device\HarddiskVolume1\Windows\System32\win32u.dll'
b5c.1408: supR3HardenedMonitor_LdrLoadDll: returns rcNt=0x0 hMod=00007ffb3eb20000 'C:\Windows\system32\rsaenh.dll'
b5c.1408: supR3HardenedMonitor_LdrLoadDll: returns rcNt=0x0 hMod=00007ffb40320000 'C:\Windows\System32\crypt32.dll'
b5c.1408: supR3HardenedWinVerifyCacheProcessWvtTodos: 0 (was 0) fWinVerifyTrust=1 for '\Device\HarddiskVolume1\Windows\System32\gdi32.dll'
b5c.1408: supR3HardenedMonitor_LdrLoadDll: returns rcNt=0x0 hMod=00007ffb3eb20000 'C:\Windows\system32\rsaenh.dll'
b5c.1408: supR3HardenedMonitor_LdrLoadDll: returns rcNt=0x0 hMod=00007ffb40320000 'C:\Windows\System32\crypt32.dll'
b5c.1408: supR3HardenedWinVerifyCacheProcessWvtTodos: 0 (was 0) fWinVerifyTrust=1 for '\Device\HarddiskVolume1\Windows\System32\msvcp_win.dll'
b5c.1408: supR3HardenedMonitor_LdrLoadDll: returns rcNt=0x0 hMod=00007ffb3eb20000 'C:\Windows\system32\rsaenh.dll'
b5c.1408: supR3HardenedMonitor_LdrLoadDll: returns rcNt=0x0 hMod=00007ffb40320000 'C:\Windows\System32\crypt32.dll'
b5c.1408: supR3HardenedWinVerifyCacheProcessWvtTodos: 0 (was 0) fWinVerifyTrust=1 for '\Device\HarddiskVolume1\Windows\System32\combase.dll'
b5c.1408: SUPR3HardenedMain: Calling TrustedMain (00007ffaf48d19b0)...
b5c.1408: supR3HardenedWinVerifyCacheScheduleImports: Import todo: #31 'combase.dll'.
b5c.1408: supR3HardenedWinVerifyCacheScheduleImports: Import todo: #32 'msvcp_win.dll'.
b5c.1408: supR3HardenedWinVerifyCacheScheduleImports: Import todo: #34 'wldp.dll'.
b5c.1408: supHardenedWinVerifyImageByHandle: -> 0 (\Device\HarddiskVolume1\Windows\System32\windows.storage.dll)
b5c.1408: supR3HardenedWinVerifyCacheInsert: \Device\HarddiskVolume1\Windows\System32\windows.storage.dll
b5c.1408: supR3HardenedWinVerifyCacheScheduleImports: Import todo: #0 'msvcp_win.dll'.
b5c.1408: supR3HardenedWinVerifyCacheScheduleImports: Import todo: #30 'oleaut32.dll'.
b5c.1408: supHardenedWinVerifyImageByHandle: -> 0 (\Device\HarddiskVolume1\Windows\System32\wldp.dll)
b5c.1408: supR3HardenedWinVerifyCacheInsert: \Device\HarddiskVolume1\Windows\System32\wldp.dll
b5c.1408: supR3HardenedDllNotificationCallback: load   00007ffb3f470000 LB 0x0002b000 C:\Windows\SYSTEM32\Wldp.dll [fFlags=0x0]
b5c.1408: supR3HardenedScreenImage/LdrLoadDll: cache hit (VINF_SUCCESS) on \Device\HarddiskVolume1\Windows\System32\wldp.dll [avoiding WinVerifyTrust]
b5c.1408: supR3HardenedDllNotificationCallback: load   00007ffb3db70000 LB 0x007a5000 C:\Windows\SYSTEM32\windows.storage.dll [fFlags=0x0]
b5c.1408: supR3HardenedScreenImage/LdrLoadDll: cache hit (VINF_SUCCESS) on \Device\HarddiskVolume1\Windows\System32\windows.storage.dll [avoiding WinVerifyTrust]
b5c.1408: supR3HardenedDllNotificationCallback: load   00007ffb412a0000 LB 0x000ad000 C:\Windows\System32\SHCORE.dll [fFlags=0x0]
b5c.1408: supR3HardenedWinVerifyCacheScheduleImports: Import todo: #0 'msvcrt.dll'.
b5c.1408: supR3HardenedWinVerifyCacheScheduleImports: Import todo: #42 'combase.dll'.
b5c.1408: supHardenedWinVerifyImageByHandle: -> 0 (\Device\HarddiskVolume1\Windows\System32\SHCore.dll)
b5c.1408: supR3HardenedWinVerifyCacheInsert: \Device\HarddiskVolume1\Windows\System32\SHCore.dll
b5c.1408: supR3HardenedDllNotificationCallback: load   00007ffb41160000 LB 0x0005b000 C:\Windows\System32\shlwapi.dll [fFlags=0x0]
b5c.1408: supR3HardenedWinVerifyCacheScheduleImports: Import todo: #1 'msvcrt.dll'.
b5c.1408: supHardenedWinVerifyImageByHandle: -> 0 (\Device\HarddiskVolume1\Windows\System32\shlwapi.dll)
b5c.1408: supR3HardenedWinVerifyCacheInsert: \Device\HarddiskVolume1\Windows\System32\shlwapi.dll
b5c.1408: supR3HardenedWinVerifyCacheProcessImportTodos: Processing 'msvcrt.dll'...
b5c.1408: supR3HardenedWinVerifyCacheProcessImportTodos: 'msvcrt.dll' -> '\Device\HarddiskVolume1\Windows\System32\msvcrt.dll' [rcNtRedir=0xc0150008]
b5c.1408: supR3HardenedWinVerifyCacheProcessImportTodos: Processing 'combase.dll'...
b5c.1408: supR3HardenedWinVerifyCacheProcessImportTodos: 'combase.dll' -> '\Device\HarddiskVolume1\Windows\System32\combase.dll' [rcNtRedir=0xc0150008]
b5c.1408: supR3HardenedScreenImage/Imports: cache hit (VINF_SUCCESS) on \Device\HarddiskVolume1\Windows\System32\combase.dll
b5c.1408: supR3HardenedWinVerifyCacheProcessImportTodos: Processing 'msvcrt.dll'...
b5c.1408: supR3HardenedWinVerifyCacheProcessImportTodos: 'msvcrt.dll' -> '\Device\HarddiskVolume1\Windows\System32\msvcrt.dll' [rcNtRedir=0xc0150008]
b5c.1408: supR3HardenedWinVerifyCacheProcessImportTodos: Processing 'oleaut32.dll'...
b5c.1408: supR3HardenedWinVerifyCacheProcessImportTodos: 'oleaut32.dll' -> '\Device\HarddiskVolume1\Windows\System32\oleaut32.dll' [rcNtRedir=0xc0150008]
b5c.1408: supR3HardenedScreenImage/Imports: cache hit (VINF_SUCCESS) on \Device\HarddiskVolume1\Windows\System32\oleaut32.dll
b5c.1408: supR3HardenedWinVerifyCacheProcessImportTodos: Processing 'msvcp_win.dll'...
b5c.1408: supR3HardenedWinVerifyCacheProcessImportTodos: 'msvcp_win.dll' -> '\Device\HarddiskVolume1\Windows\System32\msvcp_win.dll' [rcNtRedir=0xc0150008]
b5c.1408: supR3HardenedScreenImage/Imports: cache hit (VINF_SUCCESS) on \Device\HarddiskVolume1\Windows\System32\msvcp_win.dll
b5c.1408: supR3HardenedWinVerifyCacheProcessImportTodos: Processing 'wldp.dll'...
b5c.1408: supR3HardenedWinVerifyCacheProcessImportTodos: 'wldp.dll' -> '\Device\HarddiskVolume1\Windows\System32\wldp.dll' [rcNtRedir=0xc0150008]
b5c.1408: supR3HardenedScreenImage/Imports: cache hit (VINF_SUCCESS) on \Device\HarddiskVolume1\Windows\System32\wldp.dll [lacks WinVerifyTrust]
b5c.1408: supR3HardenedWinVerifyCacheProcessImportTodos: Processing 'msvcp_win.dll'...
b5c.1408: supR3HardenedWinVerifyCacheProcessImportTodos: 'msvcp_win.dll' -> '\Device\HarddiskVolume1\Windows\System32\msvcp_win.dll' [rcNtRedir=0xc0150008]
b5c.1408: supR3HardenedScreenImage/Imports: cache hit (VINF_SUCCESS) on \Device\HarddiskVolume1\Windows\System32\msvcp_win.dll
b5c.1408: supR3HardenedWinVerifyCacheProcessImportTodos: Processing 'combase.dll'...
b5c.1408: supR3HardenedWinVerifyCacheProcessImportTodos: 'combase.dll' -> '\Device\HarddiskVolume1\Windows\System32\combase.dll' [rcNtRedir=0xc0150008]
b5c.1408: supR3HardenedScreenImage/Imports: cache hit (VINF_SUCCESS) on \Device\HarddiskVolume1\Windows\System32\combase.dll
b5c.1408: supR3HardenedMonitor_LdrLoadDll: returns rcNt=0x0 hMod=00007ffb3eb20000 'C:\Windows\system32\rsaenh.dll'
b5c.1408: supR3HardenedMonitor_LdrLoadDll: returns rcNt=0x0 hMod=00007ffb40320000 'C:\Windows\System32\crypt32.dll'
b5c.1408: supR3HardenedWinVerifyCacheProcessWvtTodos: 0 (was 0) fWinVerifyTrust=1 for '\Device\HarddiskVolume1\Windows\System32\shlwapi.dll'
b5c.1408: supR3HardenedMonitor_LdrLoadDll: returns rcNt=0x0 hMod=00007ffb3eb20000 'C:\Windows\system32\rsaenh.dll'
b5c.1408: supR3HardenedMonitor_LdrLoadDll: returns rcNt=0x0 hMod=00007ffb40320000 'C:\Windows\System32\crypt32.dll'
b5c.1408: supR3HardenedWinVerifyCacheProcessWvtTodos: 0 (was 0) fWinVerifyTrust=1 for '\Device\HarddiskVolume1\Windows\System32\SHCore.dll'
b5c.1408: supR3HardenedMonitor_LdrLoadDll: returns rcNt=0x0 hMod=00007ffb3eb20000 'C:\Windows\system32\rsaenh.dll'
b5c.1408: supR3HardenedMonitor_LdrLoadDll: returns rcNt=0x0 hMod=00007ffb40320000 'C:\Windows\System32\crypt32.dll'
b5c.1408: supR3HardenedWinVerifyCacheProcessWvtTodos: 0 (was 0) fWinVerifyTrust=1 for '\Device\HarddiskVolume1\Windows\System32\wldp.dll'
b5c.1408: supR3HardenedMonitor_LdrLoadDll: returns rcNt=0x0 hMod=00007ffb3eb20000 'C:\Windows\system32\rsaenh.dll'
b5c.1408: supR3HardenedMonitor_LdrLoadDll: returns rcNt=0x0 hMod=00007ffb40320000 'C:\Windows\System32\crypt32.dll'
b5c.1408: supR3HardenedWinVerifyCacheProcessWvtTodos: 0 (was 0) fWinVerifyTrust=1 for '\Device\HarddiskVolume1\Windows\System32\windows.storage.dll'
b5c.1408: supR3HardenedMonitor_LdrLoadDll: returns rcNt=0x0 hMod=00007ffb3eb20000 'C:\Windows\system32\rsaenh.dll'
b5c.1408: supR3HardenedMonitor_LdrLoadDll: returns rcNt=0x0 hMod=00007ffb40320000 'C:\Windows\System32\crypt32.dll'
b5c.1408: supR3HardenedWinVerifyCacheScheduleImports: Import todo: #0 'advapi32.dll'.
b5c.1408: supR3HardenedWinVerifyCacheScheduleImports: Import todo: #1 'dwmapi.dll'.
b5c.1408: supR3HardenedWinVerifyCacheScheduleImports: Import todo: #2 'gdi32.dll'.
b5c.1408: supR3HardenedWinVerifyCacheScheduleImports: Import todo: #3 'imm32.dll'.
b5c.1408: supR3HardenedWinVerifyCacheScheduleImports: Import todo: #4 'ole32.dll'.
b5c.1408: supR3HardenedWinVerifyCacheScheduleImports: Import todo: #5 'oleaut32.dll'.
b5c.1408: supR3HardenedWinVerifyCacheScheduleImports: Import todo: #6 'setupapi.dll'.
b5c.1408: supR3HardenedWinVerifyCacheScheduleImports: Import todo: #7 'shell32.dll'.
b5c.1408: supR3HardenedWinVerifyCacheScheduleImports: Import todo: #8 'shlwapi.dll'.
b5c.1408: supR3HardenedWinVerifyCacheScheduleImports: Import todo: #9 'user32.dll'.
b5c.1408: supR3HardenedWinVerifyCacheScheduleImports: Import todo: #10 'winmm.dll'.
b5c.1408: supR3HardenedWinVerifyCacheScheduleImports: Import todo: #11 'wtsapi32.dll'.
b5c.1408: supR3HardenedWinVerifyCacheScheduleImports: Import todo: #13 'comdlg32.dll'.
b5c.1408: supR3HardenedWinVerifyCacheScheduleImports: Import todo: #14 'd3d9.dll'.
b5c.1408: supR3HardenedWinVerifyCacheScheduleImports: Import todo: #17 'uiautomationcore.dll'.
b5c.1408: supR3HardenedWinVerifyCacheScheduleImports: Import todo: #18 'qt6guivbox.dll'.
b5c.1408: supR3HardenedWinVerifyCacheScheduleImports: Import todo: #19 'qt6corevbox.dll'.
b5c.1408: supR3HardenedWinVerifyCacheScheduleImports: Import todo: #21 'msvcp140.dll'.
b5c.1408: supR3HardenedWinVerifyCacheScheduleImports: Import todo: #22 'vcruntime140.dll'.
b5c.1408: supR3HardenedWinVerifyCacheScheduleImports: Import todo: #23 'vcruntime140_1.dll'.
b5c.1408: supHardenedWinVerifyImageByHandle: -> 0 (\Device\HarddiskVolume1\Program Files\Oracle\VirtualBox\platforms\qwindowsVBox.dll) WinVerifyTrust
b5c.1408: supR3HardenedWinVerifyCacheInsert: \Device\HarddiskVolume1\Program Files\Oracle\VirtualBox\platforms\qwindowsVBox.dll
b5c.1408: supR3HardenedWinVerifyCacheProcessImportTodos: Processing 'vcruntime140_1.dll'...
b5c.1408: supR3HardenedWinVerifyCacheProcessImportTodos: 'vcruntime140_1.dll' -> '\Device\HarddiskVolume1\Windows\System32\vcruntime140_1.dll' [rcNtRedir=0xc0150008]
b5c.1408: supR3HardenedWinVerifyCacheProcessImportTodos: Processing 'vcruntime140.dll'...
b5c.1408: supR3HardenedWinVerifyCacheProcessImportTodos: 'vcruntime140.dll' -> '\Device\HarddiskVolume1\Windows\System32\vcruntime140.dll' [rcNtRedir=0xc0150008]
b5c.1408: supR3HardenedWinVerifyCacheProcessImportTodos: Processing 'msvcp140.dll'...
b5c.1408: supR3HardenedWinVerifyCacheProcessImportTodos: 'msvcp140.dll' -> '\Device\HarddiskVolume1\Windows\System32\msvcp140.dll' [rcNtRedir=0xc0150008]
b5c.1408: supR3HardenedWinVerifyCacheProcessImportTodos: Processing 'qt6corevbox.dll'...
b5c.1408: supR3HardenedWinVerifyCacheProcessImportTodos: 'qt6corevbox.dll' -> '\Device\HarddiskVolume1\Program Files\Oracle\VirtualBox\qt6corevbox.dll' [rcNtRedir=0xc0150008]
b5c.1408: supR3HardenedWinVerifyCacheProcessImportTodos: Processing 'qt6guivbox.dll'...
b5c.1408: supR3HardenedWinVerifyCacheProcessImportTodos: 'qt6guivbox.dll' -> '\Device\HarddiskVolume1\Program Files\Oracle\VirtualBox\qt6guivbox.dll' [rcNtRedir=0xc0150008]
b5c.1408: supR3HardenedScreenImage/Imports: cache hit (VINF_SUCCESS) on \Device\HarddiskVolume1\Program Files\Oracle\VirtualBox\Qt6GuiVBox.dll
b5c.1408: supR3HardenedWinVerifyCacheProcessImportTodos: Processing 'uiautomationcore.dll'...
b5c.1408: supR3HardenedWinVerifyCacheProcessImportTodos: 'uiautomationcore.dll' -> '\Device\HarddiskVolume1\Windows\System32\uiautomationcore.dll' [rcNtRedir=0xc0150008]
b5c.1408: supR3HardNtViCallWinVerifyTrustCatFile: hFile=0000000000000710 pwszName=\Device\HarddiskVolume1\Windows\System32\UIAutomationCore.dll
b5c.1408: supR3HardNtViCallWinVerifyTrustCatFile: Cached context 000001d54f07e0d0
b5c.1408: supR3HardNtViCallWinVerifyTrustCatFile: hCatAdmin=000001d54f07e0d0
b5c.1408: supR3HardNtViCallWinVerifyTrustCatFile: cbHash=20 wszDigest=18F500D0D1381D45F1CEFE30AAA2B4D578DD791B
b5c.1408: supR3HardenedMonitor_LdrLoadDll: returns rcNt=0x0 hMod=00007ffb3eb20000 'C:\Windows\system32\rsaenh.dll'
b5c.1408: supR3HardenedMonitor_LdrLoadDll: returns rcNt=0x0 hMod=00007ffb40320000 'C:\Windows\System32\crypt32.dll'
b5c.1408: supR3HardNtViCallWinVerifyTrustCatFile: WinVerifyTrust => 0x0; cat='C:\Windows\system32\CatRoot\{F750E6C3-38EE-11D1-85E5-00C04FC295EE}\Microsoft-Windows-Client-Desktop-Required-Package0517~31bf3856ad364e35~amd64~~10.0.19041.6456.cat'; file='\Device\HarddiskVolume1\Windows\System32\UIAutomationCore.dll'
b5c.1408: supR3HardNtViCallWinVerifyTrustCatFile -> 0 (org 22900)
b5c.1408: supR3HardenedWinVerifyCacheScheduleImports: Import todo: #0 'msvcp_win.dll'.
b5c.1408: supR3HardenedWinVerifyCacheScheduleImports: Import todo: #5 'oleaut32.dll'.
b5c.1408: supR3HardenedWinVerifyCacheScheduleImports: Import todo: #31 'propsys.dll'.
b5c.1408: supR3HardenedWinVerifyCacheScheduleImports: Import todo: #36 'rpcrt4.dll'.
b5c.1408: supHardenedWinVerifyImageByHandle: -> 0 (\Device\HarddiskVolume1\Windows\System32\UIAutomationCore.dll) WinVerifyTrust
b5c.1408: supR3HardenedWinVerifyCacheInsert: \Device\HarddiskVolume1\Windows\System32\UIAutomationCore.dll
b5c.1408: supR3HardenedWinVerifyCacheProcessImportTodos: Processing 'd3d9.dll'...
b5c.1408: supR3HardenedWinVerifyCacheProcessImportTodos: 'd3d9.dll' -> '\Device\HarddiskVolume1\Windows\System32\d3d9.dll' [rcNtRedir=0xc0150008]
b5c.1408: supR3HardenedWinVerifyCacheProcessImportTodos: Processing 'rpcrt4.dll'...
b5c.1408: supR3HardenedWinVerifyCacheProcessImportTodos: 'rpcrt4.dll' -> '\Device\HarddiskVolume1\Windows\System32\rpcrt4.dll' [rcNtRedir=0xc0150008]
b5c.1408: supR3HardenedScreenImage/Imports: cache hit (VINF_SUCCESS) on \Device\HarddiskVolume1\Windows\System32\rpcrt4.dll
b5c.1408: supR3HardenedWinVerifyCacheProcessImportTodos: Processing 'propsys.dll'...
b5c.1408: supR3HardenedWinVerifyCacheProcessImportTodos: 'propsys.dll' -> '\Device\HarddiskVolume1\Windows\System32\propsys.dll' [rcNtRedir=0xc0150008]
b5c.1408: Detected WinVerifyTrust recursion: rc=VINF_SUCCESS '\Device\HarddiskVolume1\Windows\System32\propsys.dll'.
b5c.1408: supR3HardenedWinVerifyCacheScheduleImports: Import todo: #32 'rpcrt4.dll'.
b5c.1408: supHardenedWinVerifyImageByHandle: -> 0 (\Device\HarddiskVolume1\Windows\System32\propsys.dll)
b5c.1408: supR3HardenedWinVerifyCacheInsert: \Device\HarddiskVolume1\Windows\System32\propsys.dll
b5c.1408: supR3HardenedWinVerifyCacheProcessImportTodos: Processing 'oleaut32.dll'...
b5c.1408: supR3HardenedWinVerifyCacheProcessImportTodos: 'oleaut32.dll' -> '\Device\HarddiskVolume1\Windows\System32\oleaut32.dll' [rcNtRedir=0xc0150008]
b5c.1408: supR3HardenedScreenImage/Imports: cache hit (VINF_SUCCESS) on \Device\HarddiskVolume1\Windows\System32\oleaut32.dll
b5c.1408: supR3HardenedWinVerifyCacheProcessImportTodos: Processing 'msvcp_win.dll'...
b5c.1408: supR3HardenedWinVerifyCacheProcessImportTodos: 'msvcp_win.dll' -> '\Device\HarddiskVolume1\Windows\System32\msvcp_win.dll' [rcNtRedir=0xc0150008]
b5c.1408: supR3HardenedScreenImage/Imports: cache hit (VINF_SUCCESS) on \Device\HarddiskVolume1\Windows\System32\msvcp_win.dll
b5c.1408: supR3HardenedWinVerifyCacheProcessImportTodos: Processing 'rpcrt4.dll'...
b5c.1408: supR3HardenedWinVerifyCacheProcessImportTodos: 'rpcrt4.dll' -> '\Device\HarddiskVolume1\Windows\System32\rpcrt4.dll' [rcNtRedir=0xc0150008]
b5c.1408: supR3HardenedMonitor_LdrLoadDll: returns rcNt=0x0 hMod=00007ffb3eb20000 'C:\Windows\system32\rsaenh.dll'
b5c.1408: supR3HardenedMonitor_LdrLoadDll: returns rcNt=0x0 hMod=00007ffb40320000 'C:\Windows\System32\crypt32.dll'
b5c.1408: supR3HardenedWinVerifyCacheScheduleImports: Import todo: #0 'msvcrt.dll'.
b5c.1408: supR3HardenedWinVerifyCacheScheduleImports: Import todo: #6 'user32.dll'.
b5c.1408: supR3HardenedWinVerifyCacheScheduleImports: Import todo: #9 'win32u.dll'.
b5c.1408: supR3HardenedWinVerifyCacheScheduleImports: Import todo: #10 'gdi32.dll'.
b5c.1408: supR3HardenedWinVerifyCacheScheduleImports: Import todo: #12 'dwmapi.dll'.
b5c.1408: supHardenedWinVerifyImageByHandle: -> 0 (\Device\HarddiskVolume1\Windows\System32\d3d9.dll) WinVerifyTrust
b5c.1408: supR3HardenedWinVerifyCacheInsert: \Device\HarddiskVolume1\Windows\System32\d3d9.dll
b5c.1408: supR3HardenedWinVerifyCacheProcessImportTodos: Processing 'comdlg32.dll'...
b5c.1408: supR3HardenedWinVerifyCacheProcessImportTodos: 'comdlg32.dll' -> '\Device\HarddiskVolume1\Windows\System32\comdlg32.dll' [rcNtRedir=0xc0150008]
b5c.1408: supR3HardNtViCallWinVerifyTrustCatFile: hFile=0000000000000708 pwszName=\Device\HarddiskVolume1\Windows\System32\comdlg32.dll
b5c.1408: supR3HardNtViCallWinVerifyTrustCatFile: Cached context 000001d54f07e0d0
b5c.1408: supR3HardNtViCallWinVerifyTrustCatFile: hCatAdmin=000001d54f07e0d0
b5c.1408: supR3HardNtViCallWinVerifyTrustCatFile: cbHash=20 wszDigest=4227B44C44DD928E5F7831651DB12897D54B3045
b5c.1408: supR3HardenedWinVerifyCacheProcessImportTodos: Processing 'dwmapi.dll'...
b5c.1408: supR3HardenedWinVerifyCacheProcessImportTodos: 'dwmapi.dll' -> '\Device\HarddiskVolume1\Windows\System32\dwmapi.dll' [rcNtRedir=0xc0150008]
b5c.1408: supR3HardenedScreenImage/Imports: cache hit (VINF_SUCCESS) on \Device\HarddiskVolume1\Windows\System32\dwmapi.dll
b5c.1408: supR3HardenedWinVerifyCacheProcessImportTodos: Processing 'gdi32.dll'...
b5c.1408: supR3HardenedWinVerifyCacheProcessImportTodos: 'gdi32.dll' -> '\Device\HarddiskVolume1\Windows\System32\gdi32.dll' [rcNtRedir=0xc0150008]
b5c.1408: supR3HardenedWinVerifyCacheProcessImportTodos: Processing 'win32u.dll'...
b5c.1408: supR3HardenedWinVerifyCacheProcessImportTodos: 'win32u.dll' -> '\Device\HarddiskVolume1\Windows\System32\win32u.dll' [rcNtRedir=0xc0150008]
b5c.1408: supR3HardenedWinVerifyCacheProcessImportTodos: Processing 'user32.dll'...
b5c.1408: supR3HardenedWinVerifyCacheProcessImportTodos: 'user32.dll' -> '\Device\HarddiskVolume1\Windows\System32\user32.dll' [rcNtRedir=0xc0150008]
b5c.1408: supR3HardenedWinVerifyCacheProcessImportTodos: Processing 'msvcrt.dll'...
b5c.1408: supR3HardenedWinVerifyCacheProcessImportTodos: 'msvcrt.dll' -> '\Device\HarddiskVolume1\Windows\System32\msvcrt.dll' [rcNtRedir=0xc0150008]
b5c.1408: supR3HardenedScreenImage/Imports: cache hit (VINF_SUCCESS) on \Device\HarddiskVolume1\Windows\System32\msvcrt.dll
b5c.1408: supR3HardenedMonitor_LdrLoadDll: returns rcNt=0x0 hMod=00007ffb3eb20000 'C:\Windows\system32\rsaenh.dll'
b5c.1408: supR3HardenedMonitor_LdrLoadDll: returns rcNt=0x0 hMod=00007ffb40320000 'C:\Windows\System32\crypt32.dll'
b5c.1408: supR3HardNtViCallWinVerifyTrustCatFile: WinVerifyTrust => 0x0; cat='C:\Windows\system32\CatRoot\{F750E6C3-38EE-11D1-85E5-00C04FC295EE}\Microsoft-Windows-Client-Desktop-Required-Package0517~31bf3856ad364e35~amd64~~10.0.19041.6456.cat'; file='\Device\HarddiskVolume1\Windows\System32\comdlg32.dll'
b5c.1408: supR3HardNtViCallWinVerifyTrustCatFile -> 0 (org 22900)
b5c.1408: supR3HardenedWinVerifyCacheScheduleImports: Import todo: #0 'msvcrt.dll'.
b5c.1408: supR3HardenedWinVerifyCacheScheduleImports: Import todo: #23 'rpcrt4.dll'.
b5c.1408: supR3HardenedWinVerifyCacheScheduleImports: Import todo: #37 'user32.dll'.
b5c.1408: supR3HardenedWinVerifyCacheScheduleImports: Import todo: #55 'shlwapi.dll'.
b5c.1408: supR3HardenedWinVerifyCacheScheduleImports: Import todo: #56 'gdi32.dll'.
b5c.1408: supR3HardenedWinVerifyCacheScheduleImports: Import todo: #57 'comctl32.dll'.
b5c.1408: supR3HardenedWinVerifyCacheScheduleImports: Import todo: #58 'shell32.dll'.
b5c.1408: supHardenedWinVerifyImageByHandle: -> 0 (\Device\HarddiskVolume1\Windows\System32\comdlg32.dll) WinVerifyTrust
b5c.1408: supR3HardenedWinVerifyCacheInsert: \Device\HarddiskVolume1\Windows\System32\comdlg32.dll
b5c.1408: supR3HardenedWinVerifyCacheProcessImportTodos: Processing 'wtsapi32.dll'...
b5c.1408: supR3HardenedWinVerifyCacheProcessImportTodos: 'wtsapi32.dll' -> '\Device\HarddiskVolume1\Windows\System32\wtsapi32.dll' [rcNtRedir=0xc0150008]
b5c.1408: supR3HardenedWinVerifyCacheProcessImportTodos: Processing 'shell32.dll'...
b5c.1408: supR3HardenedWinVerifyCacheProcessImportTodos: 'shell32.dll' -> '\Device\HarddiskVolume1\Windows\System32\shell32.dll' [rcNtRedir=0xc0150008]
b5c.1408: supR3HardenedScreenImage/Imports: cache hit (VINF_SUCCESS) on \Device\HarddiskVolume1\Windows\System32\shell32.dll
b5c.1408: supR3HardenedWinVerifyCacheProcessImportTodos: Processing 'comctl32.dll'...
b5c.1408: supR3HardenedWinVerifyCacheProcessImportTodos: 'comctl32.dll' -> '\Device\HarddiskVolume1\Windows\System32\comctl32.dll' [rcNtRedir=0x0]
b5c.1408: Detected WinVerifyTrust recursion: rc=VINF_SUCCESS '\Device\HarddiskVolume1\Windows\System32\comctl32.dll'.
b5c.1408: supR3HardenedWinVerifyCacheScheduleImports: Import todo: #1 'advapi32.dll'.
b5c.1408: supR3HardenedWinVerifyCacheScheduleImports: Import todo: #2 'gdi32.dll'.
b5c.1408: supR3HardenedWinVerifyCacheScheduleImports: Import todo: #4 'user32.dll'.
b5c.1408: supHardenedWinVerifyImageByHandle: -> 0 (\Device\HarddiskVolume1\Windows\System32\comctl32.dll)
b5c.1408: supR3HardenedWinVerifyCacheInsert: \Device\HarddiskVolume1\Windows\System32\comctl32.dll
b5c.1408: supR3HardenedWinVerifyCacheProcessImportTodos: Processing 'gdi32.dll'...
b5c.1408: supR3HardenedWinVerifyCacheProcessImportTodos: 'gdi32.dll' -> '\Device\HarddiskVolume1\Windows\System32\gdi32.dll' [rcNtRedir=0xc0150008]
b5c.1408: supR3HardenedWinVerifyCacheProcessImportTodos: Processing 'shlwapi.dll'...
b5c.1408: supR3HardenedWinVerifyCacheProcessImportTodos: 'shlwapi.dll' -> '\Device\HarddiskVolume1\Windows\System32\shlwapi.dll' [rcNtRedir=0xc0150008]
b5c.1408: supR3HardenedScreenImage/Imports: cache hit (VINF_SUCCESS) on \Device\HarddiskVolume1\Windows\System32\shlwapi.dll
b5c.1408: supR3HardenedWinVerifyCacheProcessImportTodos: Processing 'user32.dll'...
b5c.1408: supR3HardenedWinVerifyCacheProcessImportTodos: 'user32.dll' -> '\Device\HarddiskVolume1\Windows\System32\user32.dll' [rcNtRedir=0xc0150008]
b5c.1408: supR3HardenedWinVerifyCacheProcessImportTodos: Processing 'rpcrt4.dll'...
b5c.1408: supR3HardenedWinVerifyCacheProcessImportTodos: 'rpcrt4.dll' -> '\Device\HarddiskVolume1\Windows\System32\rpcrt4.dll' [rcNtRedir=0xc0150008]
b5c.1408: supR3HardenedWinVerifyCacheProcessImportTodos: Processing 'msvcrt.dll'...
b5c.1408: supR3HardenedWinVerifyCacheProcessImportTodos: 'msvcrt.dll' -> '\Device\HarddiskVolume1\Windows\System32\msvcrt.dll' [rcNtRedir=0xc0150008]
b5c.1408: supR3HardenedWinVerifyCacheProcessImportTodos: Processing 'user32.dll'...
b5c.1408: supR3HardenedWinVerifyCacheProcessImportTodos: 'user32.dll' -> '\Device\HarddiskVolume1\Windows\System32\user32.dll' [rcNtRedir=0xc0150008]
b5c.1408: supR3HardenedWinVerifyCacheProcessImportTodos: Processing 'gdi32.dll'...
b5c.1408: supR3HardenedWinVerifyCacheProcessImportTodos: 'gdi32.dll' -> '\Device\HarddiskVolume1\Windows\System32\gdi32.dll' [rcNtRedir=0xc0150008]
b5c.1408: supR3HardenedWinVerifyCacheProcessImportTodos: Processing 'advapi32.dll'...
b5c.1408: supR3HardenedWinVerifyCacheProcessImportTodos: 'advapi32.dll' -> '\Device\HarddiskVolume1\Windows\System32\advapi32.dll' [rcNtRedir=0xc0150008]
b5c.1408: supR3HardenedScreenImage/Imports: cache hit (VINF_SUCCESS) on \Device\HarddiskVolume1\Windows\System32\advapi32.dll
b5c.1408: supR3HardenedMonitor_LdrLoadDll: returns rcNt=0x0 hMod=00007ffb3eb20000 'C:\Windows\system32\rsaenh.dll'
b5c.1408: supR3HardenedMonitor_LdrLoadDll: returns rcNt=0x0 hMod=00007ffb40320000 'C:\Windows\System32\crypt32.dll'
b5c.1408: supR3HardenedWinVerifyCacheScheduleImports: Import todo: #0 'msvcrt.dll'.
b5c.1408: supHardenedWinVerifyImageByHandle: -> 0 (\Device\HarddiskVolume1\Windows\System32\wtsapi32.dll) WinVerifyTrust
b5c.1408: supR3HardenedWinVerifyCacheInsert: \Device\HarddiskVolume1\Windows\System32\wtsapi32.dll
b5c.1408: supR3HardenedWinVerifyCacheProcessImportTodos: Processing 'winmm.dll'...
b5c.1408: supR3HardenedWinVerifyCacheProcessImportTodos: 'winmm.dll' -> '\Device\HarddiskVolume1\Windows\System32\winmm.dll' [rcNtRedir=0xc0150008]
b5c.1408: supR3HardenedScreenImage/Imports: cache hit (VINF_SUCCESS) on \Device\HarddiskVolume1\Windows\System32\winmm.dll
b5c.1408: supR3HardenedWinVerifyCacheProcessImportTodos: Processing 'user32.dll'...
b5c.1408: supR3HardenedWinVerifyCacheProcessImportTodos: 'user32.dll' -> '\Device\HarddiskVolume1\Windows\System32\user32.dll' [rcNtRedir=0xc0150008]
b5c.1408: supR3HardenedWinVerifyCacheProcessImportTodos: Processing 'shlwapi.dll'...
b5c.1408: supR3HardenedWinVerifyCacheProcessImportTodos: 'shlwapi.dll' -> '\Device\HarddiskVolume1\Windows\System32\shlwapi.dll' [rcNtRedir=0xc0150008]
b5c.1408: supR3HardenedScreenImage/Imports: cache hit (VINF_SUCCESS) on \Device\HarddiskVolume1\Windows\System32\shlwapi.dll
b5c.1408: supR3HardenedWinVerifyCacheProcessImportTodos: Processing 'shell32.dll'...
b5c.1408: supR3HardenedWinVerifyCacheProcessImportTodos: 'shell32.dll' -> '\Device\HarddiskVolume1\Windows\System32\shell32.dll' [rcNtRedir=0xc0150008]
b5c.1408: supR3HardenedScreenImage/Imports: cache hit (VINF_SUCCESS) on \Device\HarddiskVolume1\Windows\System32\shell32.dll
b5c.1408: supR3HardenedWinVerifyCacheProcessImportTodos: Processing 'setupapi.dll'...
b5c.1408: supR3HardenedWinVerifyCacheProcessImportTodos: 'setupapi.dll' -> '\Device\HarddiskVolume1\Windows\System32\setupapi.dll' [rcNtRedir=0xc0150008]
b5c.1408: supR3HardenedWinVerifyCacheProcessImportTodos: Processing 'msvcrt.dll'...
b5c.1408: supR3HardenedWinVerifyCacheProcessImportTodos: 'msvcrt.dll' -> '\Device\HarddiskVolume1\Windows\System32\msvcrt.dll' [rcNtRedir=0xc0150008]
b5c.1408: supR3HardenedMonitor_LdrLoadDll: returns rcNt=0x0 hMod=00007ffb3eb20000 'C:\Windows\system32\rsaenh.dll'
b5c.1408: supR3HardenedMonitor_LdrLoadDll: returns rcNt=0x0 hMod=00007ffb40320000 'C:\Windows\System32\crypt32.dll'
b5c.1408: supR3HardenedWinVerifyCacheScheduleImports: Import todo: #0 'msvcrt.dll'.
b5c.1408: supR3HardenedWinVerifyCacheScheduleImports: Import todo: #28 'rpcrt4.dll'.
b5c.1408: supR3HardenedWinVerifyCacheScheduleImports: Import todo: #35 'cfgmgr32.dll'.
b5c.1408: supR3HardenedWinVerifyCacheScheduleImports: Import todo: #41 'bcrypt.dll'.
b5c.1408: supHardenedWinVerifyImageByHandle: -> 0 (\Device\HarddiskVolume1\Windows\System32\setupapi.dll) WinVerifyTrust
b5c.1408: supR3HardenedWinVerifyCacheInsert: \Device\HarddiskVolume1\Windows\System32\setupapi.dll
b5c.1408: supR3HardenedWinVerifyCacheProcessImportTodos: Processing 'oleaut32.dll'...
b5c.1408: supR3HardenedWinVerifyCacheProcessImportTodos: 'oleaut32.dll' -> '\Device\HarddiskVolume1\Windows\System32\oleaut32.dll' [rcNtRedir=0xc0150008]
b5c.1408: supR3HardenedScreenImage/Imports: cache hit (VINF_SUCCESS) on \Device\HarddiskVolume1\Windows\System32\oleaut32.dll
b5c.1408: supR3HardenedWinVerifyCacheProcessImportTodos: Processing 'ole32.dll'...
b5c.1408: supR3HardenedWinVerifyCacheProcessImportTodos: 'ole32.dll' -> '\Device\HarddiskVolume1\Windows\System32\ole32.dll' [rcNtRedir=0xc0150008]
b5c.1408: supR3HardenedScreenImage/Imports: cache hit (VINF_SUCCESS) on \Device\HarddiskVolume1\Windows\System32\ole32.dll
b5c.1408: supR3HardenedWinVerifyCacheProcessImportTodos: Processing 'imm32.dll'...
b5c.1408: supR3HardenedWinVerifyCacheProcessImportTodos: 'imm32.dll' -> '\Device\HarddiskVolume1\Windows\System32\imm32.dll' [rcNtRedir=0xc0150008]
b5c.1408: supR3HardenedScreenImage/Imports: cache hit (VINF_SUCCESS) on \Device\HarddiskVolume1\Windows\System32\imm32.dll
b5c.1408: supR3HardenedWinVerifyCacheProcessImportTodos: Processing 'gdi32.dll'...
b5c.1408: supR3HardenedWinVerifyCacheProcessImportTodos: 'gdi32.dll' -> '\Device\HarddiskVolume1\Windows\System32\gdi32.dll' [rcNtRedir=0xc0150008]
b5c.1408: supR3HardenedWinVerifyCacheProcessImportTodos: Processing 'dwmapi.dll'...
b5c.1408: supR3HardenedWinVerifyCacheProcessImportTodos: 'dwmapi.dll' -> '\Device\HarddiskVolume1\Windows\System32\dwmapi.dll' [rcNtRedir=0xc0150008]
b5c.1408: supR3HardenedScreenImage/Imports: cache hit (VINF_SUCCESS) on \Device\HarddiskVolume1\Windows\System32\dwmapi.dll
b5c.1408: supR3HardenedWinVerifyCacheProcessImportTodos: Processing 'advapi32.dll'...
b5c.1408: supR3HardenedWinVerifyCacheProcessImportTodos: 'advapi32.dll' -> '\Device\HarddiskVolume1\Windows\System32\advapi32.dll' [rcNtRedir=0xc0150008]
b5c.1408: supR3HardenedScreenImage/Imports: cache hit (VINF_SUCCESS) on \Device\HarddiskVolume1\Windows\System32\advapi32.dll
b5c.1408: supR3HardenedWinVerifyCacheProcessImportTodos: Processing 'bcrypt.dll'...
b5c.1408: supR3HardenedWinVerifyCacheProcessImportTodos: 'bcrypt.dll' -> '\Device\HarddiskVolume1\Windows\System32\bcrypt.dll' [rcNtRedir=0xc0150008]
b5c.1408: supR3HardenedScreenImage/Imports: cache hit (VINF_SUCCESS) on \Device\HarddiskVolume1\Windows\System32\bcrypt.dll
b5c.1408: supR3HardenedWinVerifyCacheProcessImportTodos: Processing 'cfgmgr32.dll'...
b5c.1408: supR3HardenedWinVerifyCacheProcessImportTodos: 'cfgmgr32.dll' -> '\Device\HarddiskVolume1\Windows\System32\cfgmgr32.dll' [rcNtRedir=0xc0150008]
b5c.1408: supR3HardenedMonitor_LdrLoadDll: returns rcNt=0x0 hMod=00007ffb3eb20000 'C:\Windows\system32\rsaenh.dll'
b5c.1408: supR3HardenedMonitor_LdrLoadDll: returns rcNt=0x0 hMod=00007ffb40320000 'C:\Windows\System32\crypt32.dll'
b5c.1408: supHardenedWinVerifyImageByHandle: -> 0 (\Device\HarddiskVolume1\Windows\System32\cfgmgr32.dll) WinVerifyTrust
b5c.1408: supR3HardenedWinVerifyCacheInsert: \Device\HarddiskVolume1\Windows\System32\cfgmgr32.dll
b5c.1408: supR3HardenedWinVerifyCacheProcessImportTodos: Processing 'rpcrt4.dll'...
b5c.1408: supR3HardenedWinVerifyCacheProcessImportTodos: 'rpcrt4.dll' -> '\Device\HarddiskVolume1\Windows\System32\rpcrt4.dll' [rcNtRedir=0xc0150008]
b5c.1408: supR3HardenedWinVerifyCacheProcessImportTodos: Processing 'msvcrt.dll'...
b5c.1408: supR3HardenedWinVerifyCacheProcessImportTodos: 'msvcrt.dll' -> '\Device\HarddiskVolume1\Windows\System32\msvcrt.dll' [rcNtRedir=0xc0150008]
b5c.1408: supR3HardenedMonitor_LdrLoadDll: pName=C:\Program Files\Oracle\VirtualBox\platforms\qwindowsVBox.dll (rcNtResolve=0xc0150008) *pfFlags=0x0 pwszSearchPath=0000000000000001:<flags> [calling]
b5c.1408: supR3HardenedScreenImage/NtCreateSection: cache hit (VINF_SUCCESS) on \Device\HarddiskVolume1\Program Files\Oracle\VirtualBox\platforms\qwindowsVBox.dll
b5c.1408: supR3HardenedScreenImage/NtCreateSection: cache hit (VINF_SUCCESS) on \Device\HarddiskVolume1\Windows\System32\wtsapi32.dll
b5c.1408: supR3HardenedWinVerifyCacheScheduleImports: Import todo: #1 'advapi32.dll'.
b5c.1408: supR3HardenedWinVerifyCacheScheduleImports: Import todo: #2 'gdi32.dll'.
b5c.1408: supR3HardenedWinVerifyCacheScheduleImports: Import todo: #4 'user32.dll'.
b5c.1408: supHardenedWinVerifyImageByHandle: -> 0 (\Device\HarddiskVolume1\Windows\WinSxS\amd64_microsoft.windows.common-controls_6595b64144ccf1df_5.82.19041.6280_none_792d7c952443c49a\comctl32.dll)
b5c.1408: supR3HardenedWinVerifyCacheInsert: \Device\HarddiskVolume1\Windows\WinSxS\amd64_microsoft.windows.common-controls_6595b64144ccf1df_5.82.19041.6280_none_792d7c952443c49a\comctl32.dll
b5c.1408: supR3HardenedScreenImage/NtCreateSection: cache hit (VINF_SUCCESS) on \Device\HarddiskVolume1\Windows\System32\d3d9.dll
b5c.1408: supR3HardenedScreenImage/NtCreateSection: cache hit (VINF_SUCCESS) on \Device\HarddiskVolume1\Windows\System32\UIAutomationCore.dll
b5c.1408: supR3HardenedScreenImage/NtCreateSection: cache hit (VINF_SUCCESS) on \Device\HarddiskVolume1\Windows\System32\propsys.dll [avoiding WinVerifyTrust]
b5c.1408: supR3HardenedDllNotificationCallback: load   00007ffb3ff20000 LB 0x0004e000 C:\Windows\System32\cfgmgr32.dll [fFlags=0x0]
b5c.1408: supR3HardenedScreenImage/LdrLoadDll: cache hit (VINF_SUCCESS) on \Device\HarddiskVolume1\Windows\System32\cfgmgr32.dll
b5c.1408: supR3HardenedDllNotificationCallback: load   00007ffb40710000 LB 0x00470000 C:\Windows\System32\SETUPAPI.dll [fFlags=0x0]
b5c.1408: supR3HardenedScreenImage/LdrLoadDll: cache hit (VINF_SUCCESS) on \Device\HarddiskVolume1\Windows\System32\setupapi.dll
b5c.1408: supR3HardenedDllNotificationCallback: load   00007ffb3b1d0000 LB 0x00014000 C:\Windows\SYSTEM32\WTSAPI32.dll [fFlags=0x0]
b5c.1408: supR3HardenedScreenImage/LdrLoadDll: cache hit (VINF_SUCCESS) on \Device\HarddiskVolume1\Windows\System32\wtsapi32.dll
b5c.1408: supR3HardenedDllNotificationCallback: load   00007ffb26760000 LB 0x000b0000 C:\Windows\WinSxS\amd64_microsoft.windows.common-controls_6595b64144ccf1df_5.82.19041.6280_none_792d7c952443c49a\COMCTL32.dll [fFlags=0x0]
b5c.1408: supR3HardenedScreenImage/LdrLoadDll: cache hit (VINF_SUCCESS) on \Device\HarddiskVolume1\Windows\WinSxS\amd64_microsoft.windows.common-controls_6595b64144ccf1df_5.82.19041.6280_none_792d7c952443c49a\comctl32.dll [avoiding WinVerifyTrust]
b5c.1408: supR3HardenedDllNotificationCallback: load   00007ffb41c00000 LB 0x000da000 C:\Windows\System32\COMDLG32.dll [fFlags=0x0]
b5c.1408: supR3HardenedScreenImage/LdrLoadDll: cache hit (VINF_SUCCESS) on \Device\HarddiskVolume1\Windows\System32\comdlg32.dll
b5c.1408: supR3HardenedDllNotificationCallback: load   00007ffb09c50000 LB 0x001d1000 C:\Windows\SYSTEM32\d3d9.dll [fFlags=0x0]
b5c.1408: supR3HardenedScreenImage/LdrLoadDll: cache hit (VINF_SUCCESS) on \Device\HarddiskVolume1\Windows\System32\d3d9.dll
b5c.1408: supR3HardenedDllNotificationCallback: load   00007ffb3ad30000 LB 0x000f4000 C:\Windows\SYSTEM32\PROPSYS.dll [fFlags=0x0]
b5c.1408: supR3HardenedScreenImage/LdrLoadDll: cache hit (VINF_SUCCESS) on \Device\HarddiskVolume1\Windows\System32\propsys.dll [avoiding WinVerifyTrust]
b5c.1408: supR3HardenedDllNotificationCallback: load   00007ffaefb30000 LB 0x002f4000 C:\Windows\SYSTEM32\UIAutomationCore.DLL [fFlags=0x0]
b5c.1408: supR3HardenedScreenImage/LdrLoadDll: cache hit (VINF_SUCCESS) on \Device\HarddiskVolume1\Windows\System32\UIAutomationCore.dll
b5c.1408: supR3HardenedDllNotificationCallback: load   00007ffae3fa0000 LB 0x000db000 C:\Program Files\Oracle\VirtualBox\platforms\qwindowsVBox.dll [fFlags=0x0]
b5c.1408: supR3HardenedScreenImage/LdrLoadDll: cache hit (VINF_SUCCESS) on \Device\HarddiskVolume1\Program Files\Oracle\VirtualBox\platforms\qwindowsVBox.dll
b5c.1408: Detected loader lock ownership: rc=VINF_SUCCESS '\Device\HarddiskVolume1\Windows\WinSxS\amd64_microsoft.windows.common-controls_6595b64144ccf1df_5.82.19041.6280_none_792d7c952443c49a\comctl32.dll'.
b5c.1408: supR3HardenedWinVerifyCacheProcessWvtTodos: 0 (was 0) fWinVerifyTrust=0 for '\Device\HarddiskVolume1\Windows\WinSxS\amd64_microsoft.windows.common-controls_6595b64144ccf1df_5.82.19041.6280_none_792d7c952443c49a\comctl32.dll' [rescheduled]
b5c.1408: Detected loader lock ownership: rc=VINF_SUCCESS '\Device\HarddiskVolume1\Windows\System32\comctl32.dll'.
b5c.1408: supR3HardenedWinVerifyCacheProcessWvtTodos: 0 (was 0) fWinVerifyTrust=0 for '\Device\HarddiskVolume1\Windows\System32\comctl32.dll' [rescheduled]
b5c.1408: Detected loader lock ownership: rc=VINF_SUCCESS '\Device\HarddiskVolume1\Windows\System32\propsys.dll'.
b5c.1408: supR3HardenedWinVerifyCacheProcessWvtTodos: 0 (was 0) fWinVerifyTrust=0 for '\Device\HarddiskVolume1\Windows\System32\propsys.dll' [rescheduled]
b5c.1408: supR3HardenedScreenImage/LdrLoadDll: cache hit (VINF_SUCCESS) on \Device\HarddiskVolume1\Windows\System32\imm32.dll
b5c.1408: supR3HardenedWinVerifyCacheProcessImportTodos: Processing 'user32.dll'...
b5c.1408: supR3HardenedWinVerifyCacheProcessImportTodos: 'user32.dll' -> '\Device\HarddiskVolume1\Windows\System32\user32.dll' [rcNtRedir=0xc0150008]
b5c.1408: supR3HardenedScreenImage/Imports: cache hit (VINF_SUCCESS) on \Device\HarddiskVolume1\Windows\System32\user32.dll
b5c.1408: supR3HardenedWinVerifyCacheProcessImportTodos: Processing 'gdi32.dll'...
b5c.1408: supR3HardenedWinVerifyCacheProcessImportTodos: 'gdi32.dll' -> '\Device\HarddiskVolume1\Windows\System32\gdi32.dll' [rcNtRedir=0xc0150008]
b5c.1408: supR3HardenedScreenImage/Imports: cache hit (VINF_SUCCESS) on \Device\HarddiskVolume1\Windows\System32\gdi32.dll
b5c.1408: supR3HardenedWinVerifyCacheProcessImportTodos: Processing 'advapi32.dll'...
b5c.1408: supR3HardenedWinVerifyCacheProcessImportTodos: 'advapi32.dll' -> '\Device\HarddiskVolume1\Windows\System32\advapi32.dll' [rcNtRedir=0xc0150008]
b5c.1408: supR3HardenedScreenImage/Imports: cache hit (VINF_SUCCESS) on \Device\HarddiskVolume1\Windows\System32\advapi32.dll
b5c.1408: supR3HardenedMonitor_LdrLoadDll: pName=C:\Windows\System32\imm32.dll (Input=imm32.dll, rcNtResolve=0xc0150008) *pfFlags=0x0 pwszSearchPath=0000000000000001:<flags> [calling]
b5c.1408: supR3HardenedMonitor_LdrLoadDll: returns rcNt=0x0 hMod=00007ffb41270000 'C:\Windows\System32\imm32.dll'
b5c.1408: Detected loader lock ownership: rc=VINF_SUCCESS '\Device\HarddiskVolume1\Windows\WinSxS\amd64_microsoft.windows.common-controls_6595b64144ccf1df_5.82.19041.6280_none_792d7c952443c49a\comctl32.dll'.
b5c.1408: supR3HardenedWinVerifyCacheProcessWvtTodos: 0 (was 0) fWinVerifyTrust=0 for '\Device\HarddiskVolume1\Windows\WinSxS\amd64_microsoft.windows.common-controls_6595b64144ccf1df_5.82.19041.6280_none_792d7c952443c49a\comctl32.dll' [rescheduled]
b5c.1408: Detected loader lock ownership: rc=VINF_SUCCESS '\Device\HarddiskVolume1\Windows\System32\comctl32.dll'.
b5c.1408: supR3HardenedWinVerifyCacheProcessWvtTodos: 0 (was 0) fWinVerifyTrust=0 for '\Device\HarddiskVolume1\Windows\System32\comctl32.dll' [rescheduled]
b5c.1408: Detected loader lock ownership: rc=VINF_SUCCESS '\Device\HarddiskVolume1\Windows\System32\propsys.dll'.
b5c.1408: supR3HardenedWinVerifyCacheProcessWvtTodos: 0 (was 0) fWinVerifyTrust=0 for '\Device\HarddiskVolume1\Windows\System32\propsys.dll' [rescheduled]
b5c.1408: supR3HardenedMonitor_LdrLoadDll: returns rcNt=0x0 hMod=00007ffae3fa0000 'C:\Program Files\Oracle\VirtualBox\platforms\qwindowsVBox.dll'
b5c.1408: supR3HardenedMonitor_LdrLoadDll: returns rcNt=0x0 hMod=00007ffb3eb20000 'C:\Windows\system32\rsaenh.dll'
b5c.1408: supR3HardenedMonitor_LdrLoadDll: returns rcNt=0x0 hMod=00007ffb40320000 'C:\Windows\System32\crypt32.dll'
b5c.1408: supR3HardenedWinVerifyCacheProcessWvtTodos: 0 (was 0) fWinVerifyTrust=1 for '\Device\HarddiskVolume1\Windows\WinSxS\amd64_microsoft.windows.common-controls_6595b64144ccf1df_5.82.19041.6280_none_792d7c952443c49a\comctl32.dll'
b5c.1408: supR3HardenedMonitor_LdrLoadDll: returns rcNt=0x0 hMod=00007ffb3eb20000 'C:\Windows\system32\rsaenh.dll'
b5c.1408: supR3HardenedMonitor_LdrLoadDll: returns rcNt=0x0 hMod=00007ffb40320000 'C:\Windows\System32\crypt32.dll'
b5c.1408: supR3HardenedWinVerifyCacheProcessWvtTodos: 0 (was 0) fWinVerifyTrust=1 for '\Device\HarddiskVolume1\Windows\System32\comctl32.dll'
b5c.1408: supR3HardenedMonitor_LdrLoadDll: returns rcNt=0x0 hMod=00007ffb3eb20000 'C:\Windows\system32\rsaenh.dll'
b5c.1408: supR3HardenedMonitor_LdrLoadDll: returns rcNt=0x0 hMod=00007ffb40320000 'C:\Windows\System32\crypt32.dll'
b5c.1408: supR3HardenedWinVerifyCacheProcessWvtTodos: 0 (was 0) fWinVerifyTrust=1 for '\Device\HarddiskVolume1\Windows\System32\propsys.dll'
b5c.1408: supR3HardenedScreenImage/LdrLoadDll: cache hit (VINF_SUCCESS) on \Device\HarddiskVolume1\Windows\System32\uxtheme.dll
b5c.1408: supR3HardenedMonitor_LdrLoadDll: pName=C:\Windows\system32\uxtheme.dll (rcNtResolve=0xc0150008) *pfFlags=0x0 pwszSearchPath=0000000000000009:<flags> [calling]
b5c.1408: supR3HardenedMonitor_LdrLoadDll: returns rcNt=0x0 hMod=00007ffb3d480000 'C:\Windows\system32\uxtheme.dll'
b5c.1408: supR3HardenedWinVerifyCacheScheduleImports: Import todo: #12 'rpcrt4.dll'.
b5c.1408: supHardenedWinVerifyImageByHandle: -> 0 (\Device\HarddiskVolume1\Windows\System32\powrprof.dll)
b5c.1408: supR3HardenedWinVerifyCacheInsert: \Device\HarddiskVolume1\Windows\System32\powrprof.dll
b5c.1408: supR3HardenedDllNotificationCallback: load   00007ffb3f020000 LB 0x0004b000 C:\Windows\SYSTEM32\powrprof.dll [fFlags=0x0]
b5c.1408: supR3HardenedScreenImage/LdrLoadDll: cache hit (VINF_SUCCESS) on \Device\HarddiskVolume1\Windows\System32\powrprof.dll [avoiding WinVerifyTrust]
b5c.1408: supHardenedWinVerifyImageByHandle: -> 0 (\Device\HarddiskVolume1\Windows\System32\umpdc.dll)
b5c.1408: supR3HardenedWinVerifyCacheInsert: \Device\HarddiskVolume1\Windows\System32\umpdc.dll
b5c.1408: supR3HardenedDllNotificationCallback: load   00007ffb3eee0000 LB 0x00012000 C:\Windows\SYSTEM32\UMPDC.dll [fFlags=0x0]
b5c.1408: supR3HardenedScreenImage/LdrLoadDll: cache hit (VINF_SUCCESS) on \Device\HarddiskVolume1\Windows\System32\umpdc.dll [avoiding WinVerifyTrust]
b5c.1408: supR3HardenedDllNotificationCallback: load   00007ffb40e90000 LB 0x00115000 C:\Windows\System32\MSCTF.dll [fFlags=0x0]
b5c.1408: supR3HardenedWinVerifyCacheScheduleImports: Import todo: #0 'msvcrt.dll'.
b5c.1408: supR3HardenedWinVerifyCacheScheduleImports: Import todo: #10 'oleaut32.dll'.
b5c.1408: supR3HardenedWinVerifyCacheScheduleImports: Import todo: #37 'user32.dll'.
b5c.1408: supR3HardenedWinVerifyCacheScheduleImports: Import todo: #38 'gdi32.dll'.
b5c.1408: supR3HardenedWinVerifyCacheScheduleImports: Import todo: #39 'imm32.dll'.
b5c.1408: supHardenedWinVerifyImageByHandle: -> 0 (\Device\HarddiskVolume1\Windows\System32\msctf.dll)
b5c.1408: supR3HardenedWinVerifyCacheInsert: \Device\HarddiskVolume1\Windows\System32\msctf.dll
b5c.1408: supR3HardenedWinVerifyCacheScheduleImports: Import todo: #18 'cfgmgr32.dll'.
b5c.1408: supHardenedWinVerifyImageByHandle: -> 0 (\Device\HarddiskVolume1\Windows\System32\devobj.dll)
b5c.1408: supR3HardenedWinVerifyCacheInsert: \Device\HarddiskVolume1\Windows\System32\devobj.dll
b5c.1408: supR3HardenedDllNotificationCallback: load   00007ffb3f8b0000 LB 0x00033000 C:\Windows\SYSTEM32\DEVOBJ.dll [fFlags=0x0]
b5c.1408: supR3HardenedScreenImage/LdrLoadDll: cache hit (VINF_SUCCESS) on \Device\HarddiskVolume1\Windows\System32\devobj.dll [avoiding WinVerifyTrust]
b5c.1408: supR3HardenedWinVerifyCacheProcessImportTodos: Processing 'cfgmgr32.dll'...
b5c.1408: supR3HardenedWinVerifyCacheProcessImportTodos: 'cfgmgr32.dll' -> '\Device\HarddiskVolume1\Windows\System32\cfgmgr32.dll' [rcNtRedir=0xc0150008]
b5c.1408: supR3HardenedScreenImage/Imports: cache hit (VINF_SUCCESS) on \Device\HarddiskVolume1\Windows\System32\cfgmgr32.dll
b5c.1408: supR3HardenedWinVerifyCacheProcessImportTodos: Processing 'imm32.dll'...
b5c.1408: supR3HardenedWinVerifyCacheProcessImportTodos: 'imm32.dll' -> '\Device\HarddiskVolume1\Windows\System32\imm32.dll' [rcNtRedir=0xc0150008]
b5c.1408: supR3HardenedScreenImage/Imports: cache hit (VINF_SUCCESS) on \Device\HarddiskVolume1\Windows\System32\imm32.dll
b5c.1408: supR3HardenedWinVerifyCacheProcessImportTodos: Processing 'gdi32.dll'...
b5c.1408: supR3HardenedWinVerifyCacheProcessImportTodos: 'gdi32.dll' -> '\Device\HarddiskVolume1\Windows\System32\gdi32.dll' [rcNtRedir=0xc0150008]
b5c.1408: supR3HardenedWinVerifyCacheProcessImportTodos: Processing 'user32.dll'...
b5c.1408: supR3HardenedWinVerifyCacheProcessImportTodos: 'user32.dll' -> '\Device\HarddiskVolume1\Windows\System32\user32.dll' [rcNtRedir=0xc0150008]
b5c.1408: supR3HardenedWinVerifyCacheProcessImportTodos: Processing 'oleaut32.dll'...
b5c.1408: supR3HardenedWinVerifyCacheProcessImportTodos: 'oleaut32.dll' -> '\Device\HarddiskVolume1\Windows\System32\oleaut32.dll' [rcNtRedir=0xc0150008]
b5c.1408: supR3HardenedScreenImage/Imports: cache hit (VINF_SUCCESS) on \Device\HarddiskVolume1\Windows\System32\oleaut32.dll
b5c.1408: supR3HardenedWinVerifyCacheProcessImportTodos: Processing 'msvcrt.dll'...
b5c.1408: supR3HardenedWinVerifyCacheProcessImportTodos: 'msvcrt.dll' -> '\Device\HarddiskVolume1\Windows\System32\msvcrt.dll' [rcNtRedir=0xc0150008]
b5c.1408: supR3HardenedWinVerifyCacheProcessImportTodos: Processing 'rpcrt4.dll'...
b5c.1408: supR3HardenedWinVerifyCacheProcessImportTodos: 'rpcrt4.dll' -> '\Device\HarddiskVolume1\Windows\System32\rpcrt4.dll' [rcNtRedir=0xc0150008]
b5c.1408: supR3HardenedMonitor_LdrLoadDll: returns rcNt=0x0 hMod=00007ffb3eb20000 'C:\Windows\system32\rsaenh.dll'
b5c.1408: supR3HardenedMonitor_LdrLoadDll: returns rcNt=0x0 hMod=00007ffb40320000 'C:\Windows\System32\crypt32.dll'
b5c.1408: supR3HardenedWinVerifyCacheProcessWvtTodos: 0 (was 0) fWinVerifyTrust=1 for '\Device\HarddiskVolume1\Windows\System32\devobj.dll'
b5c.1408: supR3HardenedMonitor_LdrLoadDll: returns rcNt=0x0 hMod=00007ffb3eb20000 'C:\Windows\system32\rsaenh.dll'
b5c.1408: supR3HardenedMonitor_LdrLoadDll: returns rcNt=0x0 hMod=00007ffb40320000 'C:\Windows\System32\crypt32.dll'
b5c.1408: supR3HardenedWinVerifyCacheProcessWvtTodos: 0 (was 0) fWinVerifyTrust=1 for '\Device\HarddiskVolume1\Windows\System32\msctf.dll'
b5c.1408: supR3HardenedMonitor_LdrLoadDll: returns rcNt=0x0 hMod=00007ffb3eb20000 'C:\Windows\system32\rsaenh.dll'
b5c.1408: supR3HardenedMonitor_LdrLoadDll: returns rcNt=0x0 hMod=00007ffb40320000 'C:\Windows\System32\crypt32.dll'
b5c.1408: supR3HardenedWinVerifyCacheProcessWvtTodos: 0 (was 0) fWinVerifyTrust=1 for '\Device\HarddiskVolume1\Windows\System32\umpdc.dll'
b5c.1408: supR3HardenedMonitor_LdrLoadDll: returns rcNt=0x0 hMod=00007ffb3eb20000 'C:\Windows\system32\rsaenh.dll'
b5c.1408: supR3HardenedMonitor_LdrLoadDll: returns rcNt=0x0 hMod=00007ffb40320000 'C:\Windows\System32\crypt32.dll'
b5c.1408: supR3HardenedWinVerifyCacheProcessWvtTodos: 0 (was 0) fWinVerifyTrust=1 for '\Device\HarddiskVolume1\Windows\System32\powrprof.dll'
b5c.1408: supR3HardenedMonitor_LdrLoadDll: returns rcNt=0x0 hMod=00007ffb3eb20000 'C:\Windows\system32\rsaenh.dll'
b5c.1408: supR3HardenedMonitor_LdrLoadDll: returns rcNt=0x0 hMod=00007ffb40320000 'C:\Windows\System32\crypt32.dll'
b5c.1408: supR3HardenedWinVerifyCacheScheduleImports: Import todo: #0 'gdi32.dll'.
b5c.1408: supR3HardenedWinVerifyCacheScheduleImports: Import todo: #1 'user32.dll'.
b5c.1408: supR3HardenedWinVerifyCacheScheduleImports: Import todo: #2 'uxtheme.dll'.
b5c.1408: supR3HardenedWinVerifyCacheScheduleImports: Import todo: #3 'qt6widgetsvbox.dll'.
b5c.1408: supR3HardenedWinVerifyCacheScheduleImports: Import todo: #4 'qt6guivbox.dll'.
b5c.1408: supR3HardenedWinVerifyCacheScheduleImports: Import todo: #5 'qt6corevbox.dll'.
b5c.1408: supR3HardenedWinVerifyCacheScheduleImports: Import todo: #7 'msvcp140.dll'.
b5c.1408: supR3HardenedWinVerifyCacheScheduleImports: Import todo: #8 'vcruntime140.dll'.
b5c.1408: supHardenedWinVerifyImageByHandle: -> 0 (\Device\HarddiskVolume1\Program Files\Oracle\VirtualBox\styles\qmodernwindowsstyleVBox.dll) WinVerifyTrust
b5c.1408: supR3HardenedWinVerifyCacheInsert: \Device\HarddiskVolume1\Program Files\Oracle\VirtualBox\styles\qmodernwindowsstyleVBox.dll
b5c.1408: supR3HardenedWinVerifyCacheProcessImportTodos: Processing 'vcruntime140.dll'...
b5c.1408: supR3HardenedWinVerifyCacheProcessImportTodos: 'vcruntime140.dll' -> '\Device\HarddiskVolume1\Windows\System32\vcruntime140.dll' [rcNtRedir=0xc0150008]
b5c.1408: supR3HardenedWinVerifyCacheProcessImportTodos: Processing 'msvcp140.dll'...
b5c.1408: supR3HardenedWinVerifyCacheProcessImportTodos: 'msvcp140.dll' -> '\Device\HarddiskVolume1\Windows\System32\msvcp140.dll' [rcNtRedir=0xc0150008]
b5c.1408: supR3HardenedWinVerifyCacheProcessImportTodos: Processing 'qt6corevbox.dll'...
b5c.1408: supR3HardenedWinVerifyCacheProcessImportTodos: 'qt6corevbox.dll' -> '\Device\HarddiskVolume1\Program Files\Oracle\VirtualBox\qt6corevbox.dll' [rcNtRedir=0xc0150008]
b5c.1408: supR3HardenedWinVerifyCacheProcessImportTodos: Processing 'qt6guivbox.dll'...
b5c.1408: supR3HardenedWinVerifyCacheProcessImportTodos: 'qt6guivbox.dll' -> '\Device\HarddiskVolume1\Program Files\Oracle\VirtualBox\qt6guivbox.dll' [rcNtRedir=0xc0150008]
b5c.1408: supR3HardenedScreenImage/Imports: cache hit (VINF_SUCCESS) on \Device\HarddiskVolume1\Program Files\Oracle\VirtualBox\Qt6GuiVBox.dll
b5c.1408: supR3HardenedWinVerifyCacheProcessImportTodos: Processing 'qt6widgetsvbox.dll'...
b5c.1408: supR3HardenedWinVerifyCacheProcessImportTodos: 'qt6widgetsvbox.dll' -> '\Device\HarddiskVolume1\Program Files\Oracle\VirtualBox\qt6widgetsvbox.dll' [rcNtRedir=0xc0150008]
b5c.1408: supR3HardenedScreenImage/Imports: cache hit (VINF_SUCCESS) on \Device\HarddiskVolume1\Program Files\Oracle\VirtualBox\Qt6WidgetsVBox.dll
b5c.1408: supR3HardenedWinVerifyCacheProcessImportTodos: Processing 'uxtheme.dll'...
b5c.1408: supR3HardenedWinVerifyCacheProcessImportTodos: 'uxtheme.dll' -> '\Device\HarddiskVolume1\Windows\System32\uxtheme.dll' [rcNtRedir=0xc0150008]
b5c.1408: supR3HardenedScreenImage/Imports: cache hit (VINF_SUCCESS) on \Device\HarddiskVolume1\Windows\System32\uxtheme.dll
b5c.1408: supR3HardenedWinVerifyCacheProcessImportTodos: Processing 'user32.dll'...
b5c.1408: supR3HardenedWinVerifyCacheProcessImportTodos: 'user32.dll' -> '\Device\HarddiskVolume1\Windows\System32\user32.dll' [rcNtRedir=0xc0150008]
b5c.1408: supR3HardenedWinVerifyCacheProcessImportTodos: Processing 'gdi32.dll'...
b5c.1408: supR3HardenedWinVerifyCacheProcessImportTodos: 'gdi32.dll' -> '\Device\HarddiskVolume1\Windows\System32\gdi32.dll' [rcNtRedir=0xc0150008]
b5c.1408: supR3HardenedMonitor_LdrLoadDll: pName=C:\Program Files\Oracle\VirtualBox\styles\qmodernwindowsstyleVBox.dll (rcNtResolve=0xc0150008) *pfFlags=0x0 pwszSearchPath=0000000000000001:<flags> [calling]
b5c.1408: supR3HardenedScreenImage/NtCreateSection: cache hit (VINF_SUCCESS) on \Device\HarddiskVolume1\Program Files\Oracle\VirtualBox\styles\qmodernwindowsstyleVBox.dll
b5c.1408: supR3HardenedDllNotificationCallback: load   00007ffb06060000 LB 0x00036000 C:\Program Files\Oracle\VirtualBox\styles\qmodernwindowsstyleVBox.dll [fFlags=0x0]
b5c.1408: supR3HardenedScreenImage/LdrLoadDll: cache hit (VINF_SUCCESS) on \Device\HarddiskVolume1\Program Files\Oracle\VirtualBox\styles\qmodernwindowsstyleVBox.dll
b5c.1408: supR3HardenedMonitor_LdrLoadDll: returns rcNt=0x0 hMod=00007ffb06060000 'C:\Program Files\Oracle\VirtualBox\styles\qmodernwindowsstyleVBox.dll'
b5c.1408: '\Device\HarddiskVolume1\Windows\System32\imageres.dll' has no imports
b5c.1408: supHardenedWinVerifyImageByHandle: -> 22900 (\Device\HarddiskVolume1\Windows\System32\imageres.dll)
b5c.1408: supR3HardenedWinVerifyCacheInsert: \Device\HarddiskVolume1\Windows\System32\imageres.dll
b5c.1408: supR3HardenedMonitor_NtCreateSection: NtMapViewOfSection failed on 000000000000068c (hFile=0000000000000664) with 0xc0000022 -> STATUS_TRUST_FAILURE
b5c.1408: supR3HardenedScreenImage/NtCreateSection: cache hit (22900) on \Device\HarddiskVolume1\Windows\System32\imageres.dll [avoiding WinVerifyTrust]
b5c.1408: supR3HardenedMonitor_NtCreateSection: NtMapViewOfSection failed on 0000000000000664 (hFile=000000000000068c) with 0xc0000022 -> STATUS_TRUST_FAILURE
b5c.1408: supR3HardenedScreenImage/NtCreateSection: cache hit (22900) on \Device\HarddiskVolume1\Windows\System32\imageres.dll [avoiding WinVerifyTrust]
b5c.1408: supR3HardenedMonitor_NtCreateSection: NtMapViewOfSection failed on 000000000000068c (hFile=0000000000000664) with 0xc0000022 -> STATUS_TRUST_FAILURE
b5c.1408: supR3HardenedScreenImage/NtCreateSection: cache hit (22900) on \Device\HarddiskVolume1\Windows\System32\imageres.dll [avoiding WinVerifyTrust]
b5c.1408: supR3HardenedMonitor_NtCreateSection: NtMapViewOfSection failed on 0000000000000664 (hFile=000000000000068c) with 0xc0000022 -> STATUS_TRUST_FAILURE
b5c.1408: supR3HardNtViCallWinVerifyTrustCatFile: hFile=000000000000051c pwszName=\Device\HarddiskVolume1\Windows\System32\imageres.dll
b5c.1408: supR3HardNtViCallWinVerifyTrustCatFile: Cached context 000001d54f07e0d0
b5c.1408: supR3HardNtViCallWinVerifyTrustCatFile: hCatAdmin=000001d54f07e0d0
b5c.1408: supR3HardNtViCallWinVerifyTrustCatFile: cbHash=20 wszDigest=E57DB24C441C536493607C84FB02B59BE1151BF9
b5c.1408: supR3HardenedMonitor_LdrLoadDll: returns rcNt=0x0 hMod=00007ffb3eb20000 'C:\Windows\system32\rsaenh.dll'
b5c.1408: supR3HardenedMonitor_LdrLoadDll: returns rcNt=0x0 hMod=00007ffb40320000 'C:\Windows\System32\crypt32.dll'
b5c.1408: supR3HardNtViCallWinVerifyTrustCatFile: WinVerifyTrust => 0x0; cat='C:\Windows\system32\CatRoot\{F750E6C3-38EE-11D1-85E5-00C04FC295EE}\Microsoft-Windows-Client-Desktop-Required-Package04~31bf3856ad364e35~amd64~~10.0.19041.6456.cat'; file='\Device\HarddiskVolume1\Windows\System32\imageres.dll'
b5c.1408: supR3HardNtViCallWinVerifyTrustCatFile -> 0 (org 22900)
b5c.1408: supR3HardenedWinVerifyCacheProcessWvtTodos: 0 (was 22900) fWinVerifyTrust=1 for '\Device\HarddiskVolume1\Windows\System32\imageres.dll'
b5c.1408: supR3HardNtViCallWinVerifyTrustCatFile: hFile=00000000000007f4 pwszName=\Device\HarddiskVolume1\Windows\System32\IconCodecService.dll
b5c.1408: supR3HardNtViCallWinVerifyTrustCatFile: Cached context 000001d54f07e0d0
b5c.1408: supR3HardNtViCallWinVerifyTrustCatFile: hCatAdmin=000001d54f07e0d0
b5c.1408: supR3HardNtViCallWinVerifyTrustCatFile: cbHash=20 wszDigest=7B2FF1B43A1A2F6E33352EBF03B1648FBDF2CE26
b5c.1408: supR3HardenedMonitor_LdrLoadDll: returns rcNt=0x0 hMod=00007ffb3eb20000 'C:\Windows\system32\rsaenh.dll'
b5c.1408: supR3HardenedMonitor_LdrLoadDll: returns rcNt=0x0 hMod=00007ffb40320000 'C:\Windows\System32\crypt32.dll'
b5c.1408: supR3HardNtViCallWinVerifyTrustCatFile: WinVerifyTrust => 0x0; cat='C:\Windows\system32\CatRoot\{F750E6C3-38EE-11D1-85E5-00C04FC295EE}\Microsoft-Windows-Client-Desktop-Required-Package0518~31bf3856ad364e35~amd64~~10.0.19041.6456.cat'; file='\Device\HarddiskVolume1\Windows\System32\IconCodecService.dll'
b5c.1408: supR3HardNtViCallWinVerifyTrustCatFile -> 0 (org 22900)
b5c.1408: supR3HardenedWinVerifyCacheScheduleImports: Import todo: #0 'msvcrt.dll'.
b5c.1408: supR3HardenedWinVerifyCacheScheduleImports: Import todo: #2 'user32.dll'.
b5c.1408: supHardenedWinVerifyImageByHandle: -> 0 (\Device\HarddiskVolume1\Windows\System32\IconCodecService.dll) WinVerifyTrust
b5c.1408: supR3HardenedWinVerifyCacheInsert: \Device\HarddiskVolume1\Windows\System32\IconCodecService.dll
b5c.1408: supR3HardenedWinVerifyCacheProcessImportTodos: Processing 'user32.dll'...
b5c.1408: supR3HardenedWinVerifyCacheProcessImportTodos: 'user32.dll' -> '\Device\HarddiskVolume1\Windows\System32\user32.dll' [rcNtRedir=0xc0150008]
b5c.1408: supR3HardenedWinVerifyCacheProcessImportTodos: Processing 'msvcrt.dll'...
b5c.1408: supR3HardenedWinVerifyCacheProcessImportTodos: 'msvcrt.dll' -> '\Device\HarddiskVolume1\Windows\System32\msvcrt.dll' [rcNtRedir=0xc0150008]
b5c.1408: supR3HardenedMonitor_LdrLoadDll: pName=C:\Windows\system32\IconCodecService.dll (rcNtResolve=0xc0150008) *pfFlags=0x0 pwszSearchPath=0000000000000001:<flags> [calling]
b5c.1408: supR3HardenedScreenImage/NtCreateSection: cache hit (VINF_SUCCESS) on \Device\HarddiskVolume1\Windows\System32\IconCodecService.dll
b5c.1408: supR3HardenedDllNotificationCallback: load   00007ffb0b3a0000 LB 0x00009000 C:\Windows\system32\IconCodecService.dll [fFlags=0x0]
b5c.1408: supR3HardenedScreenImage/LdrLoadDll: cache hit (VINF_SUCCESS) on \Device\HarddiskVolume1\Windows\System32\IconCodecService.dll
b5c.1408: supR3HardenedMonitor_LdrLoadDll: returns rcNt=0x0 hMod=00007ffb0b3a0000 'C:\Windows\system32\IconCodecService.dll'
b5c.1408: supR3HardenedWinVerifyCacheScheduleImports: Import todo: #0 'msvcrt.dll'.
b5c.1408: supR3HardenedWinVerifyCacheScheduleImports: Import todo: #1 'oleaut32.dll'.
b5c.1408: supR3HardenedWinVerifyCacheScheduleImports: Import todo: #3 'rpcrt4.dll'.
b5c.1408: supR3HardenedWinVerifyCacheScheduleImports: Import todo: #25 'bcrypt.dll'.
b5c.1408: supHardenedWinVerifyImageByHandle: -> 0 (\Device\HarddiskVolume1\Windows\System32\WindowsCodecs.dll)
b5c.1408: supR3HardenedWinVerifyCacheInsert: \Device\HarddiskVolume1\Windows\System32\WindowsCodecs.dll
b5c.1408: supR3HardenedDllNotificationCallback: load   00007ffb3d2a0000 LB 0x001b6000 C:\Windows\SYSTEM32\WindowsCodecs.dll [fFlags=0x0]
b5c.1408: supR3HardenedScreenImage/LdrLoadDll: cache hit (VINF_SUCCESS) on \Device\HarddiskVolume1\Windows\System32\WindowsCodecs.dll [avoiding WinVerifyTrust]
b5c.1408: supR3HardenedScreenImage/NtCreateSection: cache hit (VINF_SUCCESS) on \Device\HarddiskVolume1\Windows\System32\imageres.dll
b5c.1408: supR3HardenedMonitor_NtCreateSection: NtMapViewOfSection failed on 0000000000000784 (hFile=0000000000000688) with 0xc0000022 -> STATUS_TRUST_FAILURE
b5c.1408: supR3HardenedScreenImage/NtCreateSection: cache hit (VINF_SUCCESS) on \Device\HarddiskVolume1\Windows\System32\imageres.dll
b5c.1408: supR3HardenedMonitor_NtCreateSection: NtMapViewOfSection failed on 0000000000000688 (hFile=0000000000000784) with 0xc0000022 -> STATUS_TRUST_FAILURE
b5c.1408: supR3HardenedScreenImage/NtCreateSection: cache hit (VINF_SUCCESS) on \Device\HarddiskVolume1\Windows\System32\imageres.dll
b5c.1408: supR3HardenedMonitor_NtCreateSection: NtMapViewOfSection failed on 0000000000000784 (hFile=0000000000000688) with 0xc0000022 -> STATUS_TRUST_FAILURE
b5c.1408: supR3HardenedScreenImage/NtCreateSection: cache hit (VINF_SUCCESS) on \Device\HarddiskVolume1\Windows\System32\imageres.dll
b5c.1408: supR3HardenedMonitor_NtCreateSection: NtMapViewOfSection failed on 0000000000000688 (hFile=0000000000000784) with 0xc0000022 -> STATUS_TRUST_FAILURE
b5c.1408: supR3HardenedDllNotificationCallback: load   00007ffb410a0000 LB 0x000a9000 C:\Windows\System32\clbcatq.dll [fFlags=0x0]
b5c.1408: supR3HardenedWinVerifyCacheScheduleImports: Import todo: #0 'msvcrt.dll'.
b5c.1408: supR3HardenedWinVerifyCacheScheduleImports: Import todo: #30 'rpcrt4.dll'.
b5c.1408: supHardenedWinVerifyImageByHandle: -> 0 (\Device\HarddiskVolume1\Windows\System32\clbcatq.dll)
b5c.1408: supR3HardenedWinVerifyCacheInsert: \Device\HarddiskVolume1\Windows\System32\clbcatq.dll
b5c.1544: supR3HardenedWinVerifyCacheProcessImportTodos: Processing 'rpcrt4.dll'...
b5c.1544: supR3HardenedWinVerifyCacheProcessImportTodos: 'rpcrt4.dll' -> '\Device\HarddiskVolume1\Windows\System32\rpcrt4.dll' [rcNtRedir=0xc0150008]
b5c.1544: supR3HardenedWinVerifyCacheProcessImportTodos: Processing 'msvcrt.dll'...
b5c.1544: supR3HardenedWinVerifyCacheProcessImportTodos: 'msvcrt.dll' -> '\Device\HarddiskVolume1\Windows\System32\msvcrt.dll' [rcNtRedir=0xc0150008]
b5c.1544: supR3HardenedWinVerifyCacheProcessImportTodos: Processing 'bcrypt.dll'...
b5c.1544: supR3HardenedWinVerifyCacheProcessImportTodos: 'bcrypt.dll' -> '\Device\HarddiskVolume1\Windows\System32\bcrypt.dll' [rcNtRedir=0xc0150008]
b5c.1544: supR3HardenedScreenImage/Imports: cache hit (VINF_SUCCESS) on \Device\HarddiskVolume1\Windows\System32\bcrypt.dll
b5c.1544: supR3HardenedWinVerifyCacheProcessImportTodos: Processing 'rpcrt4.dll'...
b5c.1544: supR3HardenedWinVerifyCacheProcessImportTodos: 'rpcrt4.dll' -> '\Device\HarddiskVolume1\Windows\System32\rpcrt4.dll' [rcNtRedir=0xc0150008]
b5c.1544: supR3HardenedWinVerifyCacheProcessImportTodos: Processing 'oleaut32.dll'...
b5c.1544: supR3HardenedWinVerifyCacheProcessImportTodos: 'oleaut32.dll' -> '\Device\HarddiskVolume1\Windows\System32\oleaut32.dll' [rcNtRedir=0xc0150008]
b5c.1544: supR3HardenedScreenImage/Imports: cache hit (VINF_SUCCESS) on \Device\HarddiskVolume1\Windows\System32\oleaut32.dll
b5c.1544: supR3HardenedWinVerifyCacheProcessImportTodos: Processing 'msvcrt.dll'...
b5c.1544: supR3HardenedWinVerifyCacheProcessImportTodos: 'msvcrt.dll' -> '\Device\HarddiskVolume1\Windows\System32\msvcrt.dll' [rcNtRedir=0xc0150008]
b5c.1544: supR3HardenedMonitor_LdrLoadDll: returns rcNt=0x0 hMod=00007ffb3eb20000 'C:\Windows\system32\rsaenh.dll'
b5c.1544: supR3HardenedMonitor_LdrLoadDll: returns rcNt=0x0 hMod=00007ffb40320000 'C:\Windows\System32\crypt32.dll'
b5c.1544: supR3HardenedWinVerifyCacheProcessWvtTodos: 0 (was 0) fWinVerifyTrust=1 for '\Device\HarddiskVolume1\Windows\System32\clbcatq.dll'
b5c.1544: supR3HardenedMonitor_LdrLoadDll: returns rcNt=0x0 hMod=00007ffb3eb20000 'C:\Windows\system32\rsaenh.dll'
b5c.1544: supR3HardenedMonitor_LdrLoadDll: returns rcNt=0x0 hMod=00007ffb40320000 'C:\Windows\System32\crypt32.dll'
b5c.1544: supR3HardenedWinVerifyCacheProcessWvtTodos: 0 (was 0) fWinVerifyTrust=1 for '\Device\HarddiskVolume1\Windows\System32\WindowsCodecs.dll'
b5c.1544: supR3HardenedMonitor_LdrLoadDll: returns rcNt=0x0 hMod=00007ffb3eb20000 'C:\Windows\system32\rsaenh.dll'
b5c.1544: supR3HardenedMonitor_LdrLoadDll: returns rcNt=0x0 hMod=00007ffb40320000 'C:\Windows\System32\crypt32.dll'
b5c.1544: supR3HardenedWinVerifyCacheScheduleImports: Import todo: #9 'advapi32.dll'.
b5c.1544: supR3HardenedWinVerifyCacheScheduleImports: Import todo: #10 'ole32.dll'.
b5c.1544: supR3HardenedWinVerifyCacheScheduleImports: Import todo: #11 'oleaut32.dll'.
b5c.1544: supR3HardenedWinVerifyCacheScheduleImports: Import todo: #12 'vcruntime140.dll'.
b5c.1544: supR3HardenedWinVerifyCacheScheduleImports: Import todo: #13 'vcruntime140_1.dll'.
b5c.1544: supR3HardenedWinVerifyCacheScheduleImports: Import todo: #14 'msvcp140.dll'.
b5c.1544: supR3HardenedWinVerifyCacheScheduleImports: Import todo: #15 'vboxrt.dll'.
b5c.1544: supHardenedWinVerifyImageByHandle: -> 0 (\Device\HarddiskVolume1\Program Files\Oracle\VirtualBox\VBoxC.dll) WinVerifyTrust
b5c.1544: supR3HardenedWinVerifyCacheInsert: \Device\HarddiskVolume1\Program Files\Oracle\VirtualBox\VBoxC.dll
b5c.1544: supR3HardenedWinVerifyCacheProcessImportTodos: Processing 'vboxrt.dll'...
b5c.1544: supR3HardenedWinVerifyCacheProcessImportTodos: 'vboxrt.dll' -> '\Device\HarddiskVolume1\Program Files\Oracle\VirtualBox\vboxrt.dll' [rcNtRedir=0xc0150008]
b5c.1544: supR3HardenedWinVerifyCacheProcessImportTodos: Processing 'msvcp140.dll'...
b5c.1544: supR3HardenedWinVerifyCacheProcessImportTodos: 'msvcp140.dll' -> '\Device\HarddiskVolume1\Windows\System32\msvcp140.dll' [rcNtRedir=0xc0150008]
b5c.1544: supR3HardenedWinVerifyCacheProcessImportTodos: Processing 'vcruntime140_1.dll'...
b5c.1544: supR3HardenedWinVerifyCacheProcessImportTodos: 'vcruntime140_1.dll' -> '\Device\HarddiskVolume1\Windows\System32\vcruntime140_1.dll' [rcNtRedir=0xc0150008]
b5c.1544: supR3HardenedWinVerifyCacheProcessImportTodos: Processing 'vcruntime140.dll'...
b5c.1544: supR3HardenedWinVerifyCacheProcessImportTodos: 'vcruntime140.dll' -> '\Device\HarddiskVolume1\Windows\System32\vcruntime140.dll' [rcNtRedir=0xc0150008]
b5c.1544: supR3HardenedWinVerifyCacheProcessImportTodos: Processing 'oleaut32.dll'...
b5c.1544: supR3HardenedWinVerifyCacheProcessImportTodos: 'oleaut32.dll' -> '\Device\HarddiskVolume1\Windows\System32\oleaut32.dll' [rcNtRedir=0xc0150008]
b5c.1544: supR3HardenedScreenImage/Imports: cache hit (VINF_SUCCESS) on \Device\HarddiskVolume1\Windows\System32\oleaut32.dll
b5c.1544: supR3HardenedWinVerifyCacheProcessImportTodos: Processing 'ole32.dll'...
b5c.1544: supR3HardenedWinVerifyCacheProcessImportTodos: 'ole32.dll' -> '\Device\HarddiskVolume1\Windows\System32\ole32.dll' [rcNtRedir=0xc0150008]
b5c.1544: supR3HardenedScreenImage/Imports: cache hit (VINF_SUCCESS) on \Device\HarddiskVolume1\Windows\System32\ole32.dll
b5c.1544: supR3HardenedWinVerifyCacheProcessImportTodos: Processing 'advapi32.dll'...
b5c.1544: supR3HardenedWinVerifyCacheProcessImportTodos: 'advapi32.dll' -> '\Device\HarddiskVolume1\Windows\System32\advapi32.dll' [rcNtRedir=0xc0150008]
b5c.1544: supR3HardenedScreenImage/Imports: cache hit (VINF_SUCCESS) on \Device\HarddiskVolume1\Windows\System32\advapi32.dll
b5c.1544: supR3HardenedMonitor_LdrLoadDll: pName=C:\Program Files\Oracle\VirtualBox\VBoxC.dll (rcNtResolve=0xc0150008) *pfFlags=0x0 pwszSearchPath=0000000000002009:<flags> [calling]
b5c.1544: supR3HardenedScreenImage/NtCreateSection: cache hit (VINF_SUCCESS) on \Device\HarddiskVolume1\Program Files\Oracle\VirtualBox\VBoxC.dll
b5c.1544: supR3HardenedDllNotificationCallback: load   00007ffae5c00000 LB 0x00435000 C:\Program Files\Oracle\VirtualBox\VBoxC.dll [fFlags=0x0]
b5c.1544: supR3HardenedScreenImage/LdrLoadDll: cache hit (VINF_SUCCESS) on \Device\HarddiskVolume1\Program Files\Oracle\VirtualBox\VBoxC.dll
b5c.1544: supR3HardenedMonitor_LdrLoadDll: returns rcNt=0x0 hMod=00007ffae5c00000 'C:\Program Files\Oracle\VirtualBox\VBoxC.dll'
b5c.1544: supR3HardenedMonitor_LdrLoadDll: returns rcNt=0x0 hMod=00007ffb3eb20000 'C:\Windows\system32\rsaenh.dll'
b5c.1544: supR3HardenedMonitor_LdrLoadDll: returns rcNt=0x0 hMod=00007ffb40320000 'C:\Windows\System32\crypt32.dll'
b5c.1544: supR3HardenedWinVerifyCacheScheduleImports: Import todo: #4 'advapi32.dll'.
b5c.1544: supR3HardenedWinVerifyCacheScheduleImports: Import todo: #5 'shlwapi.dll'.
b5c.1544: supR3HardenedWinVerifyCacheScheduleImports: Import todo: #6 'ole32.dll'.
b5c.1544: supR3HardenedWinVerifyCacheScheduleImports: Import todo: #7 'oleaut32.dll'.
b5c.1544: supR3HardenedWinVerifyCacheScheduleImports: Import todo: #8 'rpcrt4.dll'.
b5c.1544: supR3HardenedWinVerifyCacheScheduleImports: Import todo: #9 'vcruntime140.dll'.
b5c.1544: supR3HardenedWinVerifyCacheScheduleImports: Import todo: #10 'vboxrt.dll'.
b5c.1544: supHardenedWinVerifyImageByHandle: -> 0 (\Device\HarddiskVolume1\Program Files\Oracle\VirtualBox\VBoxProxyStub.dll) WinVerifyTrust
b5c.1544: supR3HardenedWinVerifyCacheInsert: \Device\HarddiskVolume1\Program Files\Oracle\VirtualBox\VBoxProxyStub.dll
b5c.1544: supR3HardenedWinVerifyCacheProcessImportTodos: Processing 'vboxrt.dll'...
b5c.1544: supR3HardenedWinVerifyCacheProcessImportTodos: 'vboxrt.dll' -> '\Device\HarddiskVolume1\Program Files\Oracle\VirtualBox\vboxrt.dll' [rcNtRedir=0xc0150008]
b5c.1544: supR3HardenedWinVerifyCacheProcessImportTodos: Processing 'vcruntime140.dll'...
b5c.1544: supR3HardenedWinVerifyCacheProcessImportTodos: 'vcruntime140.dll' -> '\Device\HarddiskVolume1\Windows\System32\vcruntime140.dll' [rcNtRedir=0xc0150008]
b5c.1544: supR3HardenedWinVerifyCacheProcessImportTodos: Processing 'rpcrt4.dll'...
b5c.1544: supR3HardenedWinVerifyCacheProcessImportTodos: 'rpcrt4.dll' -> '\Device\HarddiskVolume1\Windows\System32\rpcrt4.dll' [rcNtRedir=0xc0150008]
b5c.1544: supR3HardenedWinVerifyCacheProcessImportTodos: Processing 'oleaut32.dll'...
b5c.1544: supR3HardenedWinVerifyCacheProcessImportTodos: 'oleaut32.dll' -> '\Device\HarddiskVolume1\Windows\System32\oleaut32.dll' [rcNtRedir=0xc0150008]
b5c.1544: supR3HardenedWinVerifyCacheProcessImportTodos: Processing 'ole32.dll'...
b5c.1544: supR3HardenedWinVerifyCacheProcessImportTodos: 'ole32.dll' -> '\Device\HarddiskVolume1\Windows\System32\ole32.dll' [rcNtRedir=0xc0150008]
b5c.1544: supR3HardenedScreenImage/Imports: cache hit (VINF_SUCCESS) on \Device\HarddiskVolume1\Windows\System32\ole32.dll
b5c.1544: supR3HardenedWinVerifyCacheProcessImportTodos: Processing 'shlwapi.dll'...
b5c.1544: supR3HardenedWinVerifyCacheProcessImportTodos: 'shlwapi.dll' -> '\Device\HarddiskVolume1\Windows\System32\shlwapi.dll' [rcNtRedir=0xc0150008]
b5c.1544: supR3HardenedScreenImage/Imports: cache hit (VINF_SUCCESS) on \Device\HarddiskVolume1\Windows\System32\shlwapi.dll
b5c.1544: supR3HardenedWinVerifyCacheProcessImportTodos: Processing 'advapi32.dll'...
b5c.1544: supR3HardenedWinVerifyCacheProcessImportTodos: 'advapi32.dll' -> '\Device\HarddiskVolume1\Windows\System32\advapi32.dll' [rcNtRedir=0xc0150008]
b5c.1544: supR3HardenedScreenImage/Imports: cache hit (VINF_SUCCESS) on \Device\HarddiskVolume1\Windows\System32\advapi32.dll
b5c.1544: supR3HardenedMonitor_LdrLoadDll: pName=C:\Program Files\Oracle\VirtualBox\VBoxProxyStub.dll (rcNtResolve=0xc0150008) *pfFlags=0x0 pwszSearchPath=0000000000002009:<flags> [calling]
b5c.1544: supR3HardenedScreenImage/NtCreateSection: cache hit (VINF_SUCCESS) on \Device\HarddiskVolume1\Program Files\Oracle\VirtualBox\VBoxProxyStub.dll
b5c.1544: supR3HardenedDllNotificationCallback: load   00007ffb0bb50000 LB 0x000eb000 C:\Program Files\Oracle\VirtualBox\VBoxProxyStub.dll [fFlags=0x0]
b5c.1544: supR3HardenedScreenImage/LdrLoadDll: cache hit (VINF_SUCCESS) on \Device\HarddiskVolume1\Program Files\Oracle\VirtualBox\VBoxProxyStub.dll
b5c.1544: supR3HardenedMonitor_LdrLoadDll: returns rcNt=0x0 hMod=00007ffb0bb50000 'C:\Program Files\Oracle\VirtualBox\VBoxProxyStub.dll'
b5c.1544: supR3HardenedMonitor_LdrLoadDll: returns rcNt=0x0 hMod=00007ffb40520000 'C:\Windows\System32\oleaut32.dll'
b5c.1408: '\Device\HarddiskVolume1\Windows\System32\tzres.dll' has no imports
b5c.1408: supHardenedWinVerifyImageByHandle: -> 22900 (\Device\HarddiskVolume1\Windows\System32\tzres.dll)
b5c.1408: supR3HardenedWinVerifyCacheInsert: \Device\HarddiskVolume1\Windows\System32\tzres.dll
b5c.1408: supR3HardenedMonitor_NtCreateSection: NtMapViewOfSection failed on 00000000000008e4 (hFile=00000000000008dc) with 0xc0000022 -> STATUS_TRUST_FAILURE
b5c.1408: supR3HardenedScreenImage/NtCreateSection: cache hit (22900) on \Device\HarddiskVolume1\Windows\System32\tzres.dll [avoiding WinVerifyTrust]
b5c.1408: supR3HardenedMonitor_NtCreateSection: NtMapViewOfSection failed on 00000000000008dc (hFile=00000000000008e4) with 0xc0000022 -> STATUS_TRUST_FAILURE
b5c.2ffc: supR3HardNtViCallWinVerifyTrustCatFile: hFile=00000000000008e0 pwszName=\Device\HarddiskVolume1\Windows\System32\tzres.dll
b5c.2ffc: supR3HardNtViCallWinVerifyTrustCatFile: Cached context 000001d54f07e0d0
b5c.2ffc: supR3HardNtViCallWinVerifyTrustCatFile: hCatAdmin=000001d54f07e0d0
b5c.2ffc: supR3HardNtViCallWinVerifyTrustCatFile: cbHash=20 wszDigest=81BC6EAAED86CFB4B3057D2BFCB133ACB51C2EFC
b5c.2ffc: supR3HardenedMonitor_LdrLoadDll: returns rcNt=0x0 hMod=00007ffb3eb20000 'C:\Windows\system32\rsaenh.dll'
b5c.2ffc: supR3HardenedMonitor_LdrLoadDll: returns rcNt=0x0 hMod=00007ffb40320000 'C:\Windows\System32\crypt32.dll'
b5c.2ffc: supR3HardNtViCallWinVerifyTrustCatFile: WinVerifyTrust => 0x0; cat='C:\Windows\system32\CatRoot\{F750E6C3-38EE-11D1-85E5-00C04FC295EE}\Microsoft-Windows-Client-Desktop-Required-Package0516~31bf3856ad364e35~amd64~~10.0.19041.6456.cat'; file='\Device\HarddiskVolume1\Windows\System32\tzres.dll'
b5c.2ffc: supR3HardNtViCallWinVerifyTrustCatFile -> 0 (org 22900)
b5c.2ffc: supR3HardenedWinVerifyCacheProcessWvtTodos: 0 (was 22900) fWinVerifyTrust=1 for '\Device\HarddiskVolume1\Windows\System32\tzres.dll'
b5c.2ffc: supR3HardenedMonitor_LdrLoadDll: returns rcNt=0x0 hMod=00007ffb3eb20000 'C:\Windows\system32\rsaenh.dll'
b5c.2ffc: supR3HardenedMonitor_LdrLoadDll: returns rcNt=0x0 hMod=00007ffb40320000 'C:\Windows\System32\crypt32.dll'
b5c.2ffc: supR3HardenedWinVerifyCacheScheduleImports: Import todo: #0 'vboxrt.dll'.
b5c.2ffc: supR3HardenedWinVerifyCacheScheduleImports: Import todo: #5 'vcruntime140.dll'.
b5c.2ffc: supR3HardenedWinVerifyCacheScheduleImports: Import todo: #6 'vcruntime140_1.dll'.
b5c.2ffc: supHardenedWinVerifyImageByHandle: -> 0 (\Device\HarddiskVolume1\Program Files\Oracle\VirtualBox\VBoxVMM.dll) WinVerifyTrust
b5c.2ffc: supR3HardenedWinVerifyCacheInsert: \Device\HarddiskVolume1\Program Files\Oracle\VirtualBox\VBoxVMM.dll
b5c.2ffc: supR3HardenedWinVerifyCacheProcessImportTodos: Processing 'vcruntime140_1.dll'...
b5c.2ffc: supR3HardenedWinVerifyCacheProcessImportTodos: 'vcruntime140_1.dll' -> '\Device\HarddiskVolume1\Windows\System32\vcruntime140_1.dll' [rcNtRedir=0xc0150008]
b5c.2ffc: supR3HardenedWinVerifyCacheProcessImportTodos: Processing 'vcruntime140.dll'...
b5c.2ffc: supR3HardenedWinVerifyCacheProcessImportTodos: 'vcruntime140.dll' -> '\Device\HarddiskVolume1\Windows\System32\vcruntime140.dll' [rcNtRedir=0xc0150008]
b5c.2ffc: supR3HardenedWinVerifyCacheProcessImportTodos: Processing 'vboxrt.dll'...
b5c.2ffc: supR3HardenedWinVerifyCacheProcessImportTodos: 'vboxrt.dll' -> '\Device\HarddiskVolume1\Program Files\Oracle\VirtualBox\vboxrt.dll' [rcNtRedir=0xc0150008]
b5c.2ffc: supR3HardenedMonitor_LdrLoadDll: pName=C:\Program Files\Oracle\VirtualBox\VBoxVMM.DLL (rcNtResolve=0xc0150008) *pfFlags=0x0 pwszSearchPath=0000000000000001:<flags> [calling]
b5c.2ffc: supR3HardenedScreenImage/NtCreateSection: cache hit (VINF_SUCCESS) on \Device\HarddiskVolume1\Program Files\Oracle\VirtualBox\VBoxVMM.dll
b5c.2ffc: supR3HardenedDllNotificationCallback: load   00007ffad2b40000 LB 0x005b7000 C:\Program Files\Oracle\VirtualBox\VBoxVMM.DLL [fFlags=0x0]
b5c.2ffc: supR3HardenedScreenImage/LdrLoadDll: cache hit (VINF_SUCCESS) on \Device\HarddiskVolume1\Program Files\Oracle\VirtualBox\VBoxVMM.dll
b5c.2ffc: supR3HardenedMonitor_LdrLoadDll: returns rcNt=0x0 hMod=00007ffad2b40000 'C:\Program Files\Oracle\VirtualBox\VBoxVMM.DLL'
b5c.1408: \Device\HarddiskVolume1\Windows\System32\DriverStore\FileRepository\nv_dispi.inf_amd64_37503b637f6a53da\nvldumdx.dll: Signature #2/3: VERR_CR_X509_CPV_NOT_VALID_AT_TIME for 0x6a27e54d; retrying against current time: 0x6a684952.
b5c.1408: \Device\HarddiskVolume1\Windows\System32\DriverStore\FileRepository\nv_dispi.inf_amd64_37503b637f6a53da\nvldumdx.dll: Signature #2/3: VERR_CR_X509_CPV_NOT_VALID_AT_TIME (-23033) w/ timestamp=0x6a684952/now.
b5c.1408: supR3HardenedMonitor_LdrLoadDll: returns rcNt=0x0 hMod=00007ffb3eb20000 'C:\Windows\system32\rsaenh.dll'
b5c.1408: supR3HardenedMonitor_LdrLoadDll: returns rcNt=0x0 hMod=00007ffb40320000 'C:\Windows\System32\crypt32.dll'
b5c.1408: supR3HardenedWinVerifyCacheScheduleImports: Import todo: #32 'version.dll'.
b5c.1408: supR3HardenedWinVerifyCacheScheduleImports: Import todo: #33 'user32.dll'.
b5c.1408: supHardenedWinVerifyImageByHandle: -> 0 (\Device\HarddiskVolume1\Windows\System32\DriverStore\FileRepository\nv_dispi.inf_amd64_37503b637f6a53da\nvldumdx.dll) WinVerifyTrust
b5c.1408: supR3HardenedWinVerifyCacheInsert: \Device\HarddiskVolume1\Windows\System32\DriverStore\FileRepository\nv_dispi.inf_amd64_37503b637f6a53da\nvldumdx.dll
b5c.1408: supR3HardenedWinVerifyCacheProcessImportTodos: Processing 'user32.dll'...
b5c.1408: supR3HardenedWinVerifyCacheProcessImportTodos: 'user32.dll' -> '\Device\HarddiskVolume1\Windows\System32\user32.dll' [rcNtRedir=0xc0150008]
b5c.1408: supR3HardenedWinVerifyCacheProcessImportTodos: Processing 'version.dll'...
b5c.1408: supR3HardenedWinVerifyCacheProcessImportTodos: 'version.dll' -> '\Device\HarddiskVolume1\Windows\System32\version.dll' [rcNtRedir=0xc0150008]
b5c.1408: supR3HardenedScreenImage/Imports: cache hit (VINF_SUCCESS) on \Device\HarddiskVolume1\Windows\System32\version.dll
b5c.1408: supR3HardenedMonitor_LdrLoadDll: pName=C:\Windows\System32\DriverStore\FileRepository\nv_dispi.inf_amd64_37503b637f6a53da\nvldumdx.dll (rcNtResolve=0xc0150008) *pfFlags=0x0 pwszSearchPath=0000000000000001:<flags> [calling]
b5c.1408: supR3HardenedScreenImage/NtCreateSection: cache hit (VINF_SUCCESS) on \Device\HarddiskVolume1\Windows\System32\DriverStore\FileRepository\nv_dispi.inf_amd64_37503b637f6a53da\nvldumdx.dll
b5c.1408: supR3HardenedDllNotificationCallback: load   00007ffb34fa0000 LB 0x000c5000 C:\Windows\System32\DriverStore\FileRepository\nv_dispi.inf_amd64_37503b637f6a53da\nvldumdx.dll [fFlags=0x0]
b5c.1408: supR3HardenedScreenImage/LdrLoadDll: cache hit (VINF_SUCCESS) on \Device\HarddiskVolume1\Windows\System32\DriverStore\FileRepository\nv_dispi.inf_amd64_37503b637f6a53da\nvldumdx.dll
b5c.1408: supR3HardenedIsApiSetDll: ApiSetQueryApiSetPresence(api-ms-win-core-synch-l1-2-0) -> 0x0, fPresent=1
b5c.1408: supR3HardenedMonitor_LdrLoadDll: pName=api-ms-win-core-synch-l1-2-0 (rcNtResolve=0x0) *pfFlags=0x0 pwszSearchPath=0000000000000801:<flags> [calling]
b5c.1408: supR3HardenedMonitor_LdrLoadDll: returns rcNt=0x0 hMod=00007ffb3ff70000 'api-ms-win-core-synch-l1-2-0'
b5c.1408: supR3HardenedIsApiSetDll: ApiSetQueryApiSetPresence(api-ms-win-core-fibers-l1-1-1) -> 0x0, fPresent=1
b5c.1408: supR3HardenedMonitor_LdrLoadDll: pName=api-ms-win-core-fibers-l1-1-1 (rcNtResolve=0x0) *pfFlags=0x0 pwszSearchPath=0000000000000801:<flags> [calling]
b5c.1408: supR3HardenedMonitor_LdrLoadDll: returns rcNt=0x0 hMod=00007ffb3ff70000 'api-ms-win-core-fibers-l1-1-1'
b5c.1408: supR3HardenedIsApiSetDll: ApiSetQueryApiSetPresence(api-ms-win-core-synch-l1-2-0) -> 0x0, fPresent=1
b5c.1408: supR3HardenedMonitor_LdrLoadDll: pName=api-ms-win-core-synch-l1-2-0 (rcNtResolve=0x0) *pfFlags=0x0 pwszSearchPath=0000000000000801:<flags> [calling]
b5c.1408: supR3HardenedMonitor_LdrLoadDll: returns rcNt=0x0 hMod=00007ffb3ff70000 'api-ms-win-core-synch-l1-2-0'
b5c.1408: supR3HardenedScreenImage/LdrLoadDll: cache hit (VINF_SUCCESS) on \Device\HarddiskVolume1\Windows\System32\kernel32.dll
b5c.1408: supR3HardenedMonitor_LdrLoadDll: pName=C:\Windows\System32\kernel32.dll (Input=kernel32, rcNtResolve=0xc0150008) *pfFlags=0x0 pwszSearchPath=0000000000000801:<flags> [calling]
b5c.1408: supR3HardenedMonitor_LdrLoadDll: returns rcNt=0x0 hMod=00007ffb40c70000 'C:\Windows\System32\kernel32.dll'
b5c.1408: supR3HardenedMonitor_LdrLoadDll: returns rcNt=0x0 hMod=00007ffb34fa0000 'C:\Windows\System32\DriverStore\FileRepository\nv_dispi.inf_amd64_37503b637f6a53da\nvldumdx.dll'
b5c.1408: supR3HardenedScreenImage/LdrLoadDll: cache hit (VINF_SUCCESS) on \Device\HarddiskVolume1\Windows\System32\msasn1.dll
b5c.1408: supR3HardenedMonitor_LdrLoadDll: pName=C:\Windows\System32\msasn1.dll (Input=msasn1.dll, rcNtResolve=0xc0150008) *pfFlags=0x0 pwszSearchPath=0000000000000801:<flags> [calling]
b5c.1408: supR3HardenedMonitor_LdrLoadDll: returns rcNt=0x0 hMod=00007ffb3f850000 'C:\Windows\System32\msasn1.dll'
b5c.1408: supR3HardenedMonitor_LdrLoadDll: returns rcNt=0x0 hMod=00007ffb36c20000 'C:\Windows\System32\cryptnet.dll'
b5c.1408: supR3HardenedScreenImage/LdrLoadDll: cache hit (VINF_SUCCESS) on \Device\HarddiskVolume1\Windows\System32\cryptbase.dll
b5c.1408: supR3HardenedMonitor_LdrLoadDll: pName=C:\Windows\System32\cryptbase.dll (Input=cryptbase.dll, rcNtResolve=0xc0150008) *pfFlags=0x0 pwszSearchPath=0000000000000801:<flags> [calling]
b5c.1408: supR3HardenedMonitor_LdrLoadDll: returns rcNt=0x0 hMod=00007ffb3f3e0000 'C:\Windows\System32\cryptbase.dll'
b5c.1408: supR3HardenedScreenImage/LdrLoadDll: cache hit (VINF_SUCCESS) on \Device\HarddiskVolume1\Windows\System32\wldp.dll
b5c.1408: supR3HardenedMonitor_LdrLoadDll: pName=C:\Windows\System32\wldp.dll (Input=wldp.dll, rcNtResolve=0xc0150008) *pfFlags=0x0 pwszSearchPath=0000000000000801:<flags> [calling]
b5c.1408: supR3HardenedMonitor_LdrLoadDll: returns rcNt=0x0 hMod=00007ffb3f470000 'C:\Windows\System32\wldp.dll'
b5c.1408: supR3HardenedMonitor_LdrLoadDll: returns rcNt=0x0 hMod=00007ffb3eb20000 'C:\Windows\system32\rsaenh.dll'
b5c.1408: supR3HardenedMonitor_LdrLoadDll: returns rcNt=0x0 hMod=00007ffb40320000 'C:\Windows\System32\crypt32.dll'
b5c.1408: supR3HardenedWinVerifyCacheScheduleImports: Import todo: #0 'msvcrt.dll'.
b5c.1408: supHardenedWinVerifyImageByHandle: -> 0 (\Device\HarddiskVolume1\Windows\System32\drvstore.dll) WinVerifyTrust
b5c.1408: supR3HardenedWinVerifyCacheInsert: \Device\HarddiskVolume1\Windows\System32\drvstore.dll
b5c.1408: supR3HardenedWinVerifyCacheProcessImportTodos: Processing 'msvcrt.dll'...
b5c.1408: supR3HardenedWinVerifyCacheProcessImportTodos: 'msvcrt.dll' -> '\Device\HarddiskVolume1\Windows\System32\msvcrt.dll' [rcNtRedir=0xc0150008]
b5c.1408: supR3HardenedMonitor_LdrLoadDll: pName=C:\Windows\System32\drvstore.dll (Input=drvstore.dll, rcNtResolve=0xc0150008) *pfFlags=0x0 pwszSearchPath=0000000000000801:<flags> [calling]
b5c.1408: supR3HardenedScreenImage/NtCreateSection: cache hit (VINF_SUCCESS) on \Device\HarddiskVolume1\Windows\System32\drvstore.dll
b5c.1408: supR3HardenedDllNotificationCallback: load   00007ffb35b10000 LB 0x00147000 C:\Windows\System32\drvstore.dll [fFlags=0x0]
b5c.1408: supR3HardenedScreenImage/LdrLoadDll: cache hit (VINF_SUCCESS) on \Device\HarddiskVolume1\Windows\System32\drvstore.dll
b5c.1408: supR3HardenedMonitor_LdrLoadDll: returns rcNt=0x0 hMod=00007ffb35b10000 'C:\Windows\System32\drvstore.dll'
b5c.1408: supR3HardenedScreenImage/LdrLoadDll: cache hit (VINF_SUCCESS) on \Device\HarddiskVolume1\Windows\System32\devobj.dll
b5c.1408: supR3HardenedMonitor_LdrLoadDll: pName=C:\Windows\System32\devobj.dll (Input=devobj.dll, rcNtResolve=0xc0150008) *pfFlags=0x0 pwszSearchPath=0000000000000801:<flags> [calling]
b5c.1408: supR3HardenedMonitor_LdrLoadDll: returns rcNt=0x0 hMod=00007ffb3f8b0000 'C:\Windows\System32\devobj.dll'
b5c.1408: supR3HardenedMonitor_LdrLoadDll: returns rcNt=0x0 hMod=00007ffb40320000 'C:\Windows\System32\crypt32.dll'
b5c.1408: supR3HardenedScreenImage/LdrLoadDll: cache hit (VINF_SUCCESS) on \Device\HarddiskVolume1\Windows\System32\wintrust.dll
b5c.1408: supR3HardenedMonitor_LdrLoadDll: pName=C:\Windows\System32\wintrust.dll (Input=wintrust.dll, rcNtResolve=0xc0150008) *pfFlags=0x0 pwszSearchPath=0000000000000801:<flags> [calling]
b5c.1408: supR3HardenedMonitor_LdrLoadDll: returns rcNt=0x0 hMod=00007ffb3fdd0000 'C:\Windows\System32\wintrust.dll'
b5c.1408: \Device\HarddiskVolume1\Windows\System32\DriverStore\FileRepository\nv_dispi.inf_amd64_37503b637f6a53da\nvgpucomp64.dll: Signature #2/3: VERR_CR_X509_CPV_NOT_VALID_AT_TIME for 0x6a27e4d9; retrying against current time: 0x6a684952.
b5c.1408: \Device\HarddiskVolume1\Windows\System32\DriverStore\FileRepository\nv_dispi.inf_amd64_37503b637f6a53da\nvgpucomp64.dll: Signature #2/3: VERR_CR_X509_CPV_NOT_VALID_AT_TIME (-23033) w/ timestamp=0x6a684952/now.
b5c.1408: supR3HardenedMonitor_LdrLoadDll: returns rcNt=0x0 hMod=00007ffb3eb20000 'C:\Windows\system32\rsaenh.dll'
b5c.1408: supR3HardenedMonitor_LdrLoadDll: returns rcNt=0x0 hMod=00007ffb40320000 'C:\Windows\System32\crypt32.dll'
b5c.1408: supR3HardenedWinVerifyCacheScheduleImports: Import todo: #1 'ole32.dll'.
b5c.1408: supR3HardenedWinVerifyCacheScheduleImports: Import todo: #2 'shell32.dll'.
b5c.1408: supR3HardenedWinVerifyCacheScheduleImports: Import todo: #3 'advapi32.dll'.
b5c.1408: supHardenedWinVerifyImageByHandle: -> 0 (\Device\HarddiskVolume1\Windows\System32\DriverStore\FileRepository\nv_dispi.inf_amd64_37503b637f6a53da\nvgpucomp64.dll) WinVerifyTrust
b5c.1408: supR3HardenedWinVerifyCacheInsert: \Device\HarddiskVolume1\Windows\System32\DriverStore\FileRepository\nv_dispi.inf_amd64_37503b637f6a53da\nvgpucomp64.dll
b5c.1408: supR3HardenedWinVerifyCacheProcessImportTodos: Processing 'advapi32.dll'...
b5c.1408: supR3HardenedWinVerifyCacheProcessImportTodos: 'advapi32.dll' -> '\Device\HarddiskVolume1\Windows\System32\advapi32.dll' [rcNtRedir=0xc0150008]
b5c.1408: supR3HardenedWinVerifyCacheProcessImportTodos: Processing 'shell32.dll'...
b5c.1408: supR3HardenedWinVerifyCacheProcessImportTodos: 'shell32.dll' -> '\Device\HarddiskVolume1\Windows\System32\shell32.dll' [rcNtRedir=0xc0150008]
b5c.1408: supR3HardenedScreenImage/Imports: cache hit (VINF_SUCCESS) on \Device\HarddiskVolume1\Windows\System32\shell32.dll
b5c.1408: supR3HardenedWinVerifyCacheProcessImportTodos: Processing 'ole32.dll'...
b5c.1408: supR3HardenedWinVerifyCacheProcessImportTodos: 'ole32.dll' -> '\Device\HarddiskVolume1\Windows\System32\ole32.dll' [rcNtRedir=0xc0150008]
b5c.1408: supR3HardenedMonitor_LdrLoadDll: pName=C:\Windows\System32\DriverStore\FileRepository\nv_dispi.inf_amd64_37503b637f6a53da\nvgpucomp64.dll (rcNtResolve=0xc0150008) *pfFlags=0x0 pwszSearchPath=0000000000000001:<flags> [calling]
b5c.1408: supR3HardenedScreenImage/NtCreateSection: cache hit (VINF_SUCCESS) on \Device\HarddiskVolume1\Windows\System32\DriverStore\FileRepository\nv_dispi.inf_amd64_37503b637f6a53da\nvgpucomp64.dll
b5c.1408: supR3HardenedDllNotificationCallback: load   00007ffb304a0000 LB 0x03d94000 C:\Windows\System32\DriverStore\FileRepository\nv_dispi.inf_amd64_37503b637f6a53da\nvgpucomp64.dll [fFlags=0x0]
b5c.1408: supR3HardenedScreenImage/LdrLoadDll: cache hit (VINF_SUCCESS) on \Device\HarddiskVolume1\Windows\System32\DriverStore\FileRepository\nv_dispi.inf_amd64_37503b637f6a53da\nvgpucomp64.dll
b5c.1408: supR3HardenedIsApiSetDll: ApiSetQueryApiSetPresence(api-ms-win-core-synch-l1-2-0) -> 0x0, fPresent=1
b5c.1408: supR3HardenedMonitor_LdrLoadDll: pName=api-ms-win-core-synch-l1-2-0 (rcNtResolve=0x0) *pfFlags=0x0 pwszSearchPath=0000000000000801:<flags> [calling]
b5c.1408: supR3HardenedMonitor_LdrLoadDll: returns rcNt=0x0 hMod=00007ffb3ff70000 'api-ms-win-core-synch-l1-2-0'
b5c.1408: supR3HardenedIsApiSetDll: ApiSetQueryApiSetPresence(api-ms-win-core-fibers-l1-1-1) -> 0x0, fPresent=1
b5c.1408: supR3HardenedMonitor_LdrLoadDll: pName=api-ms-win-core-fibers-l1-1-1 (rcNtResolve=0x0) *pfFlags=0x0 pwszSearchPath=0000000000000801:<flags> [calling]
b5c.1408: supR3HardenedMonitor_LdrLoadDll: returns rcNt=0x0 hMod=00007ffb3ff70000 'api-ms-win-core-fibers-l1-1-1'
b5c.1408: supR3HardenedIsApiSetDll: ApiSetQueryApiSetPresence(api-ms-win-core-synch-l1-2-0) -> 0x0, fPresent=1
b5c.1408: supR3HardenedMonitor_LdrLoadDll: pName=api-ms-win-core-synch-l1-2-0 (rcNtResolve=0x0) *pfFlags=0x0 pwszSearchPath=0000000000000801:<flags> [calling]
b5c.1408: supR3HardenedMonitor_LdrLoadDll: returns rcNt=0x0 hMod=00007ffb3ff70000 'api-ms-win-core-synch-l1-2-0'
b5c.1408: supR3HardenedScreenImage/LdrLoadDll: cache hit (VINF_SUCCESS) on \Device\HarddiskVolume1\Windows\System32\kernel32.dll
b5c.1408: supR3HardenedMonitor_LdrLoadDll: pName=C:\Windows\System32\kernel32.dll (Input=kernel32, rcNtResolve=0xc0150008) *pfFlags=0x0 pwszSearchPath=0000000000000801:<flags> [calling]
b5c.1408: supR3HardenedMonitor_LdrLoadDll: returns rcNt=0x0 hMod=00007ffb40c70000 'C:\Windows\System32\kernel32.dll'
b5c.1408: supR3HardenedIsApiSetDll: ApiSetQueryApiSetPresence(api-ms-win-core-string-l1-1-0) -> 0x0, fPresent=1
b5c.1408: supR3HardenedMonitor_LdrLoadDll: pName=api-ms-win-core-string-l1-1-0 (rcNtResolve=0x0) *pfFlags=0x0 pwszSearchPath=0000000000000801:<flags> [calling]
b5c.1408: supR3HardenedMonitor_LdrLoadDll: returns rcNt=0x0 hMod=00007ffb3ff70000 'api-ms-win-core-string-l1-1-0'
b5c.1408: supR3HardenedIsApiSetDll: ApiSetQueryApiSetPresence(api-ms-win-core-localization-l1-2-1) -> 0x0, fPresent=1
b5c.1408: supR3HardenedMonitor_LdrLoadDll: pName=api-ms-win-core-localization-l1-2-1 (rcNtResolve=0x0) *pfFlags=0x0 pwszSearchPath=0000000000000801:<flags> [calling]
b5c.1408: supR3HardenedMonitor_LdrLoadDll: returns rcNt=0x0 hMod=00007ffb3ff70000 'api-ms-win-core-localization-l1-2-1'
b5c.1408: supR3HardenedIsApiSetDll: ApiSetQueryApiSetPresence(api-ms-win-core-datetime-l1-1-1) -> 0x0, fPresent=1
b5c.1408: supR3HardenedMonitor_LdrLoadDll: pName=api-ms-win-core-datetime-l1-1-1 (rcNtResolve=0x0) *pfFlags=0x0 pwszSearchPath=0000000000000801:<flags> [calling]
b5c.1408: supR3HardenedMonitor_LdrLoadDll: returns rcNt=0x0 hMod=00007ffb3ff70000 'api-ms-win-core-datetime-l1-1-1'
b5c.1408: supR3HardenedIsApiSetDll: ApiSetQueryApiSetPresence(api-ms-win-core-localization-obsolete-l1-2-0) -> 0x0, fPresent=1
b5c.1408: supR3HardenedMonitor_LdrLoadDll: pName=api-ms-win-core-localization-obsolete-l1-2-0 (rcNtResolve=0x0) *pfFlags=0x0 pwszSearchPath=0000000000000801:<flags> [calling]
b5c.1408: supR3HardenedMonitor_LdrLoadDll: returns rcNt=0x0 hMod=00007ffb3ff70000 'api-ms-win-core-localization-obsolete-l1-2-0'
b5c.1408: supR3HardenedMonitor_LdrLoadDll: returns rcNt=0x0 hMod=00007ffb304a0000 'C:\Windows\System32\DriverStore\FileRepository\nv_dispi.inf_amd64_37503b637f6a53da\nvgpucomp64.dll'
b5c.1408: supR3HardenedIsApiSetDll: ApiSetQueryApiSetPresence(api-ms-win-core-string-l1-1-0) -> 0x0, fPresent=1
b5c.1408: supR3HardenedMonitor_LdrLoadDll: pName=api-ms-win-core-string-l1-1-0 (rcNtResolve=0x0) *pfFlags=0x0 pwszSearchPath=0000000000000801:<flags> [calling]
b5c.1408: supR3HardenedMonitor_LdrLoadDll: returns rcNt=0x0 hMod=00007ffb3ff70000 'api-ms-win-core-string-l1-1-0'
b5c.1408: supR3HardenedIsApiSetDll: ApiSetQueryApiSetPresence(api-ms-win-core-localization-l1-2-1) -> 0x0, fPresent=1
b5c.1408: supR3HardenedMonitor_LdrLoadDll: pName=api-ms-win-core-localization-l1-2-1 (rcNtResolve=0x0) *pfFlags=0x0 pwszSearchPath=0000000000000801:<flags> [calling]
b5c.1408: supR3HardenedMonitor_LdrLoadDll: returns rcNt=0x0 hMod=00007ffb3ff70000 'api-ms-win-core-localization-l1-2-1'
b5c.1408: supR3HardenedIsApiSetDll: ApiSetQueryApiSetPresence(api-ms-win-core-datetime-l1-1-1) -> 0x0, fPresent=1
b5c.1408: supR3HardenedMonitor_LdrLoadDll: pName=api-ms-win-core-datetime-l1-1-1 (rcNtResolve=0x0) *pfFlags=0x0 pwszSearchPath=0000000000000801:<flags> [calling]
b5c.1408: supR3HardenedMonitor_LdrLoadDll: returns rcNt=0x0 hMod=00007ffb3ff70000 'api-ms-win-core-datetime-l1-1-1'
b5c.1408: supR3HardenedIsApiSetDll: ApiSetQueryApiSetPresence(api-ms-win-core-localization-obsolete-l1-2-0) -> 0x0, fPresent=1
b5c.1408: supR3HardenedMonitor_LdrLoadDll: pName=api-ms-win-core-localization-obsolete-l1-2-0 (rcNtResolve=0x0) *pfFlags=0x0 pwszSearchPath=0000000000000801:<flags> [calling]
b5c.1408: supR3HardenedMonitor_LdrLoadDll: returns rcNt=0x0 hMod=00007ffb3ff70000 'api-ms-win-core-localization-obsolete-l1-2-0'
b5c.1408: \Device\HarddiskVolume1\Windows\System32\DriverStore\FileRepository\nv_dispi.inf_amd64_37503b637f6a53da\NvMemMapStoragex.dll: Signature #2/3: VERR_CR_X509_CPV_NOT_VALID_AT_TIME for 0x6a27e3e8; retrying against current time: 0x6a684953.
b5c.1408: \Device\HarddiskVolume1\Windows\System32\DriverStore\FileRepository\nv_dispi.inf_amd64_37503b637f6a53da\NvMemMapStoragex.dll: Signature #2/3: VERR_CR_X509_CPV_NOT_VALID_AT_TIME (-23033) w/ timestamp=0x6a684953/now.
b5c.1408: supR3HardenedMonitor_LdrLoadDll: returns rcNt=0x0 hMod=00007ffb3eb20000 'C:\Windows\system32\rsaenh.dll'
b5c.1408: supR3HardenedMonitor_LdrLoadDll: returns rcNt=0x0 hMod=00007ffb40320000 'C:\Windows\System32\crypt32.dll'
b5c.1408: supR3HardenedWinVerifyCacheScheduleImports: Import todo: #0 'advapi32.dll'.
b5c.1408: supR3HardenedWinVerifyCacheScheduleImports: Import todo: #1 'user32.dll'.
b5c.1408: supR3HardenedWinVerifyCacheScheduleImports: Import todo: #2 'winmm.dll'.
b5c.1408: supR3HardenedWinVerifyCacheScheduleImports: Import todo: #3 'version.dll'.
b5c.1408: supR3HardenedWinVerifyCacheScheduleImports: Import todo: #4 'powrprof.dll'.
b5c.1408: supHardenedWinVerifyImageByHandle: -> 0 (\Device\HarddiskVolume1\Windows\System32\DriverStore\FileRepository\nv_dispi.inf_amd64_37503b637f6a53da\NvMemMapStoragex.dll) WinVerifyTrust
b5c.1408: supR3HardenedWinVerifyCacheInsert: \Device\HarddiskVolume1\Windows\System32\DriverStore\FileRepository\nv_dispi.inf_amd64_37503b637f6a53da\NvMemMapStoragex.dll
b5c.1408: supR3HardenedWinVerifyCacheProcessImportTodos: Processing 'powrprof.dll'...
b5c.1408: supR3HardenedWinVerifyCacheProcessImportTodos: 'powrprof.dll' -> '\Device\HarddiskVolume1\Windows\System32\powrprof.dll' [rcNtRedir=0xc0150008]
b5c.1408: supR3HardenedScreenImage/Imports: cache hit (VINF_SUCCESS) on \Device\HarddiskVolume1\Windows\System32\powrprof.dll
b5c.1408: supR3HardenedWinVerifyCacheProcessImportTodos: Processing 'version.dll'...
b5c.1408: supR3HardenedWinVerifyCacheProcessImportTodos: 'version.dll' -> '\Device\HarddiskVolume1\Windows\System32\version.dll' [rcNtRedir=0xc0150008]
b5c.1408: supR3HardenedScreenImage/Imports: cache hit (VINF_SUCCESS) on \Device\HarddiskVolume1\Windows\System32\version.dll
b5c.1408: supR3HardenedWinVerifyCacheProcessImportTodos: Processing 'winmm.dll'...
b5c.1408: supR3HardenedWinVerifyCacheProcessImportTodos: 'winmm.dll' -> '\Device\HarddiskVolume1\Windows\System32\winmm.dll' [rcNtRedir=0xc0150008]
b5c.1408: supR3HardenedScreenImage/Imports: cache hit (VINF_SUCCESS) on \Device\HarddiskVolume1\Windows\System32\winmm.dll
b5c.1408: supR3HardenedWinVerifyCacheProcessImportTodos: Processing 'user32.dll'...
b5c.1408: supR3HardenedWinVerifyCacheProcessImportTodos: 'user32.dll' -> '\Device\HarddiskVolume1\Windows\System32\user32.dll' [rcNtRedir=0xc0150008]
b5c.1408: supR3HardenedWinVerifyCacheProcessImportTodos: Processing 'advapi32.dll'...
b5c.1408: supR3HardenedWinVerifyCacheProcessImportTodos: 'advapi32.dll' -> '\Device\HarddiskVolume1\Windows\System32\advapi32.dll' [rcNtRedir=0xc0150008]
b5c.1408: supR3HardenedMonitor_LdrLoadDll: pName=C:\Windows\System32\DriverStore\FileRepository\nv_dispi.inf_amd64_37503b637f6a53da\NvMemMapStoragex.dll (rcNtResolve=0xc0150008) *pfFlags=0x0 pwszSearchPath=0000000000000001:<flags> [calling]
b5c.1408: supR3HardenedScreenImage/NtCreateSection: cache hit (VINF_SUCCESS) on \Device\HarddiskVolume1\Windows\System32\DriverStore\FileRepository\nv_dispi.inf_amd64_37503b637f6a53da\NvMemMapStoragex.dll
b5c.1408: supR3HardenedDllNotificationCallback: load   00007ffb2da00000 LB 0x000de000 C:\Windows\System32\DriverStore\FileRepository\nv_dispi.inf_amd64_37503b637f6a53da\NvMemMapStoragex.dll [fFlags=0x0]
b5c.1408: supR3HardenedScreenImage/LdrLoadDll: cache hit (VINF_SUCCESS) on \Device\HarddiskVolume1\Windows\System32\DriverStore\FileRepository\nv_dispi.inf_amd64_37503b637f6a53da\NvMemMapStoragex.dll
b5c.1408: supR3HardenedIsApiSetDll: ApiSetQueryApiSetPresence(api-ms-win-core-synch-l1-2-0) -> 0x0, fPresent=1
b5c.1408: supR3HardenedMonitor_LdrLoadDll: pName=api-ms-win-core-synch-l1-2-0 (rcNtResolve=0x0) *pfFlags=0x0 pwszSearchPath=0000000000000801:<flags> [calling]
b5c.1408: supR3HardenedMonitor_LdrLoadDll: returns rcNt=0x0 hMod=00007ffb3ff70000 'api-ms-win-core-synch-l1-2-0'
b5c.1408: supR3HardenedIsApiSetDll: ApiSetQueryApiSetPresence(api-ms-win-core-fibers-l1-1-1) -> 0x0, fPresent=1
b5c.1408: supR3HardenedMonitor_LdrLoadDll: pName=api-ms-win-core-fibers-l1-1-1 (rcNtResolve=0x0) *pfFlags=0x0 pwszSearchPath=0000000000000801:<flags> [calling]
b5c.1408: supR3HardenedMonitor_LdrLoadDll: returns rcNt=0x0 hMod=00007ffb3ff70000 'api-ms-win-core-fibers-l1-1-1'
b5c.1408: supR3HardenedIsApiSetDll: ApiSetQueryApiSetPresence(api-ms-win-core-synch-l1-2-0) -> 0x0, fPresent=1
b5c.1408: supR3HardenedMonitor_LdrLoadDll: pName=api-ms-win-core-synch-l1-2-0 (rcNtResolve=0x0) *pfFlags=0x0 pwszSearchPath=0000000000000801:<flags> [calling]
b5c.1408: supR3HardenedMonitor_LdrLoadDll: returns rcNt=0x0 hMod=00007ffb3ff70000 'api-ms-win-core-synch-l1-2-0'
b5c.1408: supR3HardenedScreenImage/LdrLoadDll: cache hit (VINF_SUCCESS) on \Device\HarddiskVolume1\Windows\System32\kernel32.dll
b5c.1408: supR3HardenedMonitor_LdrLoadDll: pName=C:\Windows\System32\kernel32.dll (Input=kernel32, rcNtResolve=0xc0150008) *pfFlags=0x0 pwszSearchPath=0000000000000801:<flags> [calling]
b5c.1408: supR3HardenedMonitor_LdrLoadDll: returns rcNt=0x0 hMod=00007ffb40c70000 'C:\Windows\System32\kernel32.dll'
b5c.1408: supR3HardenedMonitor_LdrLoadDll: returns rcNt=0x0 hMod=00007ffb2da00000 'C:\Windows\System32\DriverStore\FileRepository\nv_dispi.inf_amd64_37503b637f6a53da\NvMemMapStoragex.dll'
b5c.1408: \Device\HarddiskVolume1\Windows\System32\DriverStore\FileRepository\nv_dispi.inf_amd64_37503b637f6a53da\nvd3dumx.dll: Signature #2/3: VERR_CR_X509_CPV_NOT_VALID_AT_TIME for 0x6a27e362; retrying against current time: 0x6a684953.
b5c.1408: \Device\HarddiskVolume1\Windows\System32\DriverStore\FileRepository\nv_dispi.inf_amd64_37503b637f6a53da\nvd3dumx.dll: Signature #2/3: VERR_CR_X509_CPV_NOT_VALID_AT_TIME (-23033) w/ timestamp=0x6a684953/now.
b5c.1408: supR3HardenedMonitor_LdrLoadDll: returns rcNt=0x0 hMod=00007ffb3eb20000 'C:\Windows\system32\rsaenh.dll'
b5c.1408: supR3HardenedMonitor_LdrLoadDll: returns rcNt=0x0 hMod=00007ffb40320000 'C:\Windows\System32\crypt32.dll'
b5c.1408: supR3HardenedWinVerifyCacheScheduleImports: Import todo: #0 'version.dll'.
b5c.1408: supR3HardenedWinVerifyCacheScheduleImports: Import todo: #1 'user32.dll'.
b5c.1408: supR3HardenedWinVerifyCacheScheduleImports: Import todo: #3 'advapi32.dll'.
b5c.1408: supR3HardenedWinVerifyCacheScheduleImports: Import todo: #4 'gdi32.dll'.
b5c.1408: supR3HardenedWinVerifyCacheScheduleImports: Import todo: #5 'winmm.dll'.
b5c.1408: supHardenedWinVerifyImageByHandle: -> 0 (\Device\HarddiskVolume1\Windows\System32\DriverStore\FileRepository\nv_dispi.inf_amd64_37503b637f6a53da\nvd3dumx.dll) WinVerifyTrust
b5c.1408: supR3HardenedWinVerifyCacheInsert: \Device\HarddiskVolume1\Windows\System32\DriverStore\FileRepository\nv_dispi.inf_amd64_37503b637f6a53da\nvd3dumx.dll
b5c.1408: supR3HardenedWinVerifyCacheProcessImportTodos: Processing 'winmm.dll'...
b5c.1408: supR3HardenedWinVerifyCacheProcessImportTodos: 'winmm.dll' -> '\Device\HarddiskVolume1\Windows\System32\winmm.dll' [rcNtRedir=0xc0150008]
b5c.1408: supR3HardenedScreenImage/Imports: cache hit (VINF_SUCCESS) on \Device\HarddiskVolume1\Windows\System32\winmm.dll
b5c.1408: supR3HardenedWinVerifyCacheProcessImportTodos: Processing 'gdi32.dll'...
b5c.1408: supR3HardenedWinVerifyCacheProcessImportTodos: 'gdi32.dll' -> '\Device\HarddiskVolume1\Windows\System32\gdi32.dll' [rcNtRedir=0xc0150008]
b5c.1408: supR3HardenedWinVerifyCacheProcessImportTodos: Processing 'advapi32.dll'...
b5c.1408: supR3HardenedWinVerifyCacheProcessImportTodos: 'advapi32.dll' -> '\Device\HarddiskVolume1\Windows\System32\advapi32.dll' [rcNtRedir=0xc0150008]
b5c.1408: supR3HardenedWinVerifyCacheProcessImportTodos: Processing 'user32.dll'...
b5c.1408: supR3HardenedWinVerifyCacheProcessImportTodos: 'user32.dll' -> '\Device\HarddiskVolume1\Windows\System32\user32.dll' [rcNtRedir=0xc0150008]
b5c.1408: supR3HardenedWinVerifyCacheProcessImportTodos: Processing 'version.dll'...
b5c.1408: supR3HardenedWinVerifyCacheProcessImportTodos: 'version.dll' -> '\Device\HarddiskVolume1\Windows\System32\version.dll' [rcNtRedir=0xc0150008]
b5c.1408: supR3HardenedScreenImage/Imports: cache hit (VINF_SUCCESS) on \Device\HarddiskVolume1\Windows\System32\version.dll
b5c.1408: supR3HardenedMonitor_LdrLoadDll: pName=C:\Windows\System32\DriverStore\FileRepository\nv_dispi.inf_amd64_37503b637f6a53da\nvd3dumx.dll (rcNtResolve=0xc0150008) *pfFlags=0x0 pwszSearchPath=0000000000000001:<flags> [calling]
b5c.1408: supR3HardenedScreenImage/NtCreateSection: cache hit (VINF_SUCCESS) on \Device\HarddiskVolume1\Windows\System32\DriverStore\FileRepository\nv_dispi.inf_amd64_37503b637f6a53da\nvd3dumx.dll
b5c.1408: supR3HardenedDllNotificationCallback: load   00007ffae6960000 LB 0x02b05000 C:\Windows\System32\DriverStore\FileRepository\nv_dispi.inf_amd64_37503b637f6a53da\nvd3dumx.dll [fFlags=0x0]
b5c.1408: supR3HardenedScreenImage/LdrLoadDll: cache hit (VINF_SUCCESS) on \Device\HarddiskVolume1\Windows\System32\DriverStore\FileRepository\nv_dispi.inf_amd64_37503b637f6a53da\nvd3dumx.dll
b5c.1408: supR3HardenedIsApiSetDll: ApiSetQueryApiSetPresence(api-ms-win-core-synch-l1-2-0) -> 0x0, fPresent=1
b5c.1408: supR3HardenedMonitor_LdrLoadDll: pName=api-ms-win-core-synch-l1-2-0 (rcNtResolve=0x0) *pfFlags=0x0 pwszSearchPath=0000000000000801:<flags> [calling]
b5c.1408: supR3HardenedMonitor_LdrLoadDll: returns rcNt=0x0 hMod=00007ffb3ff70000 'api-ms-win-core-synch-l1-2-0'
b5c.1408: supR3HardenedIsApiSetDll: ApiSetQueryApiSetPresence(api-ms-win-core-fibers-l1-1-1) -> 0x0, fPresent=1
b5c.1408: supR3HardenedMonitor_LdrLoadDll: pName=api-ms-win-core-fibers-l1-1-1 (rcNtResolve=0x0) *pfFlags=0x0 pwszSearchPath=0000000000000801:<flags> [calling]
b5c.1408: supR3HardenedMonitor_LdrLoadDll: returns rcNt=0x0 hMod=00007ffb3ff70000 'api-ms-win-core-fibers-l1-1-1'
b5c.1408: supR3HardenedIsApiSetDll: ApiSetQueryApiSetPresence(api-ms-win-core-synch-l1-2-0) -> 0x0, fPresent=1
b5c.1408: supR3HardenedMonitor_LdrLoadDll: pName=api-ms-win-core-synch-l1-2-0 (rcNtResolve=0x0) *pfFlags=0x0 pwszSearchPath=0000000000000801:<flags> [calling]
b5c.1408: supR3HardenedMonitor_LdrLoadDll: returns rcNt=0x0 hMod=00007ffb3ff70000 'api-ms-win-core-synch-l1-2-0'
b5c.1408: supR3HardenedScreenImage/LdrLoadDll: cache hit (VINF_SUCCESS) on \Device\HarddiskVolume1\Windows\System32\kernel32.dll
b5c.1408: supR3HardenedMonitor_LdrLoadDll: pName=C:\Windows\System32\kernel32.dll (Input=kernel32, rcNtResolve=0xc0150008) *pfFlags=0x0 pwszSearchPath=0000000000000801:<flags> [calling]
b5c.1408: supR3HardenedMonitor_LdrLoadDll: returns rcNt=0x0 hMod=00007ffb40c70000 'C:\Windows\System32\kernel32.dll'
b5c.1408: supR3HardenedMonitor_LdrLoadDll: returns rcNt=0x0 hMod=00007ffae6960000 'C:\Windows\System32\DriverStore\FileRepository\nv_dispi.inf_amd64_37503b637f6a53da\nvd3dumx.dll'
b5c.1408: supR3HardenedMonitor_LdrLoadDll: returns rcNt=0x0 hMod=00007ffb40fd0000 'C:\Windows\System32\gdi32.dll'
b5c.1408: supR3HardenedDllNotificationCallback: Unload 00007ffb304a0000 LB 0x03d94000 C:\Windows\System32\DriverStore\FileRepository\nv_dispi.inf_amd64_37503b637f6a53da\nvgpucomp64.dll [flags=0x0]
b5c.1408: supR3HardenedDllNotificationCallback: Unload 00007ffb2da00000 LB 0x000de000 C:\Windows\System32\DriverStore\FileRepository\nv_dispi.inf_amd64_37503b637f6a53da\NvMemMapStoragex.dll [flags=0x0]
b5c.1408: supR3HardenedDllNotificationCallback: Unload 00007ffb35b10000 LB 0x00147000 C:\Windows\System32\drvstore.dll [flags=0x0]
b5c.1408: supR3HardenedDllNotificationCallback: Unload 00007ffb34fa0000 LB 0x000c5000 C:\Windows\System32\DriverStore\FileRepository\nv_dispi.inf_amd64_37503b637f6a53da\nvldumdx.dll [flags=0x0]
b5c.1408: supR3HardNtViCallWinVerifyTrustCatFile: hFile=0000000000000b90 pwszName=\Device\HarddiskVolume1\Windows\System32\DataExchange.dll
b5c.1408: supR3HardNtViCallWinVerifyTrustCatFile: Cached context 000001d54f07e0d0
b5c.1408: supR3HardNtViCallWinVerifyTrustCatFile: hCatAdmin=000001d54f07e0d0
b5c.1408: supR3HardNtViCallWinVerifyTrustCatFile: cbHash=20 wszDigest=A4DA1F962C9E63B820B3A3C3D62A801F6EF1AA0C
b5c.1408: supR3HardenedMonitor_LdrLoadDll: returns rcNt=0x0 hMod=00007ffb3eb20000 'C:\Windows\system32\rsaenh.dll'
b5c.1408: supR3HardenedMonitor_LdrLoadDll: returns rcNt=0x0 hMod=00007ffb40320000 'C:\Windows\System32\crypt32.dll'
b5c.1408: supR3HardNtViCallWinVerifyTrustCatFile: WinVerifyTrust => 0x0; cat='C:\Windows\system32\CatRoot\{F750E6C3-38EE-11D1-85E5-00C04FC295EE}\Microsoft-Windows-Client-Desktop-Required-Package0510~31bf3856ad364e35~amd64~~10.0.19041.6456.cat'; file='\Device\HarddiskVolume1\Windows\System32\DataExchange.dll'
b5c.1408: supR3HardNtViCallWinVerifyTrustCatFile -> 0 (org 22900)
b5c.1408: supR3HardenedWinVerifyCacheScheduleImports: Import todo: #0 'msvcrt.dll'.
b5c.1408: supR3HardenedWinVerifyCacheScheduleImports: Import todo: #26 'd3d11.dll'.
b5c.1408: supR3HardenedWinVerifyCacheScheduleImports: Import todo: #27 'dcomp.dll'.
b5c.1408: supHardenedWinVerifyImageByHandle: -> 0 (\Device\HarddiskVolume1\Windows\System32\DataExchange.dll) WinVerifyTrust
b5c.1408: supR3HardenedWinVerifyCacheInsert: \Device\HarddiskVolume1\Windows\System32\DataExchange.dll
b5c.1408: supR3HardenedWinVerifyCacheProcessImportTodos: Processing 'dcomp.dll'...
b5c.1408: supR3HardenedWinVerifyCacheProcessImportTodos: 'dcomp.dll' -> '\Device\HarddiskVolume1\Windows\System32\dcomp.dll' [rcNtRedir=0xc0150008]
b5c.2938: supR3HardenedDllNotificationCallback: Unload 00007ffae6960000 LB 0x02b05000 C:\Windows\System32\DriverStore\FileRepository\nv_dispi.inf_amd64_37503b637f6a53da\nvd3dumx.dll [flags=0x0]
b5c.1408: supR3HardenedMonitor_LdrLoadDll: returns rcNt=0x0 hMod=00007ffb3eb20000 'C:\Windows\system32\rsaenh.dll'
b5c.1408: supR3HardenedMonitor_LdrLoadDll: returns rcNt=0x0 hMod=00007ffb40320000 'C:\Windows\System32\crypt32.dll'
b5c.1408: supR3HardenedWinVerifyCacheScheduleImports: Import todo: #0 'win32u.dll'.
b5c.1408: supR3HardenedWinVerifyCacheScheduleImports: Import todo: #1 'msvcp_win.dll'.
b5c.1408: supHardenedWinVerifyImageByHandle: -> 0 (\Device\HarddiskVolume1\Windows\System32\dcomp.dll) WinVerifyTrust
b5c.1408: supR3HardenedWinVerifyCacheInsert: \Device\HarddiskVolume1\Windows\System32\dcomp.dll
b5c.1408: supR3HardenedWinVerifyCacheProcessImportTodos: Processing 'd3d11.dll'...
b5c.1408: supR3HardenedWinVerifyCacheProcessImportTodos: 'd3d11.dll' -> '\Device\HarddiskVolume1\Windows\System32\d3d11.dll' [rcNtRedir=0xc0150008]
b5c.1408: supR3HardenedScreenImage/Imports: cache hit (VINF_SUCCESS) on \Device\HarddiskVolume1\Windows\System32\d3d11.dll
b5c.1408: supR3HardenedWinVerifyCacheProcessImportTodos: Processing 'msvcrt.dll'...
b5c.1408: supR3HardenedWinVerifyCacheProcessImportTodos: 'msvcrt.dll' -> '\Device\HarddiskVolume1\Windows\System32\msvcrt.dll' [rcNtRedir=0xc0150008]
b5c.1408: supR3HardenedWinVerifyCacheProcessImportTodos: Processing 'msvcp_win.dll'...
b5c.1408: supR3HardenedWinVerifyCacheProcessImportTodos: 'msvcp_win.dll' -> '\Device\HarddiskVolume1\Windows\System32\msvcp_win.dll' [rcNtRedir=0xc0150008]
b5c.1408: supR3HardenedScreenImage/Imports: cache hit (VINF_SUCCESS) on \Device\HarddiskVolume1\Windows\System32\msvcp_win.dll
b5c.1408: supR3HardenedWinVerifyCacheProcessImportTodos: Processing 'win32u.dll'...
b5c.1408: supR3HardenedWinVerifyCacheProcessImportTodos: 'win32u.dll' -> '\Device\HarddiskVolume1\Windows\System32\win32u.dll' [rcNtRedir=0xc0150008]
b5c.1408: supR3HardenedMonitor_LdrLoadDll: pName=C:\Windows\system32\dataexchange.dll (rcNtResolve=0xc0150008) *pfFlags=0x0 pwszSearchPath=0000000000002009:<flags> [calling]
b5c.1408: supR3HardenedScreenImage/NtCreateSection: cache hit (VINF_SUCCESS) on \Device\HarddiskVolume1\Windows\System32\DataExchange.dll
b5c.1408: supR3HardenedScreenImage/NtCreateSection: cache hit (VINF_SUCCESS) on \Device\HarddiskVolume1\Windows\System32\dcomp.dll
b5c.1408: supR3HardenedDllNotificationCallback: load   00007ffb3c200000 LB 0x001e4000 C:\Windows\system32\dcomp.dll [fFlags=0x0]
b5c.1408: supR3HardenedScreenImage/LdrLoadDll: cache hit (VINF_SUCCESS) on \Device\HarddiskVolume1\Windows\System32\dcomp.dll
b5c.1408: supR3HardenedDllNotificationCallback: load   00007ffb04760000 LB 0x0003e000 C:\Windows\system32\dataexchange.dll [fFlags=0x0]
b5c.1408: supR3HardenedScreenImage/LdrLoadDll: cache hit (VINF_SUCCESS) on \Device\HarddiskVolume1\Windows\System32\DataExchange.dll
b5c.1408: supR3HardenedMonitor_LdrLoadDll: returns rcNt=0x0 hMod=00007ffb04760000 'C:\Windows\system32\dataexchange.dll'
b5c.1408: supR3HardenedWinVerifyCacheScheduleImports: Import todo: #30 'rpcrt4.dll'.
b5c.1408: supR3HardenedWinVerifyCacheScheduleImports: Import todo: #43 'combase.dll'.
b5c.1408: supR3HardenedWinVerifyCacheScheduleImports: Import todo: #45 'msvcp_win.dll'.
b5c.1408: supHardenedWinVerifyImageByHandle: -> 0 (\Device\HarddiskVolume1\Windows\System32\twinapi.appcore.dll)
b5c.1408: supR3HardenedWinVerifyCacheInsert: \Device\HarddiskVolume1\Windows\System32\twinapi.appcore.dll
b5c.1408: supR3HardenedDllNotificationCallback: load   00007ffb393b0000 LB 0x00203000 C:\Windows\system32\twinapi.appcore.dll [fFlags=0x0]
b5c.1408: supR3HardenedScreenImage/LdrLoadDll: cache hit (VINF_SUCCESS) on \Device\HarddiskVolume1\Windows\System32\twinapi.appcore.dll [avoiding WinVerifyTrust]
b5c.1408: supR3HardenedWinVerifyCacheScheduleImports: Import todo: #0 'msvcrt.dll'.
b5c.1408: supR3HardenedWinVerifyCacheScheduleImports: Import todo: #15 'oleaut32.dll'.
b5c.1408: supR3HardenedWinVerifyCacheScheduleImports: Import todo: #17 'rpcrt4.dll'.
b5c.1408: supR3HardenedWinVerifyCacheScheduleImports: Import todo: #20 'coreuicomponents.dll'.
b5c.1408: supR3HardenedWinVerifyCacheScheduleImports: Import todo: #21 'coremessaging.dll'.
b5c.1408: supHardenedWinVerifyImageByHandle: -> 0 (\Device\HarddiskVolume1\Windows\System32\TextInputFramework.dll)
b5c.1408: supR3HardenedWinVerifyCacheInsert: \Device\HarddiskVolume1\Windows\System32\TextInputFramework.dll
b5c.1408: supR3HardenedWinVerifyCacheScheduleImports: Import todo: #0 'msvcrt.dll'.
b5c.1408: supR3HardenedWinVerifyCacheScheduleImports: Import todo: #35 'coremessaging.dll'.
b5c.1408: supR3HardenedWinVerifyCacheScheduleImports: Import todo: #40 'rpcrt4.dll'.
b5c.1408: supR3HardenedWinVerifyCacheScheduleImports: Import todo: #48 'shcore.dll'.
b5c.1408: supHardenedWinVerifyImageByHandle: -> 0 (\Device\HarddiskVolume1\Windows\System32\CoreUIComponents.dll)
b5c.1408: supR3HardenedWinVerifyCacheInsert: \Device\HarddiskVolume1\Windows\System32\CoreUIComponents.dll
b5c.1408: supR3HardenedWinVerifyCacheScheduleImports: Import todo: #0 'msvcrt.dll'.
b5c.1408: supR3HardenedWinVerifyCacheScheduleImports: Import todo: #20 'ws2_32.dll'.
b5c.1408: supHardenedWinVerifyImageByHandle: -> 0 (\Device\HarddiskVolume1\Windows\System32\CoreMessaging.dll)
b5c.1408: supR3HardenedWinVerifyCacheInsert: \Device\HarddiskVolume1\Windows\System32\CoreMessaging.dll
b5c.1408: supHardenedWinVerifyImageByHandle: -> 0 (\Device\HarddiskVolume1\Windows\System32\ntmarta.dll)
b5c.1408: supR3HardenedWinVerifyCacheInsert: \Device\HarddiskVolume1\Windows\System32\ntmarta.dll
b5c.1408: supR3HardenedWinVerifyCacheScheduleImports: Import todo: #3 'combase.dll'.
b5c.1408: supR3HardenedWinVerifyCacheScheduleImports: Import todo: #24 'rpcrt4.dll'.
b5c.1408: supR3HardenedWinVerifyCacheScheduleImports: Import todo: #32 'bcryptprimitives.dll'.
b5c.1408: supHardenedWinVerifyImageByHandle: -> 0 (\Device\HarddiskVolume1\Windows\System32\WinTypes.dll)
b5c.1408: supR3HardenedWinVerifyCacheInsert: \Device\HarddiskVolume1\Windows\System32\WinTypes.dll
b5c.1408: supR3HardenedDllNotificationCallback: load   00007ffb3ed70000 LB 0x00033000 C:\Windows\SYSTEM32\ntmarta.dll [fFlags=0x0]
b5c.1408: supR3HardenedScreenImage/LdrLoadDll: cache hit (VINF_SUCCESS) on \Device\HarddiskVolume1\Windows\System32\ntmarta.dll [avoiding WinVerifyTrust]
b5c.1408: supR3HardenedDllNotificationCallback: load   00007ffb3cbc0000 LB 0x000f2000 C:\Windows\System32\CoreMessaging.dll [fFlags=0x0]
b5c.1408: supR3HardenedScreenImage/LdrLoadDll: cache hit (VINF_SUCCESS) on \Device\HarddiskVolume1\Windows\System32\CoreMessaging.dll [avoiding WinVerifyTrust]
b5c.1408: supR3HardenedDllNotificationCallback: load   00007ffb3b200000 LB 0x00157000 C:\Windows\SYSTEM32\wintypes.dll [fFlags=0x0]
b5c.1408: supR3HardenedScreenImage/LdrLoadDll: cache hit (VINF_SUCCESS) on \Device\HarddiskVolume1\Windows\System32\WinTypes.dll [avoiding WinVerifyTrust]
b5c.1408: supR3HardenedDllNotificationCallback: load   00007ffb3c400000 LB 0x0035b000 C:\Windows\System32\CoreUIComponents.dll [fFlags=0x0]
b5c.1408: supR3HardenedScreenImage/LdrLoadDll: cache hit (VINF_SUCCESS) on \Device\HarddiskVolume1\Windows\System32\CoreUIComponents.dll [avoiding WinVerifyTrust]
b5c.1408: supR3HardenedDllNotificationCallback: load   00007ffb2df40000 LB 0x000f9000 C:\Windows\SYSTEM32\textinputframework.dll [fFlags=0x0]
b5c.1408: supR3HardenedScreenImage/LdrLoadDll: cache hit (VINF_SUCCESS) on \Device\HarddiskVolume1\Windows\System32\TextInputFramework.dll [avoiding WinVerifyTrust]
b5c.1408: supR3HardenedWinVerifyCacheProcessImportTodos: Processing 'bcryptprimitives.dll'...
b5c.1408: supR3HardenedWinVerifyCacheProcessImportTodos: 'bcryptprimitives.dll' -> '\Device\HarddiskVolume1\Windows\System32\bcryptprimitives.dll' [rcNtRedir=0xc0150008]
b5c.1408: supR3HardenedScreenImage/Imports: cache hit (VINF_SUCCESS) on \Device\HarddiskVolume1\Windows\System32\bcryptprimitives.dll
b5c.1408: supR3HardenedWinVerifyCacheProcessImportTodos: Processing 'rpcrt4.dll'...
b5c.1408: supR3HardenedWinVerifyCacheProcessImportTodos: 'rpcrt4.dll' -> '\Device\HarddiskVolume1\Windows\System32\rpcrt4.dll' [rcNtRedir=0xc0150008]
b5c.1408: supR3HardenedWinVerifyCacheProcessImportTodos: Processing 'combase.dll'...
b5c.1408: supR3HardenedWinVerifyCacheProcessImportTodos: 'combase.dll' -> '\Device\HarddiskVolume1\Windows\System32\combase.dll' [rcNtRedir=0xc0150008]
b5c.1408: supR3HardenedScreenImage/Imports: cache hit (VINF_SUCCESS) on \Device\HarddiskVolume1\Windows\System32\combase.dll
b5c.1408: supR3HardenedWinVerifyCacheProcessImportTodos: Processing 'ws2_32.dll'...
b5c.1408: supR3HardenedWinVerifyCacheProcessImportTodos: 'ws2_32.dll' -> '\Device\HarddiskVolume1\Windows\System32\ws2_32.dll' [rcNtRedir=0xc0150008]
b5c.1408: supR3HardenedScreenImage/Imports: cache hit (VINF_SUCCESS) on \Device\HarddiskVolume1\Windows\System32\ws2_32.dll
b5c.1408: supR3HardenedWinVerifyCacheProcessImportTodos: Processing 'msvcrt.dll'...
b5c.1408: supR3HardenedWinVerifyCacheProcessImportTodos: 'msvcrt.dll' -> '\Device\HarddiskVolume1\Windows\System32\msvcrt.dll' [rcNtRedir=0xc0150008]
b5c.1408: supR3HardenedWinVerifyCacheProcessImportTodos: Processing 'shcore.dll'...
b5c.1408: supR3HardenedWinVerifyCacheProcessImportTodos: 'shcore.dll' -> '\Device\HarddiskVolume1\Windows\System32\shcore.dll' [rcNtRedir=0xc0150008]
b5c.1408: supR3HardenedScreenImage/Imports: cache hit (VINF_SUCCESS) on \Device\HarddiskVolume1\Windows\System32\SHCore.dll
b5c.1408: supR3HardenedWinVerifyCacheProcessImportTodos: Processing 'rpcrt4.dll'...
b5c.1408: supR3HardenedWinVerifyCacheProcessImportTodos: 'rpcrt4.dll' -> '\Device\HarddiskVolume1\Windows\System32\rpcrt4.dll' [rcNtRedir=0xc0150008]
b5c.1408: supR3HardenedWinVerifyCacheProcessImportTodos: Processing 'coremessaging.dll'...
b5c.1408: supR3HardenedWinVerifyCacheProcessImportTodos: 'coremessaging.dll' -> '\Device\HarddiskVolume1\Windows\System32\coremessaging.dll' [rcNtRedir=0xc0150008]
b5c.1408: supR3HardenedScreenImage/Imports: cache hit (VINF_SUCCESS) on \Device\HarddiskVolume1\Windows\System32\CoreMessaging.dll [lacks WinVerifyTrust]
b5c.1408: supR3HardenedWinVerifyCacheProcessImportTodos: Processing 'msvcrt.dll'...
b5c.1408: supR3HardenedWinVerifyCacheProcessImportTodos: 'msvcrt.dll' -> '\Device\HarddiskVolume1\Windows\System32\msvcrt.dll' [rcNtRedir=0xc0150008]
b5c.1408: supR3HardenedWinVerifyCacheProcessImportTodos: Processing 'coremessaging.dll'...
b5c.1408: supR3HardenedWinVerifyCacheProcessImportTodos: 'coremessaging.dll' -> '\Device\HarddiskVolume1\Windows\System32\coremessaging.dll' [rcNtRedir=0xc0150008]
b5c.1408: supR3HardenedScreenImage/Imports: cache hit (VINF_SUCCESS) on \Device\HarddiskVolume1\Windows\System32\CoreMessaging.dll [lacks WinVerifyTrust]
b5c.1408: supR3HardenedWinVerifyCacheProcessImportTodos: Processing 'coreuicomponents.dll'...
b5c.1408: supR3HardenedWinVerifyCacheProcessImportTodos: 'coreuicomponents.dll' -> '\Device\HarddiskVolume1\Windows\System32\coreuicomponents.dll' [rcNtRedir=0xc0150008]
b5c.1408: supR3HardenedScreenImage/Imports: cache hit (VINF_SUCCESS) on \Device\HarddiskVolume1\Windows\System32\CoreUIComponents.dll [lacks WinVerifyTrust]
b5c.1408: supR3HardenedWinVerifyCacheProcessImportTodos: Processing 'rpcrt4.dll'...
b5c.1408: supR3HardenedWinVerifyCacheProcessImportTodos: 'rpcrt4.dll' -> '\Device\HarddiskVolume1\Windows\System32\rpcrt4.dll' [rcNtRedir=0xc0150008]
b5c.1408: supR3HardenedWinVerifyCacheProcessImportTodos: Processing 'oleaut32.dll'...
b5c.1408: supR3HardenedWinVerifyCacheProcessImportTodos: 'oleaut32.dll' -> '\Device\HarddiskVolume1\Windows\System32\oleaut32.dll' [rcNtRedir=0xc0150008]
b5c.1408: supR3HardenedWinVerifyCacheProcessImportTodos: Processing 'msvcrt.dll'...
b5c.1408: supR3HardenedWinVerifyCacheProcessImportTodos: 'msvcrt.dll' -> '\Device\HarddiskVolume1\Windows\System32\msvcrt.dll' [rcNtRedir=0xc0150008]
b5c.1408: supR3HardenedWinVerifyCacheProcessImportTodos: Processing 'msvcp_win.dll'...
b5c.1408: supR3HardenedWinVerifyCacheProcessImportTodos: 'msvcp_win.dll' -> '\Device\HarddiskVolume1\Windows\System32\msvcp_win.dll' [rcNtRedir=0xc0150008]
b5c.1408: supR3HardenedWinVerifyCacheProcessImportTodos: Processing 'combase.dll'...
b5c.1408: supR3HardenedWinVerifyCacheProcessImportTodos: 'combase.dll' -> '\Device\HarddiskVolume1\Windows\System32\combase.dll' [rcNtRedir=0xc0150008]
b5c.1408: supR3HardenedScreenImage/Imports: cache hit (VINF_SUCCESS) on \Device\HarddiskVolume1\Windows\System32\combase.dll
b5c.1408: supR3HardenedWinVerifyCacheProcessImportTodos: Processing 'rpcrt4.dll'...
b5c.1408: supR3HardenedWinVerifyCacheProcessImportTodos: 'rpcrt4.dll' -> '\Device\HarddiskVolume1\Windows\System32\rpcrt4.dll' [rcNtRedir=0xc0150008]
b5c.1408: supR3HardenedMonitor_LdrLoadDll: returns rcNt=0x0 hMod=00007ffb3eb20000 'C:\Windows\system32\rsaenh.dll'
b5c.1408: supR3HardenedMonitor_LdrLoadDll: returns rcNt=0x0 hMod=00007ffb40320000 'C:\Windows\System32\crypt32.dll'
b5c.1408: supR3HardenedWinVerifyCacheProcessWvtTodos: 0 (was 0) fWinVerifyTrust=1 for '\Device\HarddiskVolume1\Windows\System32\WinTypes.dll'
b5c.1408: supR3HardenedMonitor_LdrLoadDll: returns rcNt=0x0 hMod=00007ffb3eb20000 'C:\Windows\system32\rsaenh.dll'
b5c.1408: supR3HardenedMonitor_LdrLoadDll: returns rcNt=0x0 hMod=00007ffb40320000 'C:\Windows\System32\crypt32.dll'
b5c.1408: supR3HardenedWinVerifyCacheProcessWvtTodos: 0 (was 0) fWinVerifyTrust=1 for '\Device\HarddiskVolume1\Windows\System32\ntmarta.dll'
b5c.1408: supR3HardenedMonitor_LdrLoadDll: returns rcNt=0x0 hMod=00007ffb3eb20000 'C:\Windows\system32\rsaenh.dll'
b5c.1408: supR3HardenedMonitor_LdrLoadDll: returns rcNt=0x0 hMod=00007ffb40320000 'C:\Windows\System32\crypt32.dll'
b5c.1408: supR3HardenedWinVerifyCacheProcessWvtTodos: 0 (was 0) fWinVerifyTrust=1 for '\Device\HarddiskVolume1\Windows\System32\CoreMessaging.dll'
b5c.1408: supR3HardenedMonitor_LdrLoadDll: returns rcNt=0x0 hMod=00007ffb3eb20000 'C:\Windows\system32\rsaenh.dll'
b5c.1408: supR3HardenedMonitor_LdrLoadDll: returns rcNt=0x0 hMod=00007ffb40320000 'C:\Windows\System32\crypt32.dll'
b5c.1408: supR3HardenedWinVerifyCacheProcessWvtTodos: 0 (was 0) fWinVerifyTrust=1 for '\Device\HarddiskVolume1\Windows\System32\CoreUIComponents.dll'
b5c.1408: supR3HardenedMonitor_LdrLoadDll: returns rcNt=0x0 hMod=00007ffb3eb20000 'C:\Windows\system32\rsaenh.dll'
b5c.1408: supR3HardenedMonitor_LdrLoadDll: returns rcNt=0x0 hMod=00007ffb40320000 'C:\Windows\System32\crypt32.dll'
b5c.1408: supR3HardenedWinVerifyCacheProcessWvtTodos: 0 (was 0) fWinVerifyTrust=1 for '\Device\HarddiskVolume1\Windows\System32\TextInputFramework.dll'
b5c.1408: supR3HardenedMonitor_LdrLoadDll: returns rcNt=0x0 hMod=00007ffb3eb20000 'C:\Windows\system32\rsaenh.dll'
b5c.1408: supR3HardenedMonitor_LdrLoadDll: returns rcNt=0x0 hMod=00007ffb40320000 'C:\Windows\System32\crypt32.dll'
b5c.1408: supR3HardenedWinVerifyCacheProcessWvtTodos: 0 (was 0) fWinVerifyTrust=1 for '\Device\HarddiskVolume1\Windows\System32\twinapi.appcore.dll'
b5c.1408: supR3HardenedMonitor_LdrLoadDll: returns rcNt=0x0 hMod=00007ffb41990000 'C:\Windows\System32\ADVAPI32.dll'
b5c.1408: supR3HardenedMonitor_LdrLoadDll: returns rcNt=0x0 hMod=00007ffb416b0000 'C:\Windows\System32\ole32.dll'
b5c.1408: supR3HardenedMonitor_LdrLoadDll: returns rcNt=0x0 hMod=00007ffb40520000 'C:\Windows\System32\OLEAUT32.dll'
b5c.1408: supR3HardNtViCallWinVerifyTrustCatFile: hFile=0000000000000c1c pwszName=\Device\HarddiskVolume1\Windows\System32\wbem\wbemprox.dll
b5c.1408: supR3HardNtViCallWinVerifyTrustCatFile: Cached context 000001d54f07e0d0
b5c.1408: supR3HardNtViCallWinVerifyTrustCatFile: hCatAdmin=000001d54f07e0d0
b5c.1408: supR3HardNtViCallWinVerifyTrustCatFile: cbHash=20 wszDigest=3BDE779C324B1B2E91238C2A86E13264284D56B8
b5c.1408: supR3HardenedMonitor_LdrLoadDll: returns rcNt=0x0 hMod=00007ffb3eb20000 'C:\Windows\system32\rsaenh.dll'
b5c.1408: supR3HardenedMonitor_LdrLoadDll: returns rcNt=0x0 hMod=00007ffb40320000 'C:\Windows\System32\crypt32.dll'
b5c.1408: supR3HardNtViCallWinVerifyTrustCatFile: WinVerifyTrust => 0x0; cat='C:\Windows\system32\CatRoot\{F750E6C3-38EE-11D1-85E5-00C04FC295EE}\Microsoft-Windows-Client-Desktop-Required-Package04~31bf3856ad364e35~amd64~~10.0.19041.6456.cat'; file='\Device\HarddiskVolume1\Windows\System32\wbem\wbemprox.dll'
b5c.1408: supR3HardNtViCallWinVerifyTrustCatFile -> 0 (org 22900)
b5c.1408: supR3HardenedWinVerifyCacheScheduleImports: Import todo: #0 'msvcrt.dll'.
b5c.1408: supR3HardenedWinVerifyCacheScheduleImports: Import todo: #5 'ws2_32.dll'.
b5c.1408: supR3HardenedWinVerifyCacheScheduleImports: Import todo: #18 'wbemcomn.dll'.
b5c.1408: supHardenedWinVerifyImageByHandle: -> 0 (\Device\HarddiskVolume1\Windows\System32\wbem\wbemprox.dll) WinVerifyTrust
b5c.1408: supR3HardenedWinVerifyCacheInsert: \Device\HarddiskVolume1\Windows\System32\wbem\wbemprox.dll
b5c.1408: supR3HardenedWinVerifyCacheProcessImportTodos: Processing 'wbemcomn.dll'...
b5c.1408: supR3HardenedWinVerifyCacheProcessImportTodos: 'wbemcomn.dll' -> '\Device\HarddiskVolume1\Windows\System32\wbemcomn.dll' [rcNtRedir=0xc0150008]
b5c.1408: supR3HardNtViCallWinVerifyTrustCatFile: hFile=0000000000000c40 pwszName=\Device\HarddiskVolume1\Windows\System32\wbemcomn.dll
b5c.1408: supR3HardNtViCallWinVerifyTrustCatFile: Cached context 000001d54f07e0d0
b5c.1408: supR3HardNtViCallWinVerifyTrustCatFile: hCatAdmin=000001d54f07e0d0
b5c.1408: supR3HardNtViCallWinVerifyTrustCatFile: cbHash=20 wszDigest=10D4848489EBE5251FC06EBA39CD8C3F27FB5394
b5c.1408: supR3HardenedMonitor_LdrLoadDll: returns rcNt=0x0 hMod=00007ffb3eb20000 'C:\Windows\system32\rsaenh.dll'
b5c.1408: supR3HardenedMonitor_LdrLoadDll: returns rcNt=0x0 hMod=00007ffb40320000 'C:\Windows\System32\crypt32.dll'
b5c.1408: supR3HardNtViCallWinVerifyTrustCatFile: WinVerifyTrust => 0x0; cat='C:\Windows\system32\CatRoot\{F750E6C3-38EE-11D1-85E5-00C04FC295EE}\Microsoft-Windows-Client-Desktop-Required-Package04~31bf3856ad364e35~amd64~~10.0.19041.6456.cat'; file='\Device\HarddiskVolume1\Windows\System32\wbemcomn.dll'
b5c.1408: supR3HardNtViCallWinVerifyTrustCatFile -> 0 (org 22900)
b5c.1408: supR3HardenedWinVerifyCacheScheduleImports: Import todo: #0 'msvcrt.dll'.
b5c.1408: supHardenedWinVerifyImageByHandle: -> 0 (\Device\HarddiskVolume1\Windows\System32\wbemcomn.dll) WinVerifyTrust
b5c.1408: supR3HardenedWinVerifyCacheInsert: \Device\HarddiskVolume1\Windows\System32\wbemcomn.dll
b5c.1408: supR3HardenedWinVerifyCacheProcessImportTodos: Processing 'ws2_32.dll'...
b5c.1408: supR3HardenedWinVerifyCacheProcessImportTodos: 'ws2_32.dll' -> '\Device\HarddiskVolume1\Windows\System32\ws2_32.dll' [rcNtRedir=0xc0150008]
b5c.1408: supR3HardenedScreenImage/Imports: cache hit (VINF_SUCCESS) on \Device\HarddiskVolume1\Windows\System32\ws2_32.dll
b5c.1408: supR3HardenedWinVerifyCacheProcessImportTodos: Processing 'msvcrt.dll'...
b5c.1408: supR3HardenedWinVerifyCacheProcessImportTodos: 'msvcrt.dll' -> '\Device\HarddiskVolume1\Windows\System32\msvcrt.dll' [rcNtRedir=0xc0150008]
b5c.1408: supR3HardenedWinVerifyCacheProcessImportTodos: Processing 'msvcrt.dll'...
b5c.1408: supR3HardenedWinVerifyCacheProcessImportTodos: 'msvcrt.dll' -> '\Device\HarddiskVolume1\Windows\System32\msvcrt.dll' [rcNtRedir=0xc0150008]
b5c.1408: supR3HardenedMonitor_LdrLoadDll: pName=C:\Windows\system32\wbem\wbemprox.dll (rcNtResolve=0xc0150008) *pfFlags=0x0 pwszSearchPath=0000000000002009:<flags> [calling]
b5c.1408: supR3HardenedScreenImage/NtCreateSection: cache hit (VINF_SUCCESS) on \Device\HarddiskVolume1\Windows\System32\wbem\wbemprox.dll
b5c.1408: supR3HardenedScreenImage/NtCreateSection: cache hit (VINF_SUCCESS) on \Device\HarddiskVolume1\Windows\System32\wbemcomn.dll
b5c.1408: supR3HardenedDllNotificationCallback: load   00007ffb3a080000 LB 0x00090000 C:\Windows\SYSTEM32\wbemcomn.dll [fFlags=0x0]
b5c.1408: supR3HardenedScreenImage/LdrLoadDll: cache hit (VINF_SUCCESS) on \Device\HarddiskVolume1\Windows\System32\wbemcomn.dll
b5c.1408: supR3HardenedDllNotificationCallback: load   00007ffb396d0000 LB 0x00011000 C:\Windows\system32\wbem\wbemprox.dll [fFlags=0x0]
b5c.1408: supR3HardenedScreenImage/LdrLoadDll: cache hit (VINF_SUCCESS) on \Device\HarddiskVolume1\Windows\System32\wbem\wbemprox.dll
b5c.1408: supR3HardenedIsApiSetDll: ApiSetQueryApiSetPresence(API-MS-Win-Core-LocalRegistry-L1-1-0.dll) -> 0x0, fPresent=1
b5c.1408: supR3HardenedMonitor_LdrLoadDll: pName=API-MS-Win-Core-LocalRegistry-L1-1-0.dll (rcNtResolve=0x0) *pfFlags=0x0 pwszSearchPath=0000000000000009:<flags> [calling]
b5c.1408: supR3HardenedMonitor_LdrLoadDll: returns rcNt=0x0 hMod=00007ffb3ff70000 'API-MS-Win-Core-LocalRegistry-L1-1-0.dll'
b5c.1408: supR3HardenedMonitor_LdrLoadDll: returns rcNt=0x0 hMod=00007ffb396d0000 'C:\Windows\system32\wbem\wbemprox.dll'
b5c.1408: supR3HardNtViCallWinVerifyTrustCatFile: hFile=0000000000000c34 pwszName=\Device\HarddiskVolume1\Windows\System32\wbem\wbemsvc.dll
b5c.1408: supR3HardNtViCallWinVerifyTrustCatFile: Cached context 000001d54f07e0d0
b5c.1408: supR3HardNtViCallWinVerifyTrustCatFile: hCatAdmin=000001d54f07e0d0
b5c.1408: supR3HardNtViCallWinVerifyTrustCatFile: cbHash=20 wszDigest=86AB79F51B3C103952EF93FB96F82884D552BCBD
b5c.1408: supR3HardenedMonitor_LdrLoadDll: returns rcNt=0x0 hMod=00007ffb3eb20000 'C:\Windows\system32\rsaenh.dll'
b5c.1408: supR3HardenedMonitor_LdrLoadDll: returns rcNt=0x0 hMod=00007ffb40320000 'C:\Windows\System32\crypt32.dll'
b5c.1408: supR3HardNtViCallWinVerifyTrustCatFile: WinVerifyTrust => 0x0; cat='C:\Windows\system32\CatRoot\{F750E6C3-38EE-11D1-85E5-00C04FC295EE}\Microsoft-Windows-Client-Desktop-Required-Package04~31bf3856ad364e35~amd64~~10.0.19041.6456.cat'; file='\Device\HarddiskVolume1\Windows\System32\wbem\wbemsvc.dll'
b5c.1408: supR3HardNtViCallWinVerifyTrustCatFile -> 0 (org 22900)
b5c.1408: supR3HardenedWinVerifyCacheScheduleImports: Import todo: #0 'msvcrt.dll'.
b5c.1408: supR3HardenedWinVerifyCacheScheduleImports: Import todo: #1 'rpcrt4.dll'.
b5c.1408: supHardenedWinVerifyImageByHandle: -> 0 (\Device\HarddiskVolume1\Windows\System32\wbem\wbemsvc.dll) WinVerifyTrust
b5c.1408: supR3HardenedWinVerifyCacheInsert: \Device\HarddiskVolume1\Windows\System32\wbem\wbemsvc.dll
b5c.1408: supR3HardenedWinVerifyCacheProcessImportTodos: Processing 'rpcrt4.dll'...
b5c.1408: supR3HardenedWinVerifyCacheProcessImportTodos: 'rpcrt4.dll' -> '\Device\HarddiskVolume1\Windows\System32\rpcrt4.dll' [rcNtRedir=0xc0150008]
b5c.1408: supR3HardenedWinVerifyCacheProcessImportTodos: Processing 'msvcrt.dll'...
b5c.1408: supR3HardenedWinVerifyCacheProcessImportTodos: 'msvcrt.dll' -> '\Device\HarddiskVolume1\Windows\System32\msvcrt.dll' [rcNtRedir=0xc0150008]
b5c.1408: supR3HardenedMonitor_LdrLoadDll: pName=C:\Windows\system32\wbem\wbemsvc.dll (rcNtResolve=0xc0150008) *pfFlags=0x0 pwszSearchPath=0000000000002009:<flags> [calling]
b5c.1408: supR3HardenedScreenImage/NtCreateSection: cache hit (VINF_SUCCESS) on \Device\HarddiskVolume1\Windows\System32\wbem\wbemsvc.dll
b5c.1408: supR3HardenedDllNotificationCallback: load   00007ffb2e6c0000 LB 0x00014000 C:\Windows\system32\wbem\wbemsvc.dll [fFlags=0x0]
b5c.1408: supR3HardenedScreenImage/LdrLoadDll: cache hit (VINF_SUCCESS) on \Device\HarddiskVolume1\Windows\System32\wbem\wbemsvc.dll
b5c.1408: supR3HardenedMonitor_LdrLoadDll: returns rcNt=0x0 hMod=00007ffb2e6c0000 'C:\Windows\system32\wbem\wbemsvc.dll'
b5c.1408: supR3HardenedIsApiSetDll: ApiSetQueryApiSetPresence(api-ms-win-core-localization-l1-2-0.dll) -> 0x0, fPresent=1
b5c.1408: supR3HardenedMonitor_LdrLoadDll: pName=api-ms-win-core-localization-l1-2-0.dll (rcNtResolve=0x0) *pfFlags=0x0 pwszSearchPath=0000000000000009:<flags> [calling]
b5c.1408: supR3HardenedMonitor_LdrLoadDll: returns rcNt=0x0 hMod=00007ffb3ff70000 'api-ms-win-core-localization-l1-2-0.dll'
b5c.1408: supR3HardenedIsApiSetDll: ApiSetQueryApiSetPresence(api-ms-win-core-localization-obsolete-l1-1-0.dll) -> 0x0, fPresent=1
b5c.1408: supR3HardenedMonitor_LdrLoadDll: pName=api-ms-win-core-localization-obsolete-l1-1-0.dll (rcNtResolve=0x0) *pfFlags=0x0 pwszSearchPath=0000000000000009:<flags> [calling]
b5c.1408: supR3HardenedMonitor_LdrLoadDll: returns rcNt=0x0 hMod=00007ffb3ff70000 'api-ms-win-core-localization-obsolete-l1-1-0.dll'
b5c.1408: supR3HardNtViCallWinVerifyTrustCatFile: hFile=0000000000000c8c pwszName=\Device\HarddiskVolume1\Windows\System32\wbem\fastprox.dll
b5c.1408: supR3HardNtViCallWinVerifyTrustCatFile: Cached context 000001d54f07e0d0
b5c.1408: supR3HardNtViCallWinVerifyTrustCatFile: hCatAdmin=000001d54f07e0d0
b5c.1408: supR3HardNtViCallWinVerifyTrustCatFile: cbHash=20 wszDigest=06B9B6703DCDBF4F336FCEFB67E31C67BCEC08D5
b5c.1408: supR3HardenedMonitor_LdrLoadDll: returns rcNt=0x0 hMod=00007ffb3eb20000 'C:\Windows\system32\rsaenh.dll'
b5c.1408: supR3HardenedMonitor_LdrLoadDll: returns rcNt=0x0 hMod=00007ffb40320000 'C:\Windows\System32\crypt32.dll'
b5c.1408: supR3HardNtViCallWinVerifyTrustCatFile: WinVerifyTrust => 0x0; cat='C:\Windows\system32\CatRoot\{F750E6C3-38EE-11D1-85E5-00C04FC295EE}\Microsoft-Windows-Client-Desktop-Required-Package04~31bf3856ad364e35~amd64~~10.0.19041.6456.cat'; file='\Device\HarddiskVolume1\Windows\System32\wbem\fastprox.dll'
b5c.1408: supR3HardNtViCallWinVerifyTrustCatFile -> 0 (org 22900)
b5c.1408: supR3HardenedWinVerifyCacheScheduleImports: Import todo: #0 'msvcrt.dll'.
b5c.1408: supR3HardenedWinVerifyCacheScheduleImports: Import todo: #20 'wbemcomn.dll'.
b5c.1408: supHardenedWinVerifyImageByHandle: -> 0 (\Device\HarddiskVolume1\Windows\System32\wbem\fastprox.dll) WinVerifyTrust
b5c.1408: supR3HardenedWinVerifyCacheInsert: \Device\HarddiskVolume1\Windows\System32\wbem\fastprox.dll
b5c.1408: supR3HardenedWinVerifyCacheProcessImportTodos: Processing 'wbemcomn.dll'...
b5c.1408: supR3HardenedWinVerifyCacheProcessImportTodos: 'wbemcomn.dll' -> '\Device\HarddiskVolume1\Windows\System32\wbemcomn.dll' [rcNtRedir=0xc0150008]
b5c.1408: supR3HardenedScreenImage/Imports: cache hit (VINF_SUCCESS) on \Device\HarddiskVolume1\Windows\System32\wbemcomn.dll
b5c.1408: supR3HardenedWinVerifyCacheProcessImportTodos: Processing 'msvcrt.dll'...
b5c.1408: supR3HardenedWinVerifyCacheProcessImportTodos: 'msvcrt.dll' -> '\Device\HarddiskVolume1\Windows\System32\msvcrt.dll' [rcNtRedir=0xc0150008]
b5c.1408: supR3HardenedScreenImage/Imports: cache hit (VINF_SUCCESS) on \Device\HarddiskVolume1\Windows\System32\msvcrt.dll
b5c.1408: supR3HardenedMonitor_LdrLoadDll: pName=C:\Windows\system32\wbem\fastprox.dll (rcNtResolve=0xc0150008) *pfFlags=0x0 pwszSearchPath=0000000000002009:<flags> [calling]
b5c.1408: supR3HardenedScreenImage/NtCreateSection: cache hit (VINF_SUCCESS) on \Device\HarddiskVolume1\Windows\System32\wbem\fastprox.dll
b5c.1408: supR3HardenedDllNotificationCallback: load   00007ffb2f6c0000 LB 0x0010c000 C:\Windows\system32\wbem\fastprox.dll [fFlags=0x0]
b5c.1408: supR3HardenedScreenImage/LdrLoadDll: cache hit (VINF_SUCCESS) on \Device\HarddiskVolume1\Windows\System32\wbem\fastprox.dll
b5c.1408: supR3HardenedMonitor_LdrLoadDll: returns rcNt=0x0 hMod=00007ffb2f6c0000 'C:\Windows\system32\wbem\fastprox.dll'
b5c.1408: supR3HardNtViCallWinVerifyTrustCatFile: hFile=0000000000000cdc pwszName=\Device\HarddiskVolume1\Windows\System32\amsi.dll
b5c.1408: supR3HardNtViCallWinVerifyTrustCatFile: Cached context 000001d54f07e0d0
b5c.1408: supR3HardNtViCallWinVerifyTrustCatFile: hCatAdmin=000001d54f07e0d0
b5c.1408: supR3HardNtViCallWinVerifyTrustCatFile: cbHash=20 wszDigest=759C41732AEF7C0FEF4EB5854E70672674DBA3BB
b5c.1408: supR3HardenedMonitor_LdrLoadDll: returns rcNt=0x0 hMod=00007ffb3eb20000 'C:\Windows\system32\rsaenh.dll'
b5c.1408: supR3HardenedMonitor_LdrLoadDll: returns rcNt=0x0 hMod=00007ffb40320000 'C:\Windows\System32\crypt32.dll'
b5c.1408: supR3HardNtViCallWinVerifyTrustCatFile: WinVerifyTrust => 0x0; cat='C:\Windows\system32\CatRoot\{F750E6C3-38EE-11D1-85E5-00C04FC295EE}\Microsoft-Windows-Client-Desktop-Required-Package05~31bf3856ad364e35~amd64~~10.0.19041.6456.cat'; file='\Device\HarddiskVolume1\Windows\System32\amsi.dll'
b5c.1408: supR3HardNtViCallWinVerifyTrustCatFile -> 0 (org 22900)
b5c.1408: supR3HardenedWinVerifyCacheScheduleImports: Import todo: #0 'msvcrt.dll'.
b5c.1408: supR3HardenedWinVerifyCacheScheduleImports: Import todo: #14 'rpcrt4.dll'.
b5c.1408: supHardenedWinVerifyImageByHandle: -> 0 (\Device\HarddiskVolume1\Windows\System32\amsi.dll) WinVerifyTrust
b5c.1408: supR3HardenedWinVerifyCacheInsert: \Device\HarddiskVolume1\Windows\System32\amsi.dll
b5c.1408: supR3HardenedWinVerifyCacheProcessImportTodos: Processing 'rpcrt4.dll'...
b5c.1408: supR3HardenedWinVerifyCacheProcessImportTodos: 'rpcrt4.dll' -> '\Device\HarddiskVolume1\Windows\System32\rpcrt4.dll' [rcNtRedir=0xc0150008]
b5c.1408: supR3HardenedWinVerifyCacheProcessImportTodos: Processing 'msvcrt.dll'...
b5c.1408: supR3HardenedWinVerifyCacheProcessImportTodos: 'msvcrt.dll' -> '\Device\HarddiskVolume1\Windows\System32\msvcrt.dll' [rcNtRedir=0xc0150008]
b5c.1408: supR3HardenedMonitor_LdrLoadDll: pName=C:\Windows\System32\amsi.dll (Input=amsi.dll, rcNtResolve=0xc0150008) *pfFlags=0x0 pwszSearchPath=0000000000000801:<flags> [calling]
b5c.1408: supR3HardenedScreenImage/NtCreateSection: cache hit (VINF_SUCCESS) on \Device\HarddiskVolume1\Windows\System32\amsi.dll
b5c.1408: supR3HardenedDllNotificationCallback: load   00007ffb2c030000 LB 0x0001f000 C:\Windows\System32\amsi.dll [fFlags=0x0]
b5c.1408: supR3HardenedScreenImage/LdrLoadDll: cache hit (VINF_SUCCESS) on \Device\HarddiskVolume1\Windows\System32\amsi.dll
b5c.1408: supR3HardenedMonitor_LdrLoadDll: returns rcNt=0x0 hMod=00007ffb2c030000 'C:\Windows\System32\amsi.dll'
b5c.1408: supR3HardenedMonitor_LdrLoadDll: returns rcNt=0x0 hMod=00007ffb3eb20000 'C:\Windows\system32\rsaenh.dll'
b5c.1408: supR3HardenedMonitor_LdrLoadDll: returns rcNt=0x0 hMod=00007ffb40320000 'C:\Windows\System32\crypt32.dll'
b5c.1408: supR3HardenedWinVerifyCacheScheduleImports: Import todo: #2 'advapi32.dll'.
b5c.1408: supR3HardenedWinVerifyCacheScheduleImports: Import todo: #3 'oleaut32.dll'.
b5c.1408: supR3HardenedWinVerifyCacheScheduleImports: Import todo: #4 'ole32.dll'.
b5c.1408: supHardenedWinVerifyImageByHandle: -> 0 (\Device\HarddiskVolume1\ProgramData\Microsoft\Windows Defender\Platform\4.18.26060.3008-0\MpOAV.dll) WinVerifyTrust
b5c.1408: supR3HardenedWinVerifyCacheInsert: \Device\HarddiskVolume1\ProgramData\Microsoft\Windows Defender\Platform\4.18.26060.3008-0\MpOAV.dll
b5c.1408: supR3HardenedWinVerifyCacheProcessImportTodos: Processing 'ole32.dll'...
b5c.1408: supR3HardenedWinVerifyCacheProcessImportTodos: 'ole32.dll' -> '\Device\HarddiskVolume1\Windows\System32\ole32.dll' [rcNtRedir=0xc0150008]
b5c.1408: supR3HardenedWinVerifyCacheProcessImportTodos: Processing 'oleaut32.dll'...
b5c.1408: supR3HardenedWinVerifyCacheProcessImportTodos: 'oleaut32.dll' -> '\Device\HarddiskVolume1\Windows\System32\oleaut32.dll' [rcNtRedir=0xc0150008]
b5c.1408: supR3HardenedWinVerifyCacheProcessImportTodos: Processing 'advapi32.dll'...
b5c.1408: supR3HardenedWinVerifyCacheProcessImportTodos: 'advapi32.dll' -> '\Device\HarddiskVolume1\Windows\System32\advapi32.dll' [rcNtRedir=0xc0150008]
b5c.1408: supR3HardenedMonitor_LdrLoadDll: pName=C:\ProgramData\Microsoft\Windows Defender\Platform\4.18.26060.3008-0\MpOav.dll (rcNtResolve=0xc0150008) *pfFlags=0x0 pwszSearchPath=0000000000000001:<flags> [calling]
b5c.1408: supR3HardenedScreenImage/NtCreateSection: cache hit (VINF_SUCCESS) on \Device\HarddiskVolume1\ProgramData\Microsoft\Windows Defender\Platform\4.18.26060.3008-0\MpOAV.dll
b5c.1408: supR3HardenedDllNotificationCallback: load   00007ffb2bf80000 LB 0x000a3000 C:\ProgramData\Microsoft\Windows Defender\Platform\4.18.26060.3008-0\MpOav.dll [fFlags=0x0]
b5c.1408: supR3HardenedScreenImage/LdrLoadDll: cache hit (VINF_SUCCESS) on \Device\HarddiskVolume1\ProgramData\Microsoft\Windows Defender\Platform\4.18.26060.3008-0\MpOAV.dll
b5c.1408: supR3HardenedIsApiSetDll: ApiSetQueryApiSetPresence(api-ms-win-core-synch-l1-2-0) -> 0x0, fPresent=1
b5c.1408: supR3HardenedMonitor_LdrLoadDll: pName=api-ms-win-core-synch-l1-2-0 (rcNtResolve=0x0) *pfFlags=0x0 pwszSearchPath=0000000000000801:<flags> [calling]
b5c.1408: supR3HardenedMonitor_LdrLoadDll: returns rcNt=0x0 hMod=00007ffb3ff70000 'api-ms-win-core-synch-l1-2-0'
b5c.1408: supR3HardenedIsApiSetDll: ApiSetQueryApiSetPresence(api-ms-win-core-fibers-l1-1-1) -> 0x0, fPresent=1
b5c.1408: supR3HardenedMonitor_LdrLoadDll: pName=api-ms-win-core-fibers-l1-1-1 (rcNtResolve=0x0) *pfFlags=0x0 pwszSearchPath=0000000000000801:<flags> [calling]
b5c.1408: supR3HardenedMonitor_LdrLoadDll: returns rcNt=0x0 hMod=00007ffb3ff70000 'api-ms-win-core-fibers-l1-1-1'
b5c.1408: supR3HardenedIsApiSetDll: ApiSetQueryApiSetPresence(api-ms-win-core-fibers-l1-1-2) -> 0x0, fPresent=1
b5c.1408: supR3HardenedMonitor_LdrLoadDll: pName=api-ms-win-core-fibers-l1-1-2 (rcNtResolve=0x0) *pfFlags=0x0 pwszSearchPath=0000000000000801:<flags> [calling]
b5c.1408: supR3HardenedMonitor_LdrLoadDll: returns rcNt=0x0 hMod=00007ffb3ff70000 'api-ms-win-core-fibers-l1-1-2'
b5c.1408: supR3HardenedScreenImage/LdrLoadDll: cache hit (VINF_SUCCESS) on \Device\HarddiskVolume1\Windows\System32\kernel32.dll
b5c.1408: supR3HardenedMonitor_LdrLoadDll: pName=C:\Windows\System32\kernel32.dll (Input=kernel32, rcNtResolve=0xc0150008) *pfFlags=0x0 pwszSearchPath=0000000000000801:<flags> [calling]
b5c.1408: supR3HardenedMonitor_LdrLoadDll: returns rcNt=0x0 hMod=00007ffb40c70000 'C:\Windows\System32\kernel32.dll'
b5c.1408: supR3HardenedScreenImage/LdrLoadDll: cache hit (VINF_SUCCESS) on \Device\HarddiskVolume1\Windows\System32\version.dll
b5c.1408: supR3HardenedMonitor_LdrLoadDll: pName=C:\Windows\system32\version.dll (rcNtResolve=0xc0150008) *pfFlags=0x0 pwszSearchPath=0000000000000009:<flags> [calling]
b5c.1408: supR3HardenedMonitor_LdrLoadDll: returns rcNt=0x0 hMod=00007ffb3a610000 'C:\Windows\system32\version.dll'
b5c.1408: supR3HardenedMonitor_LdrLoadDll: returns rcNt=0x0 hMod=00007ffb2bf80000 'C:\ProgramData\Microsoft\Windows Defender\Platform\4.18.26060.3008-0\MpOav.dll'
b5c.2e20: supR3HardenedMonitor_LdrLoadDll: returns rcNt=0x0 hMod=00007ffb416b0000 'C:\Windows\system32\ole32.dll'
b5c.2e10: supR3HardenedMonitor_LdrLoadDll: returns rcNt=0x0 hMod=00007ffb416b0000 'C:\Windows\system32\ole32.dll'
b5c.2a90: supR3HardenedMonitor_LdrLoadDll: returns rcNt=0x0 hMod=00007ffb416b0000 'C:\Windows\system32\ole32.dll'
b5c.2e20: supR3HardenedMonitor_LdrLoadDll: returns rcNt=0x0 hMod=00007ffb3eb20000 'C:\Windows\system32\rsaenh.dll'
b5c.2e20: supR3HardenedMonitor_LdrLoadDll: returns rcNt=0x0 hMod=00007ffb40320000 'C:\Windows\System32\crypt32.dll'
b5c.18c0: supR3HardenedMonitor_LdrLoadDll: returns rcNt=0x0 hMod=00007ffb3eb20000 'C:\Windows\system32\rsaenh.dll'
b5c.18c0: supR3HardenedMonitor_LdrLoadDll: returns rcNt=0x0 hMod=00007ffb40320000 'C:\Windows\System32\crypt32.dll'
b5c.18c0: supR3HardenedWinVerifyCacheScheduleImports: Import todo: #0 'vboxrt.dll'.
b5c.18c0: supR3HardenedWinVerifyCacheScheduleImports: Import todo: #3 'user32.dll'.
b5c.18c0: supR3HardenedWinVerifyCacheScheduleImports: Import todo: #4 'shell32.dll'.
b5c.18c0: supR3HardenedWinVerifyCacheScheduleImports: Import todo: #5 'ole32.dll'.
b5c.18c0: supR3HardenedWinVerifyCacheScheduleImports: Import todo: #6 'vcruntime140.dll'.
b5c.18c0: supR3HardenedWinVerifyCacheScheduleImports: Import todo: #7 'vcruntime140_1.dll'.
b5c.18c0: supR3HardenedWinVerifyCacheScheduleImports: Import todo: #8 'msvcp140.dll'.
b5c.18c0: supHardenedWinVerifyImageByHandle: -> 0 (\Device\HarddiskVolume1\Program Files\Oracle\VirtualBox\VBoxSharedClipboard.dll) WinVerifyTrust
b5c.18c0: supR3HardenedWinVerifyCacheInsert: \Device\HarddiskVolume1\Program Files\Oracle\VirtualBox\VBoxSharedClipboard.dll
b5c.18c0: supR3HardenedWinVerifyCacheProcessImportTodos: Processing 'msvcp140.dll'...
b5c.18c0: supR3HardenedWinVerifyCacheProcessImportTodos: 'msvcp140.dll' -> '\Device\HarddiskVolume1\Windows\System32\msvcp140.dll' [rcNtRedir=0xc0150008]
b5c.18c0: supR3HardenedScreenImage/Imports: cache hit (VINF_SUCCESS) on \Device\HarddiskVolume1\Windows\System32\msvcp140.dll
b5c.18c0: supR3HardenedWinVerifyCacheProcessImportTodos: Processing 'vcruntime140_1.dll'...
b5c.18c0: supR3HardenedWinVerifyCacheProcessImportTodos: 'vcruntime140_1.dll' -> '\Device\HarddiskVolume1\Windows\System32\vcruntime140_1.dll' [rcNtRedir=0xc0150008]
b5c.18c0: supR3HardenedWinVerifyCacheProcessImportTodos: Processing 'vcruntime140.dll'...
b5c.18c0: supR3HardenedWinVerifyCacheProcessImportTodos: 'vcruntime140.dll' -> '\Device\HarddiskVolume1\Windows\System32\vcruntime140.dll' [rcNtRedir=0xc0150008]
b5c.18c0: supR3HardenedWinVerifyCacheProcessImportTodos: Processing 'ole32.dll'...
b5c.18c0: supR3HardenedWinVerifyCacheProcessImportTodos: 'ole32.dll' -> '\Device\HarddiskVolume1\Windows\System32\ole32.dll' [rcNtRedir=0xc0150008]
b5c.18c0: supR3HardenedWinVerifyCacheProcessImportTodos: Processing 'shell32.dll'...
b5c.18c0: supR3HardenedWinVerifyCacheProcessImportTodos: 'shell32.dll' -> '\Device\HarddiskVolume1\Windows\System32\shell32.dll' [rcNtRedir=0xc0150008]
b5c.18c0: supR3HardenedScreenImage/Imports: cache hit (VINF_SUCCESS) on \Device\HarddiskVolume1\Windows\System32\shell32.dll
b5c.18c0: supR3HardenedWinVerifyCacheProcessImportTodos: Processing 'user32.dll'...
b5c.18c0: supR3HardenedWinVerifyCacheProcessImportTodos: 'user32.dll' -> '\Device\HarddiskVolume1\Windows\System32\user32.dll' [rcNtRedir=0xc0150008]
b5c.18c0: supR3HardenedWinVerifyCacheProcessImportTodos: Processing 'vboxrt.dll'...
b5c.18c0: supR3HardenedWinVerifyCacheProcessImportTodos: 'vboxrt.dll' -> '\Device\HarddiskVolume1\Program Files\Oracle\VirtualBox\vboxrt.dll' [rcNtRedir=0xc0150008]
b5c.18c0: supR3HardenedMonitor_LdrLoadDll: pName=C:\Program Files\Oracle\VirtualBox\VBoxSharedClipboard.DLL (rcNtResolve=0xc0150008) *pfFlags=0x0 pwszSearchPath=0000000000000001:<flags> [calling]
b5c.18c0: supR3HardenedScreenImage/NtCreateSection: cache hit (VINF_SUCCESS) on \Device\HarddiskVolume1\Program Files\Oracle\VirtualBox\VBoxSharedClipboard.dll
b5c.18c0: supR3HardenedDllNotificationCallback: load   00007ffaf19e0000 LB 0x00022000 C:\Program Files\Oracle\VirtualBox\VBoxSharedClipboard.DLL [fFlags=0x0]
b5c.18c0: supR3HardenedScreenImage/LdrLoadDll: cache hit (VINF_SUCCESS) on \Device\HarddiskVolume1\Program Files\Oracle\VirtualBox\VBoxSharedClipboard.dll
b5c.18c0: supR3HardenedMonitor_LdrLoadDll: returns rcNt=0x0 hMod=00007ffaf19e0000 'C:\Program Files\Oracle\VirtualBox\VBoxSharedClipboard.DLL'
b5c.1190: supR3HardenedMonitor_LdrLoadDll: returns rcNt=0x0 hMod=00007ffb3eb20000 'C:\Windows\system32\rsaenh.dll'
b5c.1190: supR3HardenedMonitor_LdrLoadDll: returns rcNt=0x0 hMod=00007ffb40320000 'C:\Windows\System32\crypt32.dll'
b5c.1190: supR3HardenedWinVerifyCacheScheduleImports: Import todo: #0 'vboxrt.dll'.
b5c.1190: supR3HardenedWinVerifyCacheScheduleImports: Import todo: #2 'vcruntime140.dll'.
b5c.1190: supR3HardenedWinVerifyCacheScheduleImports: Import todo: #3 'vcruntime140_1.dll'.
b5c.1190: supR3HardenedWinVerifyCacheScheduleImports: Import todo: #4 'msvcp140.dll'.
b5c.1190: supHardenedWinVerifyImageByHandle: -> 0 (\Device\HarddiskVolume1\Program Files\Oracle\VirtualBox\VBoxDragAndDropSvc.dll) WinVerifyTrust
b5c.1190: supR3HardenedWinVerifyCacheInsert: \Device\HarddiskVolume1\Program Files\Oracle\VirtualBox\VBoxDragAndDropSvc.dll
b5c.1190: supR3HardenedWinVerifyCacheProcessImportTodos: Processing 'msvcp140.dll'...
b5c.1190: supR3HardenedWinVerifyCacheProcessImportTodos: 'msvcp140.dll' -> '\Device\HarddiskVolume1\Windows\System32\msvcp140.dll' [rcNtRedir=0xc0150008]
b5c.1190: supR3HardenedWinVerifyCacheProcessImportTodos: Processing 'vcruntime140_1.dll'...
b5c.1190: supR3HardenedWinVerifyCacheProcessImportTodos: 'vcruntime140_1.dll' -> '\Device\HarddiskVolume1\Windows\System32\vcruntime140_1.dll' [rcNtRedir=0xc0150008]
b5c.1190: supR3HardenedScreenImage/Imports: cache hit (VINF_SUCCESS) on \Device\HarddiskVolume1\Windows\System32\vcruntime140_1.dll
b5c.1190: supR3HardenedWinVerifyCacheProcessImportTodos: Processing 'vcruntime140.dll'...
b5c.1190: supR3HardenedWinVerifyCacheProcessImportTodos: 'vcruntime140.dll' -> '\Device\HarddiskVolume1\Windows\System32\vcruntime140.dll' [rcNtRedir=0xc0150008]
b5c.1190: supR3HardenedWinVerifyCacheProcessImportTodos: Processing 'vboxrt.dll'...
b5c.1190: supR3HardenedWinVerifyCacheProcessImportTodos: 'vboxrt.dll' -> '\Device\HarddiskVolume1\Program Files\Oracle\VirtualBox\vboxrt.dll' [rcNtRedir=0xc0150008]
b5c.1190: supR3HardenedMonitor_LdrLoadDll: pName=C:\Program Files\Oracle\VirtualBox\VBoxDragAndDropSvc.DLL (rcNtResolve=0xc0150008) *pfFlags=0x0 pwszSearchPath=0000000000000001:<flags> [calling]
b5c.1190: supR3HardenedScreenImage/NtCreateSection: cache hit (VINF_SUCCESS) on \Device\HarddiskVolume1\Program Files\Oracle\VirtualBox\VBoxDragAndDropSvc.dll
b5c.1190: supR3HardenedDllNotificationCallback: load   00007ffb0d3d0000 LB 0x0000d000 C:\Program Files\Oracle\VirtualBox\VBoxDragAndDropSvc.DLL [fFlags=0x0]
b5c.1190: supR3HardenedScreenImage/LdrLoadDll: cache hit (VINF_SUCCESS) on \Device\HarddiskVolume1\Program Files\Oracle\VirtualBox\VBoxDragAndDropSvc.dll
b5c.1190: supR3HardenedMonitor_LdrLoadDll: returns rcNt=0x0 hMod=00007ffb0d3d0000 'C:\Program Files\Oracle\VirtualBox\VBoxDragAndDropSvc.DLL'
b5c.2e20: supR3HardenedScreenImage/LdrLoadDll: cache hit (VINF_SUCCESS) on \Device\HarddiskVolume1\Windows\System32\shell32.dll
b5c.2e20: supR3HardenedMonitor_LdrLoadDll: pName=C:\Windows\system32\Shell32.dll (rcNtResolve=0xc0150008) *pfFlags=0x0 pwszSearchPath=0000000000000001:<flags> [calling]
b5c.2e20: supR3HardenedMonitor_LdrLoadDll: returns rcNt=0x0 hMod=00007ffb41ce0000 'C:\Windows\system32\Shell32.dll'
b5c.2e20: supR3HardNtViCallWinVerifyTrustCatFile: hFile=0000000000001124 pwszName=\Device\HarddiskVolume1\Windows\System32\WinHvPlatform.dll
b5c.2e20: supR3HardNtViCallWinVerifyTrustCatFile: Cached context 000001d54f07e0d0
b5c.2e20: supR3HardNtViCallWinVerifyTrustCatFile: hCatAdmin=000001d54f07e0d0
b5c.2e20: supR3HardNtViCallWinVerifyTrustCatFile: cbHash=20 wszDigest=4CA4F1229B961B8FFD1EBA163505C1387F7CFEAF
b5c.2e20: supR3HardenedMonitor_LdrLoadDll: returns rcNt=0x0 hMod=00007ffb3eb20000 'C:\Windows\system32\rsaenh.dll'
b5c.2e20: supR3HardenedMonitor_LdrLoadDll: returns rcNt=0x0 hMod=00007ffb40320000 'C:\Windows\System32\crypt32.dll'
b5c.2e20: supR3HardNtViCallWinVerifyTrustCatFile: WinVerifyTrust => 0x0; cat='C:\Windows\system32\CatRoot\{F750E6C3-38EE-11D1-85E5-00C04FC295EE}\Microsoft-Windows-Client-Features-Package03~31bf3856ad364e35~amd64~~10.0.19041.6456.cat'; file='\Device\HarddiskVolume1\Windows\System32\WinHvPlatform.dll'
b5c.2e20: supR3HardNtViCallWinVerifyTrustCatFile -> 0 (org 22900)
b5c.2e20: supR3HardenedWinVerifyCacheScheduleImports: Import todo: #5 'vid.dll'.
b5c.2e20: supHardenedWinVerifyImageByHandle: -> 0 (\Device\HarddiskVolume1\Windows\System32\WinHvPlatform.dll) WinVerifyTrust
b5c.2e20: supR3HardenedWinVerifyCacheInsert: \Device\HarddiskVolume1\Windows\System32\WinHvPlatform.dll
b5c.2e20: supR3HardenedWinVerifyCacheProcessImportTodos: Processing 'vid.dll'...
b5c.2e20: supR3HardenedWinVerifyCacheProcessImportTodos: 'vid.dll' -> '\Device\HarddiskVolume1\Windows\System32\vid.dll' [rcNtRedir=0xc0150008]
b5c.2e20: supR3HardenedMonitor_LdrLoadDll: returns rcNt=0x0 hMod=00007ffb3eb20000 'C:\Windows\system32\rsaenh.dll'
b5c.2e20: supR3HardenedMonitor_LdrLoadDll: returns rcNt=0x0 hMod=00007ffb40320000 'C:\Windows\System32\crypt32.dll'
b5c.2e20: supHardenedWinVerifyImageByHandle: -> 0 (\Device\HarddiskVolume1\Windows\System32\vid.dll) WinVerifyTrust
b5c.2e20: supR3HardenedWinVerifyCacheInsert: \Device\HarddiskVolume1\Windows\System32\vid.dll
b5c.2e20: supR3HardenedMonitor_LdrLoadDll: pName=C:\Windows\system32\WinHvPlatform.dll (rcNtResolve=0xc0150008) *pfFlags=0x0 pwszSearchPath=0000000000000001:<flags> [calling]
b5c.2e20: supR3HardenedScreenImage/NtCreateSection: cache hit (VINF_SUCCESS) on \Device\HarddiskVolume1\Windows\System32\WinHvPlatform.dll
b5c.2e20: supR3HardenedScreenImage/NtCreateSection: cache hit (VINF_SUCCESS) on \Device\HarddiskVolume1\Windows\System32\vid.dll
b5c.2e20: supR3HardenedDllNotificationCallback: load   00007ffb39e20000 LB 0x0001b000 C:\Windows\SYSTEM32\vid.dll [fFlags=0x0]
b5c.2e20: supR3HardenedScreenImage/LdrLoadDll: cache hit (VINF_SUCCESS) on \Device\HarddiskVolume1\Windows\System32\vid.dll
b5c.2e20: supR3HardenedDllNotificationCallback: load   00007ffaf05e0000 LB 0x00026000 C:\Windows\system32\WinHvPlatform.dll [fFlags=0x0]
b5c.2e20: supR3HardenedScreenImage/LdrLoadDll: cache hit (VINF_SUCCESS) on \Device\HarddiskVolume1\Windows\System32\WinHvPlatform.dll
b5c.2e20: supR3HardenedMonitor_LdrLoadDll: returns rcNt=0x0 hMod=00007ffaf05e0000 'C:\Windows\system32\WinHvPlatform.dll'
b5c.2e20: supR3HardenedScreenImage/LdrLoadDll: cache hit (VINF_SUCCESS) on \Device\HarddiskVolume1\Windows\System32\vid.dll
b5c.2e20: supR3HardenedMonitor_LdrLoadDll: pName=C:\Windows\system32\vid.dll (rcNtResolve=0xc0150008) *pfFlags=0x0 pwszSearchPath=0000000000000001:<flags> [calling]
b5c.2e20: supR3HardenedMonitor_LdrLoadDll: returns rcNt=0x0 hMod=00007ffb39e20000 'C:\Windows\system32\vid.dll'
b5c.2e20: supR3HardenedMonitor_LdrLoadDll: returns rcNt=0x0 hMod=00007ffb3eb20000 'C:\Windows\system32\rsaenh.dll'
b5c.2e20: supR3HardenedMonitor_LdrLoadDll: returns rcNt=0x0 hMod=00007ffb40320000 'C:\Windows\System32\crypt32.dll'
b5c.2e20: '\Device\HarddiskVolume1\Windows\System32\ntdll.dll' has no imports
b5c.2e20: supHardenedWinVerifyImageByHandle: -> 0 (\Device\HarddiskVolume1\Windows\System32\ntdll.dll) WinVerifyTrust
b5c.2e20: supR3HardenedWinVerifyCacheInsert: \Device\HarddiskVolume1\Windows\System32\ntdll.dll
b5c.2e20: supR3HardenedMonitor_LdrLoadDll: pName=C:\Windows\system32\NTDLL.DLL (rcNtResolve=0xc0150008) *pfFlags=0x0 pwszSearchPath=0000000000000001:<flags> [calling]
b5c.2e20: supR3HardenedMonitor_LdrLoadDll: returns rcNt=0x0 hMod=00007ffb42490000 'C:\Windows\system32\NTDLL.DLL'
b5c.2e20: supR3HardenedMonitor_LdrLoadDll: returns rcNt=0x0 hMod=00007ffb3eb20000 'C:\Windows\system32\rsaenh.dll'
b5c.2e20: supR3HardenedScreenImage/LdrLoadDll: cache hit (VINF_SUCCESS) on \Device\HarddiskVolume1\Windows\System32\crypt32.dll
b5c.2e20: supR3HardenedMonitor_LdrLoadDll: pName=C:\Windows\System32\crypt32.dll (Input=crypt32.dll, rcNtResolve=0xc0150008) *pfFlags=0x0 pwszSearchPath=0000000000000001:<flags> [calling]
b5c.2e20: supR3HardenedMonitor_LdrLoadDll: returns rcNt=0x0 hMod=00007ffb40320000 'C:\Windows\System32\crypt32.dll'
b5c.2e20: supR3HardenedMonitor_LdrLoadDll: returns rcNt=0x0 hMod=00007ffb3eb20000 'C:\Windows\system32\rsaenh.dll'
b5c.2e20: supR3HardenedMonitor_LdrLoadDll: returns rcNt=0x0 hMod=00007ffb40320000 'C:\Windows\System32\crypt32.dll'
b5c.2e20: supR3HardenedWinVerifyCacheScheduleImports: Import todo: #0 'vboxrt.dll'.
b5c.2e20: supR3HardenedWinVerifyCacheScheduleImports: Import todo: #1 'vboxddu.dll'.
b5c.2e20: supR3HardenedWinVerifyCacheScheduleImports: Import todo: #2 'vboxdd2.dll'.
b5c.2e20: supR3HardenedWinVerifyCacheScheduleImports: Import todo: #4 'user32.dll'.
b5c.2e20: supR3HardenedWinVerifyCacheScheduleImports: Import todo: #5 'setupapi.dll'.
b5c.2e20: supR3HardenedWinVerifyCacheScheduleImports: Import todo: #6 'ws2_32.dll'.
b5c.2e20: supR3HardenedWinVerifyCacheScheduleImports: Import todo: #7 'ole32.dll'.
b5c.2e20: supR3HardenedWinVerifyCacheScheduleImports: Import todo: #8 'oleaut32.dll'.
b5c.2e20: supR3HardenedWinVerifyCacheScheduleImports: Import todo: #9 'iphlpapi.dll'.
b5c.2e20: supR3HardenedWinVerifyCacheScheduleImports: Import todo: #21 'vcruntime140.dll'.
b5c.2e20: supR3HardenedWinVerifyCacheScheduleImports: Import todo: #22 'vcruntime140_1.dll'.
b5c.2e20: supHardenedWinVerifyImageByHandle: -> 0 (\Device\HarddiskVolume1\Program Files\Oracle\VirtualBox\VBoxDD.dll) WinVerifyTrust
b5c.2e20: supR3HardenedWinVerifyCacheInsert: \Device\HarddiskVolume1\Program Files\Oracle\VirtualBox\VBoxDD.dll
b5c.2e20: supR3HardenedWinVerifyCacheProcessImportTodos: Processing 'vcruntime140_1.dll'...
b5c.2e20: supR3HardenedWinVerifyCacheProcessImportTodos: 'vcruntime140_1.dll' -> '\Device\HarddiskVolume1\Windows\System32\vcruntime140_1.dll' [rcNtRedir=0xc0150008]
b5c.2e20: supR3HardenedWinVerifyCacheProcessImportTodos: Processing 'vcruntime140.dll'...
b5c.2e20: supR3HardenedWinVerifyCacheProcessImportTodos: 'vcruntime140.dll' -> '\Device\HarddiskVolume1\Windows\System32\vcruntime140.dll' [rcNtRedir=0xc0150008]
b5c.2e20: supR3HardenedWinVerifyCacheProcessImportTodos: Processing 'iphlpapi.dll'...
b5c.2e20: supR3HardenedWinVerifyCacheProcessImportTodos: 'iphlpapi.dll' -> '\Device\HarddiskVolume1\Windows\System32\iphlpapi.dll' [rcNtRedir=0xc0150008]
b5c.2e20: supR3HardenedMonitor_LdrLoadDll: returns rcNt=0x0 hMod=00007ffb3eb20000 'C:\Windows\system32\rsaenh.dll'
b5c.2e20: supR3HardenedMonitor_LdrLoadDll: returns rcNt=0x0 hMod=00007ffb40320000 'C:\Windows\System32\crypt32.dll'
b5c.2e20: supHardenedWinVerifyImageByHandle: -> 0 (\Device\HarddiskVolume1\Windows\System32\IPHLPAPI.DLL) WinVerifyTrust
b5c.2e20: supR3HardenedWinVerifyCacheInsert: \Device\HarddiskVolume1\Windows\System32\IPHLPAPI.DLL
b5c.2e20: supR3HardenedWinVerifyCacheProcessImportTodos: Processing 'oleaut32.dll'...
b5c.2e20: supR3HardenedWinVerifyCacheProcessImportTodos: 'oleaut32.dll' -> '\Device\HarddiskVolume1\Windows\System32\oleaut32.dll' [rcNtRedir=0xc0150008]
b5c.2e20: supR3HardenedWinVerifyCacheProcessImportTodos: Processing 'ole32.dll'...
b5c.2e20: supR3HardenedWinVerifyCacheProcessImportTodos: 'ole32.dll' -> '\Device\HarddiskVolume1\Windows\System32\ole32.dll' [rcNtRedir=0xc0150008]
b5c.2e20: supR3HardenedScreenImage/Imports: cache hit (VINF_SUCCESS) on \Device\HarddiskVolume1\Windows\System32\ole32.dll
b5c.2e20: supR3HardenedWinVerifyCacheProcessImportTodos: Processing 'ws2_32.dll'...
b5c.2e20: supR3HardenedWinVerifyCacheProcessImportTodos: 'ws2_32.dll' -> '\Device\HarddiskVolume1\Windows\System32\ws2_32.dll' [rcNtRedir=0xc0150008]
b5c.2e20: supR3HardenedScreenImage/Imports: cache hit (VINF_SUCCESS) on \Device\HarddiskVolume1\Windows\System32\ws2_32.dll
b5c.2e20: supR3HardenedWinVerifyCacheProcessImportTodos: Processing 'setupapi.dll'...
b5c.2e20: supR3HardenedWinVerifyCacheProcessImportTodos: 'setupapi.dll' -> '\Device\HarddiskVolume1\Windows\System32\setupapi.dll' [rcNtRedir=0xc0150008]
b5c.2e20: supR3HardenedScreenImage/Imports: cache hit (VINF_SUCCESS) on \Device\HarddiskVolume1\Windows\System32\setupapi.dll
b5c.2e20: supR3HardenedWinVerifyCacheProcessImportTodos: Processing 'user32.dll'...
b5c.2e20: supR3HardenedWinVerifyCacheProcessImportTodos: 'user32.dll' -> '\Device\HarddiskVolume1\Windows\System32\user32.dll' [rcNtRedir=0xc0150008]
b5c.2e20: supR3HardenedWinVerifyCacheProcessImportTodos: Processing 'vboxdd2.dll'...
b5c.2e20: supR3HardenedWinVerifyCacheProcessImportTodos: 'vboxdd2.dll' -> '\Device\HarddiskVolume1\Program Files\Oracle\VirtualBox\vboxdd2.dll' [rcNtRedir=0xc0150008]
b5c.2e20: supR3HardenedMonitor_LdrLoadDll: returns rcNt=0x0 hMod=00007ffb3eb20000 'C:\Windows\system32\rsaenh.dll'
b5c.2e20: supR3HardenedMonitor_LdrLoadDll: returns rcNt=0x0 hMod=00007ffb40320000 'C:\Windows\System32\crypt32.dll'
b5c.2e20: supR3HardenedWinVerifyCacheScheduleImports: Import todo: #0 'vboxrt.dll'.
b5c.2e20: supR3HardenedWinVerifyCacheScheduleImports: Import todo: #3 'vcruntime140.dll'.
b5c.2e20: supHardenedWinVerifyImageByHandle: -> 0 (\Device\HarddiskVolume1\Program Files\Oracle\VirtualBox\VBoxDD2.dll) WinVerifyTrust
b5c.2e20: supR3HardenedWinVerifyCacheInsert: \Device\HarddiskVolume1\Program Files\Oracle\VirtualBox\VBoxDD2.dll
b5c.2e20: supR3HardenedWinVerifyCacheProcessImportTodos: Processing 'vboxddu.dll'...
b5c.2e20: supR3HardenedWinVerifyCacheProcessImportTodos: 'vboxddu.dll' -> '\Device\HarddiskVolume1\Program Files\Oracle\VirtualBox\vboxddu.dll' [rcNtRedir=0xc0150008]
b5c.2e20: supR3HardenedScreenImage/LdrLoadDll: cache hit (VINF_SUCCESS) on \Device\HarddiskVolume1\Windows\System32\rsaenh.dll
b5c.2e20: supR3HardenedWinVerifyCacheProcessImportTodos: Processing 'vcruntime140.dll'...
b5c.2e20: supR3HardenedWinVerifyCacheProcessImportTodos: 'vcruntime140.dll' -> '\Device\HarddiskVolume1\Windows\System32\vcruntime140.dll' [rcNtRedir=0xc0150008]
b5c.2e20: supR3HardenedWinVerifyCacheProcessImportTodos: Processing 'vboxrt.dll'...
b5c.2e20: supR3HardenedWinVerifyCacheProcessImportTodos: 'vboxrt.dll' -> '\Device\HarddiskVolume1\Program Files\Oracle\VirtualBox\vboxrt.dll' [rcNtRedir=0xc0150008]
b5c.2e20: supR3HardenedMonitor_LdrLoadDll: pName=C:\Windows\system32\rsaenh.dll (rcNtResolve=0xc0150008) *pfFlags=0x0 pwszSearchPath=0000000000000001:<flags> [calling]
b5c.2e20: supR3HardenedMonitor_LdrLoadDll: returns rcNt=0x0 hMod=00007ffb3eb20000 'C:\Windows\system32\rsaenh.dll'
b5c.2e20: supR3HardenedMonitor_LdrLoadDll: returns rcNt=0x0 hMod=00007ffb40320000 'C:\Windows\System32\crypt32.dll'
b5c.2e20: supR3HardenedWinVerifyCacheScheduleImports: Import todo: #0 'vboxrt.dll'.
b5c.2e20: supR3HardenedWinVerifyCacheScheduleImports: Import todo: #2 'user32.dll'.
b5c.2e20: supR3HardenedWinVerifyCacheScheduleImports: Import todo: #3 'setupapi.dll'.
b5c.2e20: supR3HardenedWinVerifyCacheScheduleImports: Import todo: #5 'vcruntime140.dll'.
b5c.2e20: supR3HardenedWinVerifyCacheScheduleImports: Import todo: #6 'advapi32.dll'.
b5c.2e20: supHardenedWinVerifyImageByHandle: -> 0 (\Device\HarddiskVolume1\Program Files\Oracle\VirtualBox\VBoxDDU.dll) WinVerifyTrust
b5c.2e20: supR3HardenedWinVerifyCacheInsert: \Device\HarddiskVolume1\Program Files\Oracle\VirtualBox\VBoxDDU.dll
b5c.2e20: supR3HardenedWinVerifyCacheProcessImportTodos: Processing 'vboxrt.dll'...
b5c.2e20: supR3HardenedWinVerifyCacheProcessImportTodos: 'vboxrt.dll' -> '\Device\HarddiskVolume1\Program Files\Oracle\VirtualBox\vboxrt.dll' [rcNtRedir=0xc0150008]
b5c.2e20: supR3HardenedWinVerifyCacheProcessImportTodos: Processing 'advapi32.dll'...
b5c.2e20: supR3HardenedWinVerifyCacheProcessImportTodos: 'advapi32.dll' -> '\Device\HarddiskVolume1\Windows\System32\advapi32.dll' [rcNtRedir=0xc0150008]
b5c.2e20: supR3HardenedWinVerifyCacheProcessImportTodos: Processing 'vcruntime140.dll'...
b5c.2e20: supR3HardenedWinVerifyCacheProcessImportTodos: 'vcruntime140.dll' -> '\Device\HarddiskVolume1\Windows\System32\vcruntime140.dll' [rcNtRedir=0xc0150008]
b5c.2e20: supR3HardenedWinVerifyCacheProcessImportTodos: Processing 'setupapi.dll'...
b5c.2e20: supR3HardenedWinVerifyCacheProcessImportTodos: 'setupapi.dll' -> '\Device\HarddiskVolume1\Windows\System32\setupapi.dll' [rcNtRedir=0xc0150008]
b5c.2e20: supR3HardenedScreenImage/Imports: cache hit (VINF_SUCCESS) on \Device\HarddiskVolume1\Windows\System32\setupapi.dll
b5c.2e20: supR3HardenedWinVerifyCacheProcessImportTodos: Processing 'user32.dll'...
b5c.2e20: supR3HardenedWinVerifyCacheProcessImportTodos: 'user32.dll' -> '\Device\HarddiskVolume1\Windows\System32\user32.dll' [rcNtRedir=0xc0150008]
b5c.2e20: supR3HardenedWinVerifyCacheProcessImportTodos: Processing 'vboxrt.dll'...
b5c.2e20: supR3HardenedWinVerifyCacheProcessImportTodos: 'vboxrt.dll' -> '\Device\HarddiskVolume1\Program Files\Oracle\VirtualBox\vboxrt.dll' [rcNtRedir=0xc0150008]
b5c.2e20: supR3HardenedMonitor_LdrLoadDll: pName=C:\Program Files\Oracle\VirtualBox\VBoxDD.DLL (rcNtResolve=0xc0150008) *pfFlags=0x0 pwszSearchPath=0000000000000001:<flags> [calling]
b5c.2e20: supR3HardenedScreenImage/NtCreateSection: cache hit (VINF_SUCCESS) on \Device\HarddiskVolume1\Program Files\Oracle\VirtualBox\VBoxDD.dll
b5c.2e20: supR3HardenedScreenImage/NtCreateSection: cache hit (VINF_SUCCESS) on \Device\HarddiskVolume1\Program Files\Oracle\VirtualBox\VBoxDDU.dll
b5c.2e20: supR3HardenedScreenImage/NtCreateSection: cache hit (VINF_SUCCESS) on \Device\HarddiskVolume1\Program Files\Oracle\VirtualBox\VBoxDD2.dll
b5c.2e20: supR3HardenedScreenImage/NtCreateSection: cache hit (VINF_SUCCESS) on \Device\HarddiskVolume1\Windows\System32\IPHLPAPI.DLL
b5c.2e20: supR3HardenedDllNotificationCallback: load   00007ffb0c3d0000 LB 0x00075000 C:\Program Files\Oracle\VirtualBox\VBoxDDU.dll [fFlags=0x0]
b5c.2e20: supR3HardenedScreenImage/LdrLoadDll: cache hit (VINF_SUCCESS) on \Device\HarddiskVolume1\Program Files\Oracle\VirtualBox\VBoxDDU.dll
b5c.2e20: supR3HardenedDllNotificationCallback: load   00007ffad11e0000 LB 0x00e5e000 C:\Program Files\Oracle\VirtualBox\VBoxDD2.dll [fFlags=0x0]
b5c.2e20: supR3HardenedScreenImage/LdrLoadDll: cache hit (VINF_SUCCESS) on \Device\HarddiskVolume1\Program Files\Oracle\VirtualBox\VBoxDD2.dll
b5c.2e20: supR3HardenedDllNotificationCallback: load   00007ffb3ef00000 LB 0x0003b000 C:\Windows\SYSTEM32\IPHLPAPI.DLL [fFlags=0x0]
b5c.2e20: supR3HardenedScreenImage/LdrLoadDll: cache hit (VINF_SUCCESS) on \Device\HarddiskVolume1\Windows\System32\IPHLPAPI.DLL
b5c.2e20: supR3HardenedDllNotificationCallback: load   00007ffad2040000 LB 0x00afd000 C:\Program Files\Oracle\VirtualBox\VBoxDD.DLL [fFlags=0x0]
b5c.2e20: supR3HardenedScreenImage/LdrLoadDll: cache hit (VINF_SUCCESS) on \Device\HarddiskVolume1\Program Files\Oracle\VirtualBox\VBoxDD.dll
b5c.2e20: supR3HardenedMonitor_LdrLoadDll: returns rcNt=0x0 hMod=00007ffad2040000 'C:\Program Files\Oracle\VirtualBox\VBoxDD.DLL'
b5c.2e20: supR3HardenedMonitor_LdrLoadDll: returns rcNt=0x0 hMod=00007ffb3eb20000 'C:\Windows\system32\rsaenh.dll'
b5c.2e20: supR3HardenedMonitor_LdrLoadDll: returns rcNt=0x0 hMod=00007ffb40320000 'C:\Windows\System32\crypt32.dll'
b5c.2e20: supR3HardenedScreenImage/LdrLoadDll: cache hit (VINF_SUCCESS) on \Device\HarddiskVolume1\Program Files\Oracle\VirtualBox\VBoxC.dll
b5c.2e20: supR3HardenedMonitor_LdrLoadDll: pName=C:\Program Files\Oracle\VirtualBox\VBoxC.DLL (rcNtResolve=0xc0150008) *pfFlags=0x0 pwszSearchPath=0000000000000001:<flags> [calling]
b5c.2e20: supR3HardenedMonitor_LdrLoadDll: returns rcNt=0x0 hMod=00007ffae5c00000 'C:\Program Files\Oracle\VirtualBox\VBoxC.DLL'
b5c.2e20: supR3HardenedMonitor_LdrLoadDll: returns rcNt=0x0 hMod=00007ffb3eb20000 'C:\Windows\system32\rsaenh.dll'
b5c.2e20: supR3HardenedMonitor_LdrLoadDll: returns rcNt=0x0 hMod=00007ffb40320000 'C:\Windows\System32\crypt32.dll'
b5c.2e20: supR3HardenedScreenImage/LdrLoadDll: cache hit (VINF_SUCCESS) on \Device\HarddiskVolume1\Program Files\Oracle\VirtualBox\VBoxDD2.dll
b5c.2e20: supR3HardenedMonitor_LdrLoadDll: pName=C:\Program Files\Oracle\VirtualBox\VBoxDD2.DLL (rcNtResolve=0xc0150008) *pfFlags=0x0 pwszSearchPath=0000000000000001:<flags> [calling]
b5c.2e20: supR3HardenedMonitor_LdrLoadDll: returns rcNt=0x0 hMod=00007ffad11e0000 'C:\Program Files\Oracle\VirtualBox\VBoxDD2.DLL'
b5c.22f4: supR3HardenedMonitor_LdrLoadDll: returns rcNt=0x0 hMod=00007ffb3eb20000 'C:\Windows\system32\rsaenh.dll'
b5c.22f4: supR3HardenedMonitor_LdrLoadDll: returns rcNt=0x0 hMod=00007ffb40320000 'C:\Windows\System32\crypt32.dll'
b5c.22f4: supR3HardenedWinVerifyCacheScheduleImports: Import todo: #0 'vboxrt.dll'.
b5c.22f4: supR3HardenedWinVerifyCacheScheduleImports: Import todo: #1 'vcruntime140.dll'.
b5c.22f4: supHardenedWinVerifyImageByHandle: -> 0 (\Device\HarddiskVolume1\Program Files\Oracle\VirtualBox\VBoxSharedFolders.dll) WinVerifyTrust
b5c.22f4: supR3HardenedWinVerifyCacheInsert: \Device\HarddiskVolume1\Program Files\Oracle\VirtualBox\VBoxSharedFolders.dll
b5c.22f4: supR3HardenedWinVerifyCacheProcessImportTodos: Processing 'vcruntime140.dll'...
b5c.22f4: supR3HardenedWinVerifyCacheProcessImportTodos: 'vcruntime140.dll' -> '\Device\HarddiskVolume1\Windows\System32\vcruntime140.dll' [rcNtRedir=0xc0150008]
b5c.22f4: supR3HardenedWinVerifyCacheProcessImportTodos: Processing 'vboxrt.dll'...
b5c.22f4: supR3HardenedWinVerifyCacheProcessImportTodos: 'vboxrt.dll' -> '\Device\HarddiskVolume1\Program Files\Oracle\VirtualBox\vboxrt.dll' [rcNtRedir=0xc0150008]
b5c.22f4: supR3HardenedMonitor_LdrLoadDll: pName=C:\Program Files\Oracle\VirtualBox\VBoxSharedFolders.DLL (rcNtResolve=0xc0150008) *pfFlags=0x0 pwszSearchPath=0000000000000001:<flags> [calling]
b5c.22f4: supR3HardenedScreenImage/NtCreateSection: cache hit (VINF_SUCCESS) on \Device\HarddiskVolume1\Program Files\Oracle\VirtualBox\VBoxSharedFolders.dll
b5c.22f4: supR3HardenedDllNotificationCallback: load   00007ffb03820000 LB 0x00016000 C:\Program Files\Oracle\VirtualBox\VBoxSharedFolders.DLL [fFlags=0x0]
b5c.22f4: supR3HardenedScreenImage/LdrLoadDll: cache hit (VINF_SUCCESS) on \Device\HarddiskVolume1\Program Files\Oracle\VirtualBox\VBoxSharedFolders.dll
b5c.22f4: supR3HardenedMonitor_LdrLoadDll: returns rcNt=0x0 hMod=00007ffb03820000 'C:\Program Files\Oracle\VirtualBox\VBoxSharedFolders.DLL'
b5c.2790: supR3HardenedMonitor_LdrLoadDll: returns rcNt=0x0 hMod=00007ffb3eb20000 'C:\Windows\system32\rsaenh.dll'
b5c.2790: supR3HardenedMonitor_LdrLoadDll: returns rcNt=0x0 hMod=00007ffb40320000 'C:\Windows\System32\crypt32.dll'
b5c.2790: supR3HardenedWinVerifyCacheScheduleImports: Import todo: #0 'vboxrt.dll'.
b5c.2790: supR3HardenedWinVerifyCacheScheduleImports: Import todo: #2 'vcruntime140.dll'.
b5c.2790: supR3HardenedWinVerifyCacheScheduleImports: Import todo: #3 'vcruntime140_1.dll'.
b5c.2790: supR3HardenedWinVerifyCacheScheduleImports: Import todo: #4 'msvcp140.dll'.
b5c.2790: supHardenedWinVerifyImageByHandle: -> 0 (\Device\HarddiskVolume1\Program Files\Oracle\VirtualBox\VBoxGuestControlSvc.dll) WinVerifyTrust
b5c.2790: supR3HardenedWinVerifyCacheInsert: \Device\HarddiskVolume1\Program Files\Oracle\VirtualBox\VBoxGuestControlSvc.dll
b5c.2790: supR3HardenedWinVerifyCacheProcessImportTodos: Processing 'msvcp140.dll'...
b5c.2790: supR3HardenedWinVerifyCacheProcessImportTodos: 'msvcp140.dll' -> '\Device\HarddiskVolume1\Windows\System32\msvcp140.dll' [rcNtRedir=0xc0150008]
b5c.2790: supR3HardenedWinVerifyCacheProcessImportTodos: Processing 'vcruntime140_1.dll'...
b5c.2790: supR3HardenedWinVerifyCacheProcessImportTodos: 'vcruntime140_1.dll' -> '\Device\HarddiskVolume1\Windows\System32\vcruntime140_1.dll' [rcNtRedir=0xc0150008]
b5c.2790: supR3HardenedWinVerifyCacheProcessImportTodos: Processing 'vcruntime140.dll'...
b5c.2790: supR3HardenedWinVerifyCacheProcessImportTodos: 'vcruntime140.dll' -> '\Device\HarddiskVolume1\Windows\System32\vcruntime140.dll' [rcNtRedir=0xc0150008]
b5c.2790: supR3HardenedWinVerifyCacheProcessImportTodos: Processing 'vboxrt.dll'...
b5c.2790: supR3HardenedWinVerifyCacheProcessImportTodos: 'vboxrt.dll' -> '\Device\HarddiskVolume1\Program Files\Oracle\VirtualBox\vboxrt.dll' [rcNtRedir=0xc0150008]
b5c.2790: supR3HardenedMonitor_LdrLoadDll: pName=C:\Program Files\Oracle\VirtualBox\VBoxGuestControlSvc.DLL (rcNtResolve=0xc0150008) *pfFlags=0x0 pwszSearchPath=0000000000000001:<flags> [calling]
b5c.2790: supR3HardenedScreenImage/NtCreateSection: cache hit (VINF_SUCCESS) on \Device\HarddiskVolume1\Program Files\Oracle\VirtualBox\VBoxGuestControlSvc.dll
b5c.2790: supR3HardenedDllNotificationCallback: load   00007ffb08020000 LB 0x0000c000 C:\Program Files\Oracle\VirtualBox\VBoxGuestControlSvc.DLL [fFlags=0x0]
b5c.2790: supR3HardenedScreenImage/LdrLoadDll: cache hit (VINF_SUCCESS) on \Device\HarddiskVolume1\Program Files\Oracle\VirtualBox\VBoxGuestControlSvc.dll
b5c.2790: supR3HardenedMonitor_LdrLoadDll: returns rcNt=0x0 hMod=00007ffb08020000 'C:\Program Files\Oracle\VirtualBox\VBoxGuestControlSvc.DLL'
b5c.a54: supR3HardenedMonitor_LdrLoadDll: returns rcNt=0x0 hMod=00007ffb3eb20000 'C:\Windows\system32\rsaenh.dll'
b5c.a54: supR3HardenedMonitor_LdrLoadDll: returns rcNt=0x0 hMod=00007ffb40320000 'C:\Windows\System32\crypt32.dll'
b5c.a54: supR3HardenedWinVerifyCacheScheduleImports: Import todo: #0 'vboxrt.dll'.
b5c.a54: supR3HardenedWinVerifyCacheScheduleImports: Import todo: #2 'vcruntime140.dll'.
b5c.a54: supR3HardenedWinVerifyCacheScheduleImports: Import todo: #3 'vcruntime140_1.dll'.
b5c.a54: supR3HardenedWinVerifyCacheScheduleImports: Import todo: #4 'msvcp140.dll'.
b5c.a54: supHardenedWinVerifyImageByHandle: -> 0 (\Device\HarddiskVolume1\Program Files\Oracle\VirtualBox\VBoxGuestPropSvc.dll) WinVerifyTrust
b5c.a54: supR3HardenedWinVerifyCacheInsert: \Device\HarddiskVolume1\Program Files\Oracle\VirtualBox\VBoxGuestPropSvc.dll
b5c.a54: supR3HardenedWinVerifyCacheProcessImportTodos: Processing 'msvcp140.dll'...
b5c.a54: supR3HardenedWinVerifyCacheProcessImportTodos: 'msvcp140.dll' -> '\Device\HarddiskVolume1\Windows\System32\msvcp140.dll' [rcNtRedir=0xc0150008]
b5c.a54: supR3HardenedWinVerifyCacheProcessImportTodos: Processing 'vcruntime140_1.dll'...
b5c.a54: supR3HardenedWinVerifyCacheProcessImportTodos: 'vcruntime140_1.dll' -> '\Device\HarddiskVolume1\Windows\System32\vcruntime140_1.dll' [rcNtRedir=0xc0150008]
b5c.a54: supR3HardenedWinVerifyCacheProcessImportTodos: Processing 'vcruntime140.dll'...
b5c.a54: supR3HardenedWinVerifyCacheProcessImportTodos: 'vcruntime140.dll' -> '\Device\HarddiskVolume1\Windows\System32\vcruntime140.dll' [rcNtRedir=0xc0150008]
b5c.a54: supR3HardenedWinVerifyCacheProcessImportTodos: Processing 'vboxrt.dll'...
b5c.a54: supR3HardenedWinVerifyCacheProcessImportTodos: 'vboxrt.dll' -> '\Device\HarddiskVolume1\Program Files\Oracle\VirtualBox\vboxrt.dll' [rcNtRedir=0xc0150008]
b5c.a54: supR3HardenedMonitor_LdrLoadDll: pName=C:\Program Files\Oracle\VirtualBox\VBoxGuestPropSvc.DLL (rcNtResolve=0xc0150008) *pfFlags=0x0 pwszSearchPath=0000000000000001:<flags> [calling]
b5c.a54: supR3HardenedScreenImage/NtCreateSection: cache hit (VINF_SUCCESS) on \Device\HarddiskVolume1\Program Files\Oracle\VirtualBox\VBoxGuestPropSvc.dll
b5c.a54: supR3HardenedDllNotificationCallback: load   00007ffb04ab0000 LB 0x0000d000 C:\Program Files\Oracle\VirtualBox\VBoxGuestPropSvc.DLL [fFlags=0x0]
b5c.a54: supR3HardenedScreenImage/LdrLoadDll: cache hit (VINF_SUCCESS) on \Device\HarddiskVolume1\Program Files\Oracle\VirtualBox\VBoxGuestPropSvc.dll
b5c.a54: supR3HardenedMonitor_LdrLoadDll: returns rcNt=0x0 hMod=00007ffb04ab0000 'C:\Program Files\Oracle\VirtualBox\VBoxGuestPropSvc.DLL'
b5c.2e20: supR3HardenedMonitor_LdrLoadDll: returns rcNt=0x0 hMod=00007ffb3eb20000 'C:\Windows\system32\rsaenh.dll'
b5c.2e20: supR3HardenedMonitor_LdrLoadDll: returns rcNt=0x0 hMod=00007ffb40320000 'C:\Windows\System32\crypt32.dll'
b5c.2e20: supR3HardenedWinVerifyCacheScheduleImports: Import todo: #0 'msvcp_win.dll'.
b5c.2e20: supR3HardenedWinVerifyCacheScheduleImports: Import todo: #16 'rpcrt4.dll'.
b5c.2e20: supR3HardenedWinVerifyCacheScheduleImports: Import todo: #28 'devobj.dll'.
b5c.2e20: supHardenedWinVerifyImageByHandle: -> 0 (\Device\HarddiskVolume1\Windows\System32\MMDevAPI.dll) WinVerifyTrust
b5c.2e20: supR3HardenedWinVerifyCacheInsert: \Device\HarddiskVolume1\Windows\System32\MMDevAPI.dll
b5c.2e20: supR3HardenedWinVerifyCacheProcessImportTodos: Processing 'devobj.dll'...
b5c.2e20: supR3HardenedWinVerifyCacheProcessImportTodos: 'devobj.dll' -> '\Device\HarddiskVolume1\Windows\System32\devobj.dll' [rcNtRedir=0xc0150008]
b5c.2e20: supR3HardenedScreenImage/Imports: cache hit (VINF_SUCCESS) on \Device\HarddiskVolume1\Windows\System32\devobj.dll
b5c.2e20: supR3HardenedWinVerifyCacheProcessImportTodos: Processing 'rpcrt4.dll'...
b5c.2e20: supR3HardenedWinVerifyCacheProcessImportTodos: 'rpcrt4.dll' -> '\Device\HarddiskVolume1\Windows\System32\rpcrt4.dll' [rcNtRedir=0xc0150008]
b5c.2e20: supR3HardenedWinVerifyCacheProcessImportTodos: Processing 'msvcp_win.dll'...
b5c.2e20: supR3HardenedWinVerifyCacheProcessImportTodos: 'msvcp_win.dll' -> '\Device\HarddiskVolume1\Windows\System32\msvcp_win.dll' [rcNtRedir=0xc0150008]
b5c.2e20: supR3HardenedMonitor_LdrLoadDll: pName=C:\Windows\System32\MMDevApi.dll (rcNtResolve=0xc0150008) *pfFlags=0x0 pwszSearchPath=0000000000002009:<flags> [calling]
b5c.2e20: supR3HardenedScreenImage/NtCreateSection: cache hit (VINF_SUCCESS) on \Device\HarddiskVolume1\Windows\System32\MMDevAPI.dll
b5c.2e20: supR3HardenedDllNotificationCallback: load   00007ffb37e10000 LB 0x00085000 C:\Windows\System32\MMDevApi.dll [fFlags=0x0]
b5c.2e20: supR3HardenedScreenImage/LdrLoadDll: cache hit (VINF_SUCCESS) on \Device\HarddiskVolume1\Windows\System32\MMDevAPI.dll
b5c.2e20: supR3HardenedMonitor_LdrLoadDll: returns rcNt=0x0 hMod=00007ffb37e10000 'C:\Windows\System32\MMDevApi.dll'
b5c.2e20: supR3HardenedScreenImage/LdrLoadDll: cache hit (VINF_SUCCESS) on \Device\HarddiskVolume1\Windows\System32\MMDevAPI.dll
b5c.2e20: supR3HardenedMonitor_LdrLoadDll: pName=C:\Windows\System32\MMDEVAPI.DLL (Input=MMDEVAPI.DLL, rcNtResolve=0xc0150008) *pfFlags=0x0 pwszSearchPath=0000000000000001:<flags> [calling]
b5c.2e20: supR3HardenedMonitor_LdrLoadDll: returns rcNt=0x0 hMod=00007ffb37e10000 'C:\Windows\System32\MMDEVAPI.DLL'
b5c.1408: supR3HardenedScreenImage/LdrLoadDll: cache hit (VINF_SUCCESS) on \Device\HarddiskVolume1\Windows\System32\msctf.dll
b5c.1408: supR3HardenedMonitor_LdrLoadDll: pName=C:\Windows\System32\MSCTF.dll (rcNtResolve=0xc0150008) *pfFlags=0x0 pwszSearchPath=0000000000000009:<flags> [calling]
b5c.1408: supR3HardenedMonitor_LdrLoadDll: returns rcNt=0x0 hMod=00007ffb40e90000 'C:\Windows\System32\MSCTF.dll'
b5c.1408: supR3HardenedScreenImage/NtCreateSection: cache hit (VINF_SUCCESS) on \Device\HarddiskVolume1\Windows\System32\imageres.dll
b5c.1408: supR3HardenedMonitor_NtCreateSection: NtMapViewOfSection failed on 0000000000000cb0 (hFile=0000000000000cac) with 0xc0000022 -> STATUS_TRUST_FAILURE
b5c.1408: supR3HardenedMonitor_NtCreateSection: NtMapViewOfSection failed on 0000000000000cac (hFile=0000000000000cb0) with 0xc0000022 -> STATUS_TRUST_FAILURE
b5c.1408: supR3HardenedMonitor_NtCreateSection: NtMapViewOfSection failed on 0000000000000cb0 (hFile=0000000000000cac) with 0xc0000022 -> STATUS_TRUST_FAILURE
b5c.1408: supR3HardenedMonitor_NtCreateSection: NtMapViewOfSection failed on 0000000000000cac (hFile=0000000000000cb0) with 0xc0000022 -> STATUS_TRUST_FAILURE
b5c.1408: supR3HardenedIsApiSetDll: ApiSetQueryApiSetPresence(ext-ms-win-rtcore-ntuser-window-ext-l1-1-0.dll) -> 0x0, fPresent=1
b5c.1408: supR3HardenedMonitor_LdrLoadDll: pName=ext-ms-win-rtcore-ntuser-window-ext-l1-1-0.dll (rcNtResolve=0x0) *pfFlags=0x0 pwszSearchPath=0000000000000001:<flags> [calling]
b5c.1408: supR3HardenedMonitor_LdrLoadDll: returns rcNt=0x0 hMod=00007ffb417e0000 'ext-ms-win-rtcore-ntuser-window-ext-l1-1-0.dll'
b5c.1408: supR3HardenedIsApiSetDll: ApiSetQueryApiSetPresence(ext-ms-win-rtcore-ntuser-integration-l1-1-0.dll) -> 0x0, fPresent=1
b5c.1408: supR3HardenedMonitor_LdrLoadDll: pName=ext-ms-win-rtcore-ntuser-integration-l1-1-0.dll (rcNtResolve=0x0) *pfFlags=0x0 pwszSearchPath=0000000000000001:<flags> [calling]
b5c.1408: supR3HardenedMonitor_LdrLoadDll: returns rcNt=0x0 hMod=00007ffb417e0000 'ext-ms-win-rtcore-ntuser-integration-l1-1-0.dll'
b5c.1408: supR3HardenedIsApiSetDll: ApiSetQueryApiSetPresence(api-ms-win-core-com-l1-1-0.dll) -> 0x0, fPresent=1
b5c.1408: supR3HardenedMonitor_LdrLoadDll: pName=api-ms-win-core-com-l1-1-0.dll (rcNtResolve=0x0) *pfFlags=0x0 pwszSearchPath=0000000000000001:<flags> [calling]
b5c.1408: supR3HardenedMonitor_LdrLoadDll: returns rcNt=0x0 hMod=00007ffb41350000 'api-ms-win-core-com-l1-1-0.dll'
b5c.1408: supR3HardenedMonitor_NtCreateSection: NtMapViewOfSection failed on 00000000000012c8 (hFile=00000000000012cc) with 0xc0000022 -> STATUS_TRUST_FAILURE
b5c.1408: supR3HardenedMonitor_NtCreateSection: NtMapViewOfSection failed on 00000000000012cc (hFile=00000000000012c8) with 0xc0000022 -> STATUS_TRUST_FAILURE
b5c.1408: supR3HardenedMonitor_NtCreateSection: NtMapViewOfSection failed on 00000000000012c8 (hFile=00000000000012cc) with 0xc0000022 -> STATUS_TRUST_FAILURE
b5c.1408: supR3HardenedMonitor_NtCreateSection: NtMapViewOfSection failed on 00000000000012cc (hFile=00000000000012c8) with 0xc0000022 -> STATUS_TRUST_FAILURE
b5c.1408: supR3HardenedScreenImage/NtCreateSection: cache hit (VINF_SUCCESS) on \Device\HarddiskVolume1\Windows\System32\imageres.dll
b5c.1408: supR3HardenedMonitor_NtCreateSection: NtMapViewOfSection failed on 0000000000001268 (hFile=00000000000012d8) with 0xc0000022 -> STATUS_TRUST_FAILURE
b5c.1408: supR3HardenedMonitor_NtCreateSection: NtMapViewOfSection failed on 00000000000012d8 (hFile=0000000000001268) with 0xc0000022 -> STATUS_TRUST_FAILURE
b5c.1408: supR3HardenedMonitor_NtCreateSection: NtMapViewOfSection failed on 0000000000001268 (hFile=00000000000012d8) with 0xc0000022 -> STATUS_TRUST_FAILURE
b5c.1408: supR3HardenedMonitor_NtCreateSection: NtMapViewOfSection failed on 00000000000012d8 (hFile=0000000000001268) with 0xc0000022 -> STATUS_TRUST_FAILURE
b5c.1408: supR3HardenedMonitor_LdrLoadDll: returns rcNt=0x0 hMod=00007ffb416b0000 'C:\Windows\system32\ole32.dll'
b5c.1408: supR3HardenedMonitor_LdrLoadDll: error opening 'C:\Windows\System32\thai.dll': 0 (NtPath=\??\C:\Windows\System32\thai.dll; Input=thai.dll; rcNtGetDll=0xc0000135
b5c.1408: supR3HardenedMonitor_LdrLoadDll: returns rcNt=0xc0000034 'C:\Windows\System32\thai.dll'
b5c.1408: supR3HardenedMonitor_LdrLoadDll: error opening 'C:\Windows\System32\thai.dll': 0 (NtPath=\??\C:\Windows\System32\thai.dll; Input=thai.dll; rcNtGetDll=0xc0000135
b5c.1408: supR3HardenedMonitor_LdrLoadDll: returns rcNt=0xc0000034 'C:\Windows\System32\thai.dll'
b5c.1408: supR3HardenedMonitor_LdrLoadDll: error opening 'C:\Windows\System32\thai.dll': 0 (NtPath=\??\C:\Windows\System32\thai.dll; Input=thai.dll; rcNtGetDll=0xc0000135
b5c.1408: supR3HardenedMonitor_LdrLoadDll: returns rcNt=0xc0000034 'C:\Windows\System32\thai.dll'
b5c.1408: supR3HardenedMonitor_NtCreateSection: NtMapViewOfSection failed on 0000000000001720 (hFile=000000000000171c) with 0xc0000022 -> STATUS_TRUST_FAILURE
b5c.1408: supR3HardenedMonitor_NtCreateSection: NtMapViewOfSection failed on 000000000000171c (hFile=0000000000001720) with 0xc0000022 -> STATUS_TRUST_FAILURE
b5c.1408: supR3HardenedMonitor_NtCreateSection: NtMapViewOfSection failed on 000000000000173c (hFile=0000000000001744) with 0xc0000022 -> STATUS_TRUST_FAILURE
b5c.1408: supR3HardenedMonitor_NtCreateSection: NtMapViewOfSection failed on 0000000000001744 (hFile=000000000000173c) with 0xc0000022 -> STATUS_TRUST_FAILURE
b5c.11f0: supR3HardenedScreenImage/LdrLoadDll: cache hit (VINF_SUCCESS) on \Device\HarddiskVolume1\Windows\System32\propsys.dll
b5c.11f0: supR3HardenedMonitor_LdrLoadDll: pName=C:\Windows\system32\propsys.dll (rcNtResolve=0xc0150008) *pfFlags=0x0 pwszSearchPath=0000000000002009:<flags> [calling]
b5c.11f0: supR3HardenedMonitor_LdrLoadDll: returns rcNt=0x0 hMod=00007ffb3ad30000 'C:\Windows\system32\propsys.dll'
b5c.11f0: supR3HardenedScreenImage/LdrLoadDll: cache hit (VINF_SUCCESS) on \Device\HarddiskVolume1\Windows\System32\windows.storage.dll
b5c.11f0: supR3HardenedMonitor_LdrLoadDll: pName=C:\Windows\system32\Windows.Storage.dll (rcNtResolve=0xc0150008) *pfFlags=0x0 pwszSearchPath=0000000000002009:<flags> [calling]
b5c.11f0: supR3HardenedMonitor_LdrLoadDll: returns rcNt=0x0 hMod=00007ffb3db70000 'C:\Windows\system32\Windows.Storage.dll'
b5c.11f0: supR3HardenedScreenImage/LdrLoadDll: cache hit (VINF_SUCCESS) on \Device\HarddiskVolume1\Windows\System32\windows.storage.dll
b5c.11f0: supR3HardenedMonitor_LdrLoadDll: pName=C:\Windows\system32\windows.storage.dll (rcNtResolve=0xc0150008) *pfFlags=0x0 pwszSearchPath=0000000000002009:<flags> [calling]
b5c.11f0: supR3HardenedMonitor_LdrLoadDll: returns rcNt=0x0 hMod=00007ffb3db70000 'C:\Windows\system32\windows.storage.dll'
b5c.11f0: supR3HardenedMonitor_LdrLoadDll: returns rcNt=0x0 hMod=00007ffb3eb20000 'C:\Windows\system32\rsaenh.dll'
b5c.11f0: supR3HardenedScreenImage/LdrLoadDll: cache hit (VINF_SUCCESS) on \Device\HarddiskVolume1\Windows\System32\wintrust.dll
b5c.11f0: supR3HardenedMonitor_LdrLoadDll: pName=C:\Windows\System32\WINTRUST.DLL (Input=WINTRUST.DLL, rcNtResolve=0xc0150008) *pfFlags=0x0 pwszSearchPath=0000000000000001:<flags> [calling]
b5c.11f0: supR3HardenedMonitor_LdrLoadDll: returns rcNt=0x0 hMod=00007ffb3fdd0000 'C:\Windows\System32\WINTRUST.DLL'
b5c.11f0: supR3HardenedMonitor_LdrLoadDll: returns rcNt=0x0 hMod=00007ffb40320000 'C:\Windows\System32\CRYPT32.dll'
b5c.11f0: supR3HardenedMonitor_LdrLoadDll: returns rcNt=0x0 hMod=00007ffb40320000 'C:\Windows\System32\crypt32.dll'
b5c.11f0: supR3HardenedWinVerifyCacheScheduleImports: Import todo: #0 'msvcrt.dll'.
b5c.11f0: supR3HardenedWinVerifyCacheScheduleImports: Import todo: #38 'gdi32.dll'.
b5c.11f0: supR3HardenedWinVerifyCacheScheduleImports: Import todo: #39 'user32.dll'.
b5c.11f0: supHardenedWinVerifyImageByHandle: -> 0 (\Device\HarddiskVolume1\Windows\WinSxS\amd64_microsoft.windows.common-controls_6595b64144ccf1df_6.0.19041.6456_none_60b8a6cb71f64256\comctl32.dll) WinVerifyTrust
b5c.11f0: supR3HardenedWinVerifyCacheInsert: \Device\HarddiskVolume1\Windows\WinSxS\amd64_microsoft.windows.common-controls_6595b64144ccf1df_6.0.19041.6456_none_60b8a6cb71f64256\comctl32.dll
b5c.11f0: supR3HardenedWinVerifyCacheProcessImportTodos: Processing 'user32.dll'...
b5c.11f0: supR3HardenedWinVerifyCacheProcessImportTodos: 'user32.dll' -> '\Device\HarddiskVolume1\Windows\System32\user32.dll' [rcNtRedir=0xc0150008]
b5c.11f0: supR3HardenedWinVerifyCacheProcessImportTodos: Processing 'gdi32.dll'...
b5c.11f0: supR3HardenedWinVerifyCacheProcessImportTodos: 'gdi32.dll' -> '\Device\HarddiskVolume1\Windows\System32\gdi32.dll' [rcNtRedir=0xc0150008]
b5c.11f0: supR3HardenedWinVerifyCacheProcessImportTodos: Processing 'msvcrt.dll'...
b5c.11f0: supR3HardenedWinVerifyCacheProcessImportTodos: 'msvcrt.dll' -> '\Device\HarddiskVolume1\Windows\System32\msvcrt.dll' [rcNtRedir=0xc0150008]
b5c.11f0: supR3HardenedMonitor_LdrLoadDll: pName=C:\Windows\WinSxS\amd64_microsoft.windows.common-controls_6595b64144ccf1df_6.0.19041.6456_none_60b8a6cb71f64256\comctl32.dll (Input=comctl32.dll, rcNtResolve=0x0) *pfFlags=0x0 pwszSearchPath=0000000000004001:<flags> [calling]
b5c.11f0: supR3HardenedScreenImage/NtCreateSection: cache hit (VINF_SUCCESS) on \Device\HarddiskVolume1\Windows\WinSxS\amd64_microsoft.windows.common-controls_6595b64144ccf1df_6.0.19041.6456_none_60b8a6cb71f64256\comctl32.dll
b5c.11f0: supR3HardenedDllNotificationCallback: load   00007ffb27120000 LB 0x0029b000 C:\Windows\WinSxS\amd64_microsoft.windows.common-controls_6595b64144ccf1df_6.0.19041.6456_none_60b8a6cb71f64256\comctl32.dll [fFlags=0x0]
b5c.11f0: supR3HardenedScreenImage/LdrLoadDll: cache hit (VINF_SUCCESS) on \Device\HarddiskVolume1\Windows\WinSxS\amd64_microsoft.windows.common-controls_6595b64144ccf1df_6.0.19041.6456_none_60b8a6cb71f64256\comctl32.dll
b5c.11f0: supR3HardenedMonitor_LdrLoadDll: returns rcNt=0x0 hMod=00007ffb27120000 'C:\Windows\WinSxS\amd64_microsoft.windows.common-controls_6595b64144ccf1df_6.0.19041.6456_none_60b8a6cb71f64256\comctl32.dll'
b5c.11f0: supR3HardenedScreenImage/LdrLoadDll: cache hit (VINF_SUCCESS) on \Device\HarddiskVolume1\Windows\WinSxS\amd64_microsoft.windows.common-controls_6595b64144ccf1df_6.0.19041.6456_none_60b8a6cb71f64256\comctl32.dll
b5c.11f0: supR3HardenedMonitor_LdrLoadDll: pName=C:\Windows\WinSxS\amd64_microsoft.windows.common-controls_6595b64144ccf1df_6.0.19041.6456_none_60b8a6cb71f64256\comctl32.dll (Input=comctl32.dll, rcNtResolve=0x0) *pfFlags=0x0 pwszSearchPath=0000000000004001:<flags> [calling]
b5c.11f0: supR3HardenedMonitor_LdrLoadDll: returns rcNt=0x0 hMod=00007ffb27120000 'C:\Windows\WinSxS\amd64_microsoft.windows.common-controls_6595b64144ccf1df_6.0.19041.6456_none_60b8a6cb71f64256\comctl32.dll'
b5c.11f0: supHardenedWinVerifyImageByHandle: -> 22900 (\Device\HarddiskVolume1\Windows\System32\apphelp.dll)
b5c.11f0: supR3HardenedWinVerifyCacheInsert: \Device\HarddiskVolume1\Windows\System32\apphelp.dll
b5c.11f0: supR3HardenedDllNotificationCallback: load   00007ffb3d0b0000 LB 0x00094000 C:\Windows\SYSTEM32\apphelp.dll [fFlags=0x0]
b5c.11f0: supR3HardenedScreenImage/LdrLoadDll: cache hit (22900) on \Device\HarddiskVolume1\Windows\System32\apphelp.dll [avoiding WinVerifyTrust]
b5c.11f0: Detected loader lock ownership: rc=22900 '\Device\HarddiskVolume1\Windows\System32\apphelp.dll'.
b5c.11f0: supR3HardenedWinVerifyCacheProcessWvtTodos: 22900 (was 22900) fWinVerifyTrust=0 for '\Device\HarddiskVolume1\Windows\System32\apphelp.dll' [rescheduled]
b5c.11f0: supR3HardenedScreenImage/LdrLoadDll: cache hit (VINF_SUCCESS) on \Device\HarddiskVolume1\Windows\System32\ntdll.dll
b5c.11f0: supR3HardenedMonitor_LdrLoadDll: pName=C:\Windows\System32\ntdll.dll (Input=ntdll.dll, rcNtResolve=0xc0150008) *pfFlags=0x0 pwszSearchPath=0000000000000801:<flags> [calling]
b5c.11f0: supR3HardenedMonitor_LdrLoadDll: returns rcNt=0x0 hMod=00007ffb42490000 'C:\Windows\System32\ntdll.dll'
b5c.11f0: Detected loader lock ownership: rc=22900 '\Device\HarddiskVolume1\Windows\System32\apphelp.dll'.
b5c.11f0: supR3HardenedWinVerifyCacheProcessWvtTodos: 22900 (was 22900) fWinVerifyTrust=0 for '\Device\HarddiskVolume1\Windows\System32\apphelp.dll' [rescheduled]
b5c.1544: supR3HardNtViCallWinVerifyTrustCatFile: hFile=00000000000017fc pwszName=\Device\HarddiskVolume1\Windows\System32\apphelp.dll
b5c.1544: supR3HardNtViCallWinVerifyTrustCatFile: Cached context 000001d54f07e0d0
b5c.1544: supR3HardNtViCallWinVerifyTrustCatFile: hCatAdmin=000001d54f07e0d0
b5c.1544: supR3HardNtViCallWinVerifyTrustCatFile: cbHash=20 wszDigest=93FD68B3DB678CD550C0DD6721C2A806DB0D0C60
b5c.1544: supR3HardenedMonitor_LdrLoadDll: returns rcNt=0x0 hMod=00007ffb3eb20000 'C:\Windows\system32\rsaenh.dll'
b5c.1544: supR3HardenedMonitor_LdrLoadDll: returns rcNt=0x0 hMod=00007ffb40320000 'C:\Windows\System32\crypt32.dll'
b5c.1544: supR3HardNtViCallWinVerifyTrustCatFile: WinVerifyTrust => 0x0; cat='C:\Windows\system32\CatRoot\{F750E6C3-38EE-11D1-85E5-00C04FC295EE}\Microsoft-Windows-Client-Desktop-Required-Package0514~31bf3856ad364e35~amd64~~10.0.19041.6392.cat'; file='\Device\HarddiskVolume1\Windows\System32\apphelp.dll'
b5c.1544: supR3HardNtViCallWinVerifyTrustCatFile -> 0 (org 22900)
b5c.1544: supR3HardenedWinVerifyCacheProcessWvtTodos: 0 (was 22900) fWinVerifyTrust=1 for '\Device\HarddiskVolume1\Windows\System32\apphelp.dll'
b5c.1544: supR3HardNtViCallWinVerifyTrustCatFile: hFile=0000000000001878 pwszName=\Device\HarddiskVolume1\Windows\System32\EhStorShell.dll
b5c.1544: supR3HardNtViCallWinVerifyTrustCatFile: Cached context 000001d54f07e0d0
b5c.1544: supR3HardNtViCallWinVerifyTrustCatFile: hCatAdmin=000001d54f07e0d0
b5c.1544: supR3HardNtViCallWinVerifyTrustCatFile: cbHash=20 wszDigest=D1B3D02E9317FEC4F6A8A2DC3B8B6D8A24033540
b5c.1544: supR3HardenedMonitor_LdrLoadDll: returns rcNt=0x0 hMod=00007ffb3eb20000 'C:\Windows\system32\rsaenh.dll'
b5c.1544: supR3HardenedMonitor_LdrLoadDll: returns rcNt=0x0 hMod=00007ffb40320000 'C:\Windows\System32\crypt32.dll'
b5c.1544: supR3HardNtViCallWinVerifyTrustCatFile: WinVerifyTrust => 0x0; cat='C:\Windows\system32\CatRoot\{F750E6C3-38EE-11D1-85E5-00C04FC295EE}\Microsoft-Windows-Client-Desktop-Required-Package0518~31bf3856ad364e35~amd64~~10.0.19041.6456.cat'; file='\Device\HarddiskVolume1\Windows\System32\EhStorShell.dll'
b5c.1544: supR3HardNtViCallWinVerifyTrustCatFile -> 0 (org 22900)
b5c.1544: supR3HardenedWinVerifyCacheScheduleImports: Import todo: #0 'msvcrt.dll'.
b5c.1544: supR3HardenedWinVerifyCacheScheduleImports: Import todo: #2 'user32.dll'.
b5c.1544: supR3HardenedWinVerifyCacheScheduleImports: Import todo: #3 'ole32.dll'.
b5c.1544: supR3HardenedWinVerifyCacheScheduleImports: Import todo: #4 'oleaut32.dll'.
b5c.1544: supR3HardenedWinVerifyCacheScheduleImports: Import todo: #5 'advapi32.dll'.
b5c.1544: supR3HardenedWinVerifyCacheScheduleImports: Import todo: #6 'shell32.dll'.
b5c.1544: supR3HardenedWinVerifyCacheScheduleImports: Import todo: #7 'propsys.dll'.
b5c.1544: supR3HardenedWinVerifyCacheScheduleImports: Import todo: #8 'shlwapi.dll'.
b5c.1544: supR3HardenedWinVerifyCacheScheduleImports: Import todo: #9 'comctl32.dll'.
b5c.1544: supR3HardenedWinVerifyCacheScheduleImports: Import todo: #10 'setupapi.dll'.
b5c.1544: supHardenedWinVerifyImageByHandle: -> 0 (\Device\HarddiskVolume1\Windows\System32\EhStorShell.dll) WinVerifyTrust
b5c.1544: supR3HardenedWinVerifyCacheInsert: \Device\HarddiskVolume1\Windows\System32\EhStorShell.dll
b5c.1544: supR3HardenedWinVerifyCacheProcessImportTodos: Processing 'setupapi.dll'...
b5c.1544: supR3HardenedWinVerifyCacheProcessImportTodos: 'setupapi.dll' -> '\Device\HarddiskVolume1\Windows\System32\setupapi.dll' [rcNtRedir=0xc0150008]
b5c.1544: supR3HardenedScreenImage/Imports: cache hit (VINF_SUCCESS) on \Device\HarddiskVolume1\Windows\System32\setupapi.dll
b5c.1544: supR3HardenedWinVerifyCacheProcessImportTodos: Processing 'comctl32.dll'...
b5c.1544: supR3HardenedWinVerifyCacheProcessImportTodos: 'comctl32.dll' -> '\Device\HarddiskVolume1\Windows\System32\comctl32.dll' [rcNtRedir=0x0]
b5c.1544: supR3HardenedScreenImage/Imports: cache hit (VINF_SUCCESS) on \Device\HarddiskVolume1\Windows\System32\comctl32.dll
b5c.1544: supR3HardenedWinVerifyCacheProcessImportTodos: Processing 'shlwapi.dll'...
b5c.1544: supR3HardenedWinVerifyCacheProcessImportTodos: 'shlwapi.dll' -> '\Device\HarddiskVolume1\Windows\System32\shlwapi.dll' [rcNtRedir=0xc0150008]
b5c.1544: supR3HardenedScreenImage/Imports: cache hit (VINF_SUCCESS) on \Device\HarddiskVolume1\Windows\System32\shlwapi.dll
b5c.1544: supR3HardenedWinVerifyCacheProcessImportTodos: Processing 'propsys.dll'...
b5c.1544: supR3HardenedWinVerifyCacheProcessImportTodos: 'propsys.dll' -> '\Device\HarddiskVolume1\Windows\System32\propsys.dll' [rcNtRedir=0xc0150008]
b5c.1544: supR3HardenedScreenImage/Imports: cache hit (VINF_SUCCESS) on \Device\HarddiskVolume1\Windows\System32\propsys.dll
b5c.1544: supR3HardenedWinVerifyCacheProcessImportTodos: Processing 'shell32.dll'...
b5c.1544: supR3HardenedWinVerifyCacheProcessImportTodos: 'shell32.dll' -> '\Device\HarddiskVolume1\Windows\System32\shell32.dll' [rcNtRedir=0xc0150008]
b5c.1544: supR3HardenedWinVerifyCacheProcessImportTodos: Processing 'advapi32.dll'...
b5c.1544: supR3HardenedWinVerifyCacheProcessImportTodos: 'advapi32.dll' -> '\Device\HarddiskVolume1\Windows\System32\advapi32.dll' [rcNtRedir=0xc0150008]
b5c.1544: supR3HardenedWinVerifyCacheProcessImportTodos: Processing 'oleaut32.dll'...
b5c.1544: supR3HardenedWinVerifyCacheProcessImportTodos: 'oleaut32.dll' -> '\Device\HarddiskVolume1\Windows\System32\oleaut32.dll' [rcNtRedir=0xc0150008]
b5c.1544: supR3HardenedWinVerifyCacheProcessImportTodos: Processing 'ole32.dll'...
b5c.1544: supR3HardenedWinVerifyCacheProcessImportTodos: 'ole32.dll' -> '\Device\HarddiskVolume1\Windows\System32\ole32.dll' [rcNtRedir=0xc0150008]
b5c.1544: supR3HardenedWinVerifyCacheProcessImportTodos: Processing 'user32.dll'...
b5c.1544: supR3HardenedWinVerifyCacheProcessImportTodos: 'user32.dll' -> '\Device\HarddiskVolume1\Windows\System32\user32.dll' [rcNtRedir=0xc0150008]
b5c.1544: supR3HardenedWinVerifyCacheProcessImportTodos: Processing 'msvcrt.dll'...
b5c.1544: supR3HardenedWinVerifyCacheProcessImportTodos: 'msvcrt.dll' -> '\Device\HarddiskVolume1\Windows\System32\msvcrt.dll' [rcNtRedir=0xc0150008]
b5c.1544: supR3HardenedMonitor_LdrLoadDll: pName=C:\Windows\System32\EhStorShell.dll (rcNtResolve=0xc0150008) *pfFlags=0x0 pwszSearchPath=0000000000002009:<flags> [calling]
b5c.1544: supR3HardenedScreenImage/NtCreateSection: cache hit (VINF_SUCCESS) on \Device\HarddiskVolume1\Windows\System32\EhStorShell.dll
b5c.1544: supR3HardenedDllNotificationCallback: load   00007ffb03840000 LB 0x00037000 C:\Windows\System32\EhStorShell.dll [fFlags=0x0]
b5c.1544: supR3HardenedScreenImage/LdrLoadDll: cache hit (VINF_SUCCESS) on \Device\HarddiskVolume1\Windows\System32\EhStorShell.dll
b5c.1544: supR3HardenedMonitor_LdrLoadDll: returns rcNt=0x0 hMod=00007ffb03840000 'C:\Windows\System32\EhStorShell.dll'
b5c.1544: supR3HardenedMonitor_LdrLoadDll: returns rcNt=0x0 hMod=00007ffb3eb20000 'C:\Windows\system32\rsaenh.dll'
b5c.1544: supR3HardenedMonitor_LdrLoadDll: returns rcNt=0x0 hMod=00007ffb40320000 'C:\Windows\System32\crypt32.dll'
b5c.1544: supR3HardenedWinVerifyCacheScheduleImports: Import todo: #0 'msvcrt.dll'.
b5c.1544: supR3HardenedWinVerifyCacheScheduleImports: Import todo: #1 'rpcrt4.dll'.
b5c.1544: supR3HardenedWinVerifyCacheScheduleImports: Import todo: #14 'combase.dll'.
b5c.1544: supHardenedWinVerifyImageByHandle: -> 0 (\Device\HarddiskVolume1\Windows\System32\OneCoreUAPCommonProxyStub.dll) WinVerifyTrust
b5c.1544: supR3HardenedWinVerifyCacheInsert: \Device\HarddiskVolume1\Windows\System32\OneCoreUAPCommonProxyStub.dll
b5c.1544: supR3HardenedWinVerifyCacheProcessImportTodos: Processing 'combase.dll'...
b5c.1544: supR3HardenedWinVerifyCacheProcessImportTodos: 'combase.dll' -> '\Device\HarddiskVolume1\Windows\System32\combase.dll' [rcNtRedir=0xc0150008]
b5c.1544: supR3HardenedScreenImage/Imports: cache hit (VINF_SUCCESS) on \Device\HarddiskVolume1\Windows\System32\combase.dll
b5c.1544: supR3HardenedWinVerifyCacheProcessImportTodos: Processing 'rpcrt4.dll'...
b5c.1544: supR3HardenedWinVerifyCacheProcessImportTodos: 'rpcrt4.dll' -> '\Device\HarddiskVolume1\Windows\System32\rpcrt4.dll' [rcNtRedir=0xc0150008]
b5c.1544: supR3HardenedWinVerifyCacheProcessImportTodos: Processing 'msvcrt.dll'...
b5c.1544: supR3HardenedWinVerifyCacheProcessImportTodos: 'msvcrt.dll' -> '\Device\HarddiskVolume1\Windows\System32\msvcrt.dll' [rcNtRedir=0xc0150008]
b5c.1544: supR3HardenedMonitor_LdrLoadDll: pName=C:\Windows\System32\OneCoreUAPCommonProxyStub.dll (rcNtResolve=0xc0150008) *pfFlags=0x0 pwszSearchPath=0000000000002009:<flags> [calling]
b5c.1544: supR3HardenedScreenImage/NtCreateSection: cache hit (VINF_SUCCESS) on \Device\HarddiskVolume1\Windows\System32\OneCoreUAPCommonProxyStub.dll
b5c.1544: supR3HardenedDllNotificationCallback: load   00007ffb35330000 LB 0x007d4000 C:\Windows\System32\OneCoreUAPCommonProxyStub.dll [fFlags=0x0]
b5c.1544: supR3HardenedScreenImage/LdrLoadDll: cache hit (VINF_SUCCESS) on \Device\HarddiskVolume1\Windows\System32\OneCoreUAPCommonProxyStub.dll
b5c.1544: supR3HardenedMonitor_LdrLoadDll: returns rcNt=0x0 hMod=00007ffb35330000 'C:\Windows\System32\OneCoreUAPCommonProxyStub.dll'
b5c.11f0: supR3HardenedScreenImage/LdrLoadDll: cache hit (VINF_SUCCESS) on \Device\HarddiskVolume1\Windows\System32\EhStorShell.dll
b5c.11f0: supR3HardenedMonitor_LdrLoadDll: pName=C:\Windows\System32\EhStorShell.dll (rcNtResolve=0xc0150008) *pfFlags=0x0 pwszSearchPath=0000000000000001:<flags> [calling]
b5c.11f0: supR3HardenedMonitor_LdrLoadDll: returns rcNt=0x0 hMod=00007ffb03840000 'C:\Windows\System32\EhStorShell.dll'
b5c.1544: supR3HardNtViCallWinVerifyTrustCatFile: hFile=00000000000018a0 pwszName=\Device\HarddiskVolume1\Windows\System32\cscui.dll
b5c.1544: supR3HardNtViCallWinVerifyTrustCatFile: Cached context 000001d54f07e0d0
b5c.1544: supR3HardNtViCallWinVerifyTrustCatFile: hCatAdmin=000001d54f07e0d0
b5c.1544: supR3HardNtViCallWinVerifyTrustCatFile: cbHash=20 wszDigest=9989A8C0CD9F77A4DD08E602F65D901338E349E1
b5c.1544: supR3HardenedMonitor_LdrLoadDll: returns rcNt=0x0 hMod=00007ffb3eb20000 'C:\Windows\system32\rsaenh.dll'
b5c.1544: supR3HardenedMonitor_LdrLoadDll: returns rcNt=0x0 hMod=00007ffb40320000 'C:\Windows\System32\crypt32.dll'
b5c.1544: supR3HardNtViCallWinVerifyTrustCatFile: WinVerifyTrust => 0x0; cat='C:\Windows\system32\CatRoot\{F750E6C3-38EE-11D1-85E5-00C04FC295EE}\Microsoft-Windows-OfflineFiles-UI-Package~31bf3856ad364e35~amd64~~10.0.19041.5794.cat'; file='\Device\HarddiskVolume1\Windows\System32\cscui.dll'
b5c.1544: supR3HardNtViCallWinVerifyTrustCatFile -> 0 (org 22900)
b5c.1544: supR3HardenedWinVerifyCacheScheduleImports: Import todo: #0 'msvcrt.dll'.
b5c.1544: supR3HardenedWinVerifyCacheScheduleImports: Import todo: #1 'shell32.dll'.
b5c.1544: supR3HardenedWinVerifyCacheScheduleImports: Import todo: #2 'shlwapi.dll'.
b5c.1544: supR3HardenedWinVerifyCacheScheduleImports: Import todo: #27 'rpcrt4.dll'.
b5c.1544: supR3HardenedWinVerifyCacheScheduleImports: Import todo: #38 'user32.dll'.
b5c.1544: supHardenedWinVerifyImageByHandle: -> 0 (\Device\HarddiskVolume1\Windows\System32\cscui.dll) WinVerifyTrust
b5c.1544: supR3HardenedWinVerifyCacheInsert: \Device\HarddiskVolume1\Windows\System32\cscui.dll
b5c.1544: supR3HardenedWinVerifyCacheProcessImportTodos: Processing 'user32.dll'...
b5c.1544: supR3HardenedWinVerifyCacheProcessImportTodos: 'user32.dll' -> '\Device\HarddiskVolume1\Windows\System32\user32.dll' [rcNtRedir=0xc0150008]
b5c.1544: supR3HardenedWinVerifyCacheProcessImportTodos: Processing 'rpcrt4.dll'...
b5c.1544: supR3HardenedWinVerifyCacheProcessImportTodos: 'rpcrt4.dll' -> '\Device\HarddiskVolume1\Windows\System32\rpcrt4.dll' [rcNtRedir=0xc0150008]
b5c.1544: supR3HardenedScreenImage/Imports: cache hit (VINF_SUCCESS) on \Device\HarddiskVolume1\Windows\System32\rpcrt4.dll
b5c.1544: supR3HardenedWinVerifyCacheProcessImportTodos: Processing 'shlwapi.dll'...
b5c.1544: supR3HardenedWinVerifyCacheProcessImportTodos: 'shlwapi.dll' -> '\Device\HarddiskVolume1\Windows\System32\shlwapi.dll' [rcNtRedir=0xc0150008]
b5c.1544: supR3HardenedScreenImage/Imports: cache hit (VINF_SUCCESS) on \Device\HarddiskVolume1\Windows\System32\shlwapi.dll
b5c.1544: supR3HardenedWinVerifyCacheProcessImportTodos: Processing 'shell32.dll'...
b5c.1544: supR3HardenedWinVerifyCacheProcessImportTodos: 'shell32.dll' -> '\Device\HarddiskVolume1\Windows\System32\shell32.dll' [rcNtRedir=0xc0150008]
b5c.1544: supR3HardenedWinVerifyCacheProcessImportTodos: Processing 'msvcrt.dll'...
b5c.1544: supR3HardenedWinVerifyCacheProcessImportTodos: 'msvcrt.dll' -> '\Device\HarddiskVolume1\Windows\System32\msvcrt.dll' [rcNtRedir=0xc0150008]
b5c.1544: supR3HardenedMonitor_LdrLoadDll: pName=C:\Windows\System32\cscui.dll (rcNtResolve=0xc0150008) *pfFlags=0x0 pwszSearchPath=0000000000002009:<flags> [calling]
b5c.1544: supR3HardenedScreenImage/NtCreateSection: cache hit (VINF_SUCCESS) on \Device\HarddiskVolume1\Windows\System32\cscui.dll
b5c.1544: supR3HardenedDllNotificationCallback: load   00007ffaf4600000 LB 0x000cd000 C:\Windows\System32\cscui.dll [fFlags=0x0]
b5c.1544: supR3HardenedScreenImage/LdrLoadDll: cache hit (VINF_SUCCESS) on \Device\HarddiskVolume1\Windows\System32\cscui.dll
b5c.1544: supR3HardenedScreenImage/LdrLoadDll: cache hit (VINF_SUCCESS) on \Device\HarddiskVolume1\Windows\WinSxS\amd64_microsoft.windows.common-controls_6595b64144ccf1df_6.0.19041.6456_none_60b8a6cb71f64256\comctl32.dll
b5c.1544: supR3HardenedMonitor_LdrLoadDll: pName=C:\Windows\WinSxS\amd64_microsoft.windows.common-controls_6595b64144ccf1df_6.0.19041.6456_none_60b8a6cb71f64256\comctl32.dll (Input=comctl32.dll, rcNtResolve=0x0) *pfFlags=0x0 pwszSearchPath=0000000000004001:<flags> [calling]
b5c.1544: supR3HardenedMonitor_LdrLoadDll: returns rcNt=0x0 hMod=00007ffb27120000 'C:\Windows\WinSxS\amd64_microsoft.windows.common-controls_6595b64144ccf1df_6.0.19041.6456_none_60b8a6cb71f64256\comctl32.dll'
b5c.1544: supR3HardenedMonitor_LdrLoadDll: returns rcNt=0x0 hMod=00007ffaf4600000 'C:\Windows\System32\cscui.dll'
b5c.11f0: supR3HardenedScreenImage/LdrLoadDll: cache hit (VINF_SUCCESS) on \Device\HarddiskVolume1\Windows\System32\cscui.dll
b5c.11f0: supR3HardenedMonitor_LdrLoadDll: pName=C:\Windows\System32\cscui.dll (rcNtResolve=0xc0150008) *pfFlags=0x0 pwszSearchPath=0000000000000001:<flags> [calling]
b5c.11f0: supR3HardenedMonitor_LdrLoadDll: returns rcNt=0x0 hMod=00007ffaf4600000 'C:\Windows\System32\cscui.dll'
b5c.11f0: supR3HardenedMonitor_LdrLoadDll: returns rcNt=0x0 hMod=00007ffb3eb20000 'C:\Windows\system32\rsaenh.dll'
b5c.11f0: supR3HardenedMonitor_LdrLoadDll: returns rcNt=0x0 hMod=00007ffb40320000 'C:\Windows\System32\crypt32.dll'
b5c.11f0: supR3HardenedWinVerifyCacheScheduleImports: Import todo: #11 'shcore.dll'.
b5c.11f0: supR3HardenedWinVerifyCacheScheduleImports: Import todo: #12 'rpcrt4.dll'.
b5c.11f0: supHardenedWinVerifyImageByHandle: -> 0 (\Device\HarddiskVolume1\Windows\System32\thumbcache.dll) WinVerifyTrust
b5c.11f0: supR3HardenedWinVerifyCacheInsert: \Device\HarddiskVolume1\Windows\System32\thumbcache.dll
b5c.11f0: supR3HardenedWinVerifyCacheProcessImportTodos: Processing 'rpcrt4.dll'...
b5c.11f0: supR3HardenedWinVerifyCacheProcessImportTodos: 'rpcrt4.dll' -> '\Device\HarddiskVolume1\Windows\System32\rpcrt4.dll' [rcNtRedir=0xc0150008]
b5c.11f0: supR3HardenedWinVerifyCacheProcessImportTodos: Processing 'shcore.dll'...
b5c.11f0: supR3HardenedWinVerifyCacheProcessImportTodos: 'shcore.dll' -> '\Device\HarddiskVolume1\Windows\System32\shcore.dll' [rcNtRedir=0xc0150008]
b5c.11f0: supR3HardenedScreenImage/Imports: cache hit (VINF_SUCCESS) on \Device\HarddiskVolume1\Windows\System32\SHCore.dll
b5c.11f0: supR3HardenedMonitor_LdrLoadDll: pName=C:\Windows\System32\thumbcache.dll (rcNtResolve=0xc0150008) *pfFlags=0x0 pwszSearchPath=0000000000002009:<flags> [calling]
b5c.11f0: supR3HardenedScreenImage/NtCreateSection: cache hit (VINF_SUCCESS) on \Device\HarddiskVolume1\Windows\System32\thumbcache.dll
b5c.11f0: supR3HardenedDllNotificationCallback: load   00007ffb04490000 LB 0x00067000 C:\Windows\System32\thumbcache.dll [fFlags=0x0]
b5c.11f0: supR3HardenedScreenImage/LdrLoadDll: cache hit (VINF_SUCCESS) on \Device\HarddiskVolume1\Windows\System32\thumbcache.dll
b5c.11f0: supR3HardenedMonitor_LdrLoadDll: returns rcNt=0x0 hMod=00007ffb04490000 'C:\Windows\System32\thumbcache.dll'
b5c.1408: supR3HardenedMonitor_NtCreateSection: NtMapViewOfSection failed on 0000000000001920 (hFile=00000000000018fc) with 0xc0000022 -> STATUS_TRUST_FAILURE
b5c.1408: supR3HardenedMonitor_NtCreateSection: NtMapViewOfSection failed on 00000000000018fc (hFile=0000000000001920) with 0xc0000022 -> STATUS_TRUST_FAILURE
b5c.1408: supR3HardenedMonitor_NtCreateSection: NtMapViewOfSection failed on 0000000000001920 (hFile=00000000000018fc) with 0xc0000022 -> STATUS_TRUST_FAILURE
b5c.1408: supR3HardenedMonitor_NtCreateSection: NtMapViewOfSection failed on 00000000000018fc (hFile=0000000000001920) with 0xc0000022 -> STATUS_TRUST_FAILURE
b5c.1408: supR3HardenedMonitor_NtCreateSection: NtMapViewOfSection failed on 0000000000001948 (hFile=0000000000001950) with 0xc0000022 -> STATUS_TRUST_FAILURE
b5c.1408: supR3HardenedMonitor_NtCreateSection: NtMapViewOfSection failed on 0000000000001950 (hFile=0000000000001948) with 0xc0000022 -> STATUS_TRUST_FAILURE
b5c.1408: supR3HardenedMonitor_NtCreateSection: NtMapViewOfSection failed on 0000000000001948 (hFile=0000000000001950) with 0xc0000022 -> STATUS_TRUST_FAILURE
b5c.1408: supR3HardenedMonitor_NtCreateSection: NtMapViewOfSection failed on 0000000000001950 (hFile=0000000000001948) with 0xc0000022 -> STATUS_TRUST_FAILURE
b5c.1408: supR3HardenedScreenImage/NtCreateSection: cache hit (VINF_SUCCESS) on \Device\HarddiskVolume1\Windows\System32\imageres.dll
b5c.1408: supR3HardenedMonitor_NtCreateSection: NtMapViewOfSection failed on 0000000000001948 (hFile=0000000000001950) with 0xc0000022 -> STATUS_TRUST_FAILURE
b5c.1408: supR3HardenedMonitor_NtCreateSection: NtMapViewOfSection failed on 0000000000001950 (hFile=0000000000001948) with 0xc0000022 -> STATUS_TRUST_FAILURE
b5c.1408: supR3HardenedMonitor_NtCreateSection: NtMapViewOfSection failed on 0000000000001948 (hFile=0000000000001950) with 0xc0000022 -> STATUS_TRUST_FAILURE
b5c.1408: supR3HardenedMonitor_NtCreateSection: NtMapViewOfSection failed on 0000000000001950 (hFile=0000000000001948) with 0xc0000022 -> STATUS_TRUST_FAILURE
b5c.a54: supR3HardenedDllNotificationCallback: Unload 00007ffb04ab0000 LB 0x0000d000 C:\Program Files\Oracle\VirtualBox\VBoxGuestPropSvc.DLL [flags=0x0]
b5c.2790: supR3HardenedDllNotificationCallback: Unload 00007ffb08020000 LB 0x0000c000 C:\Program Files\Oracle\VirtualBox\VBoxGuestControlSvc.DLL [flags=0x0]
b5c.22f4: supR3HardenedDllNotificationCallback: Unload 00007ffb03820000 LB 0x00016000 C:\Program Files\Oracle\VirtualBox\VBoxSharedFolders.DLL [flags=0x0]
b5c.1190: supR3HardenedDllNotificationCallback: Unload 00007ffb0d3d0000 LB 0x0000d000 C:\Program Files\Oracle\VirtualBox\VBoxDragAndDropSvc.DLL [flags=0x0]
b5c.18c0: supR3HardenedWinVerifyCacheScheduleImports: Import todo: #0 'msvcrt.dll'.
b5c.18c0: supR3HardenedWinVerifyCacheScheduleImports: Import todo: #23 'rpcrt4.dll'.
b5c.18c0: supR3HardenedWinVerifyCacheScheduleImports: Import todo: #24 'oleaut32.dll'.
b5c.18c0: supHardenedWinVerifyImageByHandle: -> 22900 (\Device\HarddiskVolume1\Windows\System32\edputil.dll)
b5c.18c0: supR3HardenedWinVerifyCacheInsert: \Device\HarddiskVolume1\Windows\System32\edputil.dll
b5c.18c0: supR3HardenedDllNotificationCallback: load   00007ffb0ba60000 LB 0x00024000 C:\Windows\SYSTEM32\edputil.dll [fFlags=0x0]
b5c.18c0: supR3HardenedScreenImage/LdrLoadDll: cache hit (22900) on \Device\HarddiskVolume1\Windows\System32\edputil.dll [avoiding WinVerifyTrust]
b5c.18c0: supR3HardenedDllNotificationCallback: Unload 00007ffaf19e0000 LB 0x00022000 C:\Program Files\Oracle\VirtualBox\VBoxSharedClipboard.DLL [flags=0x0]
b5c.2e20: supR3HardenedDllNotificationCallback: Unload 00007ffad2040000 LB 0x00afd000 C:\Program Files\Oracle\VirtualBox\VBoxDD.DLL [flags=0x0]
b5c.2e20: supR3HardenedDllNotificationCallback: Unload 00007ffb0c3d0000 LB 0x00075000 C:\Program Files\Oracle\VirtualBox\VBoxDDU.dll [flags=0x0]
b5c.2e20: supR3HardenedDllNotificationCallback: Unload 00007ffad11e0000 LB 0x00e5e000 C:\Program Files\Oracle\VirtualBox\VBoxDD2.dll [flags=0x0]
b5c.2e20: supR3HardenedDllNotificationCallback: Unload 00007ffb3ef00000 LB 0x0003b000 C:\Windows\SYSTEM32\IPHLPAPI.DLL [flags=0x0]
b5c.1408: supR3HardenedDllNotificationCallback: Unload 00007ffad2b40000 LB 0x005b7000 C:\Program Files\Oracle\VirtualBox\VBoxVMM.DLL [flags=0x0]
b5c.1408: supR3HardenedDllNotificationCallback: Unload 00007ffb04490000 LB 0x00067000 C:\Windows\System32\thumbcache.dll [flags=0x0]
b5c.1408: supR3HardenedDllNotificationCallback: Unload 00007ffb0bb50000 LB 0x000eb000 C:\Program Files\Oracle\VirtualBox\VBoxProxyStub.dll [flags=0x0]
b5c.1408: supR3HardenedDllNotificationCallback: Unload 00007ffb2e6c0000 LB 0x00014000 C:\Windows\system32\wbem\wbemsvc.dll [flags=0x0]
b5c.1408: supR3HardenedDllNotificationCallback: Unload 00007ffb396d0000 LB 0x00011000 C:\Windows\system32\wbem\wbemprox.dll [flags=0x0]
b5c.1408: supR3HardenedDllNotificationCallback: Unload 00007ffb04760000 LB 0x0003e000 C:\Windows\system32\dataexchange.dll [flags=0x0]
b5c.1408: supR3HardenedDllNotificationCallback: Unload 00007ffb3c200000 LB 0x001e4000 C:\Windows\system32\dcomp.dll [flags=0x0]
b5c.1408: supR3HardenedDllNotificationCallback: Unload 00007ffb393b0000 LB 0x00203000 C:\Windows\system32\twinapi.appcore.dll [flags=0x0]
b5c.1408: supR3HardenedDllNotificationCallback: Unload 00007ffb35330000 LB 0x007d4000 C:\Windows\System32\OneCoreUAPCommonProxyStub.dll [flags=0x0]
b5c.1408: supR3HardenedDllNotificationCallback: Unload 00007ffae5c00000 LB 0x00435000 C:\Program Files\Oracle\VirtualBox\VBoxC.dll [flags=0x0]
b5c.1408: supR3HardenedDllNotificationCallback: Unload 00007ffb2f6c0000 LB 0x0010c000 C:\Windows\system32\wbem\fastprox.dll [flags=0x0]
b5c.1408: supR3HardenedDllNotificationCallback: Unload 00007ffb3a080000 LB 0x00090000 C:\Windows\SYSTEM32\wbemcomn.dll [flags=0x0]
b5c.1408: Terminating the normal way: rcExit=0
1c6c.cac: supR3HardNtChildWaitFor[2]: Quitting: ExitCode=0x0 (rcNtWait=0x0, rcNt1=0x0, rcNt2=0x103, rcNt3=0x103, 104302 ms, the end);
c54.c44: supR3HardNtChildWaitFor[1]: Quitting: ExitCode=0x0 (rcNtWait=0x0, rcNt1=0x0, rcNt2=0x103, rcNt3=0x103, 105331 ms, the end);
